test_index,input_hash,expected,predicted,correct,duration_ms,train_overlap
2560,c808300eeab8b4460c47adc4c4205b8b48fe7ed6b99fe6a589d365815c5e0361,wrong_exchange_rate_for_cash_withdrawal,wrong_exchange_rate_for_cash_withdrawal,True,0.6422000005841255,False
178,447d19ba6ef78aff6d36fcc319e78a876ef7cf27f243d4446dedf213eb3e5571,extra_charge_on_statement,card_payment_fee_charged,False,0.3549999964889139,False
2956,d24deabb1768ea62a5fcc2832761a82a25da22192d729d12e55aa4f40b3afe3a,card_about_to_expire,card_about_to_expire,True,0.2209999947808683,False
474,44563b4f8aa2c72d578fb2ee3a4ed604d8a486d53ab14eef7a8c1e0a9b0558b2,lost_or_stolen_card,lost_or_stolen_card,True,0.2575000034994446,False
2385,11799283473b915f77d38ff5704d7b78190e25454b33eeb1250f45f37ac7b24d,verify_top_up,verify_top_up,True,0.3159000043524429,False
1841,8b5d7bb523dbc5aa846e147d0008b720c6a761c022cd35fe1a5c15e2a59d399a,pending_transfer,transfer_timing,False,0.2674999996088445,False
960,ff1bc16e453746f4a247199f1372b8f31e73a457f54b54d915e50ed62a9ffa4d,card_acceptance,card_acceptance,True,0.30839999817544594,False
1598,f013e4fd19bbee46687f72152d6a6c83904764c52b6928f2bf1e02d29091eb16,declined_cash_withdrawal,declined_cash_withdrawal,True,0.3656999979284592,False
829,f75e44bb006b64fb0c03b9f215bb2b92ce1bc283fa3585e32788d01ee796d422,card_payment_fee_charged,card_payment_fee_charged,True,0.9839000049396418,False
340,c6ed4f9d58af854fd5063818514e7ab4029befa8fc4fb3990d7bbd4f37ddb4a2,automatic_top_up,top_up_limits,False,0.2854999984265305,False
566,4cc377cd9db3923025421abb4a83821957aaa24dfd66c2fac7b881b26e1ec00c,contactless_not_working,card_payment_fee_charged,False,0.5911000043852255,False
220,c95f959fa1fb4c4b971cdf1afed77233ddfd18f355efe99b0f4b373fe839cef0,pending_cash_withdrawal,pending_cash_withdrawal,True,0.2739000046858564,False
932,a0644c6f09fbfff899423ffe549268a14d04588b11285e4bcf40a077f2920928,getting_virtual_card,getting_virtual_card,True,0.2193000036641024,False
1961,8d960f0c39db346a7260ca622324c73a37af1eaea024e52b540d689a84979f58,transaction_charged_twice,transaction_charged_twice,True,0.8792000007815659,False
550,f82fd6fcd919da387c89cbe6f575480e15e6979bdcba3b509ab0c3fb7c7592d7,pin_blocked,pin_blocked,True,0.24119999579852447,False
1484,311a2310f66b7b8e843d076427c36ca299594c25b7b2355dd78ac62ead57f708,direct_debit_payment_not_recognised,extra_charge_on_statement,False,0.2375999974901788,False
1909,b9a21435a6e72e94c49e2785f10eeeba43357bbe9c314a04144263fae20e99ec,terminate_account,terminate_account,True,0.1908999984152615,False
1272,f5f07cf5453639dec038eb06b38ee6fb97636641cb6b554c035ebafb36b6b706,get_physical_card,get_physical_card,True,0.21980000019539148,False
645,c5e9b2a9dca88130916001a684efb27e4b710360fc84a2c0a6b1634f9e7d0fd1,pending_top_up,pending_top_up,True,0.19639999663922936,False
2799,af60f3e43b4b98534ca0173b35f35cebc9109037d110e02c9b72f5e6583117ca,exchange_charge,exchange_charge,True,0.2234999992651865,False
163,5695869dc881eb4708bdf467a814a711ba218cbc4618138582d09b0c92f7ad4c,extra_charge_on_statement,extra_charge_on_statement,True,0.42159999429713935,False
1983,788a8f11192ce56ece4292eff85120ec84460972d46b80a2b96b278c80ea604b,transaction_charged_twice,transaction_charged_twice,True,0.4769000006490387,False
354,3efcff6f73d4a5c1f68ba12c7a1f4140e7fd77f178219e3db75133dd3ad51185,automatic_top_up,automatic_top_up,True,0.3586000020732172,False
349,3fc634d52b17f21e8945930070819acc354c4840bb0a7443b8a73703f59f76f4,automatic_top_up,top_up_failed,False,0.6968999950913712,False
1506,af4c034f199d60474069385e7c3dfb1921a9984cd25f034cf5a326ffdc6b7aea,direct_debit_payment_not_recognised,direct_debit_payment_not_recognised,True,0.7372000036411919,False
271,58558727159d2c89e92201631304056acc27434bb1b44afe0d426d94c4269112,fiat_currency_support,exchange_via_app,False,0.2973000009660609,False
834,f88c583220f0455eba51462e6f6b6a19e60254a9aa07b216d9e8543ef45c90af,card_payment_fee_charged,card_payment_fee_charged,True,0.36670000554295257,False
881,5b6d405b9e96131d1a30c88d311ef9b1b592142e099b6df2cb7398c12f571153,supported_cards_and_currencies,supported_cards_and_currencies,True,0.31680000392952934,False
504,16bc1487ef767b7c04b69c6f6531d179042a18165c1c68f15e778e1a6a63d697,age_limit,age_limit,True,0.27009999757865444,False
377,e574e91c27413c05af452ed93195ab0ff14f8654652af10a6763e5daa489d81d,card_not_working,declined_card_payment,False,0.5064999932073988,False
70,56629430ef1b876998176d64daf6fb71c5c2840aea89a679be439163590533f9,card_linking,card_linking,True,0.36040000122739,False
2899,8c618c60adb6e1eddacdcdc9434ae3f7e9988eb36e2083263f1a44ba91f5478b,cash_withdrawal_charge,cash_withdrawal_charge,True,0.3915999986929819,False
1965,f3f803eea88e32e6abd6fccfe3811cd58ad151e635940e577a447124d31b6627,transaction_charged_twice,transaction_charged_twice,True,0.28870000096503645,False
2944,0dff8c0f51ae34321ddfec3d715b8c68ee78ceabb1e7bed40f1a5ce4ac08c3f2,card_about_to_expire,card_about_to_expire,True,0.3738000013981946,False
770,16d712fb711b6943219ac9349bc845bcbd05e667141fc24f8fb93ca642a3990a,wrong_amount_of_cash_received,wrong_amount_of_cash_received,True,0.6749000021954998,False
957,ae39e5c745359b003e1abce8c3146a1b8d5f2be94416366ddd932e7e5c9aac55,getting_virtual_card,getting_virtual_card,True,0.24620000476716086,False
2916,399bea37592a821cb24150a31e0607c468dd479404ef9614ff8ae28579318906,cash_withdrawal_charge,cash_withdrawal_charge,True,0.30669999978272244,False
1637,30c1dac4065534516d34f2d2128317fb655a7959bc3095801f5545b849c83083,pending_card_payment,pending_card_payment,True,0.8260999966296367,False
2371,c13e8004350b1a8e7f99a2148b42227038849337747ffc3b4a0f114adc7413ac,verify_top_up,verify_top_up,True,0.31799999851500615,False
2818,48cb0313d9c3f1a1c3482416a8dd3baaea8f63ece1db1b1b661c759e042e0eeb,top_up_by_card_charge,top_up_by_card_charge,True,0.3836999967461452,False
2508,46f0405185e7668819713ba04afd8957bff5eb27834e50013b20f92749220b11,order_physical_card,order_physical_card,True,0.21949999791104347,False
2894,87915dfa5499e78dff49e9165728dc3564dabaecd3f65cb13a83c650e2cf0784,cash_withdrawal_charge,cash_withdrawal_charge,True,0.28530000417958945,False
1798,4025664e8472ae218e6c6e688dfda2fb45a43746a8c865a5d6560b344f7565f4,Refund_not_showing_up,transfer_timing,False,0.2925000007962808,False
3043,7baf3183821be9216fd09f2defb8e32d6ce50e0a7b609ad54f64559af7b277fa,country_support,country_support,True,0.17799999477574602,False
2734,7fb21bccd3783e55c0532af8cb32ea8caa2aa4c92f8c3746ccddc92108c28fab,cash_withdrawal_not_recognised,cash_withdrawal_not_recognised,True,0.40079999598674476,False
2309,ac476367b665d6ced7e2957ee3bb82960795a265a232643b7e71b5998a5ca9e1,failed_transfer,failed_transfer,True,0.6131999980425462,False
1146,cf5b821d0e11f34ed7ff46c9f344ec57ba1a842429235c5d0421e609d28baa35,edit_personal_details,edit_personal_details,True,0.2496999950380996,False
1710,3c84de6a345ca1a09d496f9f2440a66436d7fdd3fb53b28c86badbcb5ca493ea,request_refund,request_refund,True,0.5463000052259304,False
2906,b95686a0d4c1c2c48c797a46b9e32f1de0928c67e274586736c6a5a4f8d65c47,cash_withdrawal_charge,cash_withdrawal_charge,True,0.33200000325450674,False
2096,f8affa04cdb60de13255edfdfe5501650cc66d4f361f10a7d295e99e239b5f40,reverted_card_payment?,reverted_card_payment?,True,0.27799999952549115,False
338,6f7b012c9e8f89d96e77752cae7db85e351294a1b6321dfb7fe26ec24752d0e7,automatic_top_up,automatic_top_up,True,0.2175999979954213,False
260,f7b58433e9b211a8270c85b0cbe8fc39e889f4a65e1fcf76e403711515d52d0f,fiat_currency_support,fiat_currency_support,True,0.26670000079320744,False
339,ae1216fc9184444b69a56b81584b33328a6ccda91887baf5b21afdbfa5fbcb85,automatic_top_up,direct_debit_payment_not_recognised,False,0.46660000225529075,False
186,699aa0e60b4355101cf11d0c4814032d592ffcdc49d25910a4631fb09090e0a0,extra_charge_on_statement,extra_charge_on_statement,True,0.4842999987886287,False
215,400a9414f5015c757281a14962bf186e7606871f28eaaace364bccaf205031b6,pending_cash_withdrawal,pending_cash_withdrawal,True,0.22950000129640102,False
1313,b5084220cef0181a876ddb14b343f56c8ab9a9e3e36822959863d88039cd2679,visa_or_mastercard,visa_or_mastercard,True,0.27639999461825937,False
1094,e4404b9b9631bb55502eccc49cc2ecaacfa39238bda14259baf57e66eb304540,card_payment_not_recognised,card_payment_not_recognised,True,0.2367999986745417,False
1131,fb07855d48aa3a768097afc2d181458aaee01b1d7eb9c615dd015a0cd32ed58c,edit_personal_details,edit_personal_details,True,0.23710000095888972,False
1119,ce2efb6aae522acd823cb94a26697bda6704041a7a764b6fb96f19782ab07a66,card_payment_not_recognised,card_payment_not_recognised,True,0.469600003270898,False
894,689c9138e2ab5c2da892d2c98bb4abbe2c918ba6ab94cad789e7c9553fdbbd18,supported_cards_and_currencies,supported_cards_and_currencies,True,0.43169999844394624,False
2710,4520f0457e92c0b4d09b7c2baa392d9c9da3683dfd323508041ca5ecda185aaf,balance_not_updated_after_bank_transfer,balance_not_updated_after_bank_transfer,True,0.7022999998298474,False
487,f8ef619d2454835ef547d23b592df7a39875f7359269cbb4f58b1e81807e4bc9,age_limit,age_limit,True,0.33969999640248716,False
1897,dcb1dd72744bb08b83de09de51ea16a6ecafb8cd2779f7e9a28c5978a503d692,terminate_account,terminate_account,True,0.34359999699518085,False
2806,cfa1710bd1413dd080f75a5a146423103465982696c621eaceb4f7b194d0e017,top_up_by_card_charge,top_up_by_card_charge,True,0.2241000038338825,False
1971,5e91d61cd530b9f97f623feab16a96fdd207950ca2af09a20781d15332fb0faa,transaction_charged_twice,transaction_charged_twice,True,0.19669999892357737,False
1113,e836b3104852fec0c140c27ffbc6f05d6cee8b6be657490ba9196a3e1bbeca89,card_payment_not_recognised,card_payment_not_recognised,True,0.7326999984798022,False
2201,0c2e9f6deb52265356193618a4a786a060baf4e943ffdc8a8effb8ed923d1946,transfer_fee_charged,transfer_fee_charged,True,0.3054000044357963,False
664,81e00bbc34d609bfa9f06a6bd57644ed7d081ff532ab5cfdd508a807c60b57d7,pending_top_up,pending_top_up,True,0.7694000014453195,False
1298,85567d46f17237d6623f6343101c4e17da50a68ef2ee885b4d493ab64ade79ae,visa_or_mastercard,visa_or_mastercard,True,0.39060000563040376,False
1979,4100881bd909909141bc2d61abf6ce98a88496f085f0b437cf9b2864344d5977,transaction_charged_twice,transaction_charged_twice,True,0.4428999964147806,False
774,a656702a2d88988e990f2ff93624a07945105ce091a1ff12709b69d54f50cfea,wrong_amount_of_cash_received,wrong_amount_of_cash_received,True,0.3512999974191189,False
507,5ce6570dc64852ad7d3267abe03a237fe9d8ad8ab23855fe221fa3f7e0f01b04,age_limit,age_limit,True,0.39090000063879415,False
903,aef13152c91a93699ddc7e96e2e85f08b1f068eeab34fe9396ece83cf356a246,supported_cards_and_currencies,supported_cards_and_currencies,True,0.4848000025958754,False
2107,f18c35877a948fa9f56bdd8a3406a2a5a2668833fc1a4f268bd682337ccef7cc,reverted_card_payment?,reverted_card_payment?,True,0.26900000375462696,False
689,83d9e4f39ebc8996a6c02df142cf3a8be60ae1f813cc62d8aa32df8810d10615,cancel_transfer,cancel_transfer,True,0.22059999901102856,False
1464,5cad81fd0711bb773fba554cf14f044b4107b7bd4d5727e1b8bdc2fee934c375,atm_support,atm_support,True,0.23350000265054405,False
2148,3acfda492a5cc981d9a21d52345cce955628b2db7dc86103d3b537fea1242d92,change_pin,change_pin,True,0.2565000031609088,False
2251,55b9eac4fcff5ef2ecea37ea3c0a0ac735f9db83190ea6f1a76fa20423d72b89,receiving_money,receiving_money,True,0.22809999791206792,False
3008,8fdea89e467b9ae912a32b3f2433866e9441506a00ab17d317635621e896a129,verify_my_identity,verify_my_identity,True,0.3723999980138615,False
1632,848e19d060b8fe891a413b681a592aba7e985e6d8cd400ab25cd2999d96a7805,pending_card_payment,pending_card_payment,True,0.6642000007559545,False
2757,efcb338c25913aa3d4c8c2d945f1e77c62bb04ffb0eee2c58f252200f534c6c1,cash_withdrawal_not_recognised,cash_withdrawal_not_recognised,True,0.378400000045076,False
2697,70954a6ebf9dfe886f453cd970119aa311238a5c3ce15d57d4a4e913509c797c,balance_not_updated_after_bank_transfer,balance_not_updated_after_bank_transfer,True,0.32980000105453655,False
1068,c1655ee6a92ebbc7531971dbb67f9e82f88a3c94e0f828a7e0d1b96b95b2d735,balance_not_updated_after_cheque_or_cash_deposit,balance_not_updated_after_cheque_or_cash_deposit,True,0.451300002168864,False
1633,06a9057a2454b7481f226fba9af06dec66f9848766d85d0922cac58662a304e9,pending_card_payment,pending_card_payment,True,0.43510000250535086,False
1984,90c6e4e0875bd09000b606ae66554e638ceabe92f5a2fdfec9826c7ce6cb3518,transaction_charged_twice,transaction_charged_twice,True,0.6505000055767596,False
1986,199c8b0b79b04351ea75fec9f932593d4395423876bf2bddc01cb901b873e930,transaction_charged_twice,transaction_charged_twice,True,0.35660000139614567,False
2865,bee4a18ca8747ba4c90922800ca3be5670dbf3455e2331ebf78f0fb58278e42e,activate_my_card,card_delivery_estimate,False,0.23079999664332718,False
2921,13fdd3517796cf02f323ec79b12667ab29a007396cab05e9f6431087b265244d,card_about_to_expire,card_about_to_expire,True,0.32389999978477135,False
719,947e7b2917fb31e854405e30b579681ee9ee774c15ffc666d95c19257e141e17,cancel_transfer,cancel_transfer,True,0.28819999715778977,False
415,a8ea7bb83dd7a46f954993eb9445eb6866ae3a6e57d2785d27bd8460e64f025a,exchange_via_app,exchange_via_app,True,0.2647000001161359,False
2692,91c65a929411bb4aeab753c1a2504760fd2790e7e7dc87b6303945879408a65d,balance_not_updated_after_bank_transfer,balance_not_updated_after_bank_transfer,True,0.8111999995890073,False
2329,8d7d0233037c0564a0a507d75856a04f0f08ba34527736b336d53271743b7fbb,transfer_into_account,transfer_into_account,True,0.26980000257026404,False
346,664412d2c37dd38b3a9b126a10ebdd8c6493f0bca3e0e77ccc467921420780d9,automatic_top_up,automatic_top_up,True,0.4034000012325123,False
2784,c312af252ab88a568905c2be3a2511fca640c078bffeeda47f542e59d81f29ec,exchange_charge,exchange_via_app,False,0.29830000130459666,False
2934,0045def069a89b2924cafd0684e57f362987caf7a54650ba02c955d8496f2aa9,card_about_to_expire,card_about_to_expire,True,0.26700000307755545,False
2345,108af0d0016c227e3c8769d89191151e8552d3200e31acc2562e00c335eefb0d,transfer_into_account,transfer_into_account,True,0.5955000015092082,False
745,50eebce817b83e4f5970d3644aa07dfb313a1a508a3e9db857a7f830ee7d4b3e,top_up_limits,top_up_limits,True,0.2744000012171455,False
663,530197f001bcca4f38d2a54a0e8b470a4bc63be221ae54f4504883136efe0191,pending_top_up,pending_top_up,True,0.246899995545391,False
158,d01884eb8afa50254c9346d94d305e87ff6838dcecf237b21ab14fdacd2da837,card_payment_wrong_exchange_rate,card_payment_wrong_exchange_rate,True,0.950000001466833,False
1918,9ebedb53d1b815350255bb62695224f0e63c3aac4312073d88270164a94ae2fa,terminate_account,terminate_account,True,0.40869999793358147,False
2261,5934f576caaf9d8f559c55059831d627602ccb87369e92441f56d3fc6bd0330d,receiving_money,receiving_money,True,0.2742000069702044,False
498,2277a22e3682e09170e43db26b3674d5fff567f22f7e4039cd04d66e51920877,age_limit,age_limit,True,0.3007000050274655,False
632,c4454c234fbd8aee632b11d346d4112a2f0197aef3f08dbf51654730a0d4f8c4,top_up_by_bank_transfer_charge,failed_transfer,False,0.2986000035889447,False
743,40804c4ee8ac41dd6bb20986060b77192fef2da74ec0b7777c8e670e24c78d46,top_up_limits,top_up_limits,True,0.22619999799644575,False
1331,0efa711dd9b51f2a50536aa56f6e44da48be18619f27f06a842f032404dca017,topping_up_by_card,balance_not_updated_after_cheque_or_cash_deposit,False,0.49310000031255186,False
1137,3b702dd0452b9c4379ebabc4375b44d7ee3e368f9f1af98b3c856f37a3cf1e4e,edit_personal_details,edit_personal_details,True,0.3051000021514483,False
1714,f908f664359444cf593a2adf3ad307d3a6ee8af9ef1232716ea19ceb4acc90d1,request_refund,request_refund,True,0.534200000402052,False
620,bf73a2621409daa277e30385148508f1727ac233aa36fb4918998e71baa7d842,top_up_by_bank_transfer_charge,top_up_by_bank_transfer_charge,True,0.2553000012994744,False
261,3bc3c51550c59b531b94ebc6c2bb8c04461f64ecae1efeb051ec3574afa0dc6a,fiat_currency_support,fiat_currency_support,True,0.2998000054503791,False
1795,0c092d3bab798d12fcf0439bfd59b72fa7072d69e64d9774cd7e01f18bb429f0,Refund_not_showing_up,Refund_not_showing_up,True,0.7907999970484525,False
1526,c32989a7999a7ea0fbcc2d440e30643138354f699bf2d6f8655e7fd6b7cbefc3,passcode_forgotten,card_payment_wrong_exchange_rate,False,0.25460000324528664,False
3052,3d5eea5abb7b01469d279bc60669beaff209ac38ec086fd5070fa6320d6d54e2,country_support,country_support,True,0.21230000129435211,False
535,61253937f324d9d64443f3b7d06839bcffa1f5c00f52e95cfa8f4e56349cabb8,pin_blocked,pin_blocked,True,0.4346999994595535,False
582,bcec5f58c56957ad51febcc8296ac48fd387df9d8e8227fbbd19756cf7bcfa30,contactless_not_working,declined_cash_withdrawal,False,0.6692000024486333,False
2542,9437290b015a8ceba785d273eef5196fef9ecd48c4de33229bcb79220e75401a,virtual_card_not_working,get_disposable_virtual_card,False,0.32500000088475645,False
2085,95155a71f9221611749b00b6211187d1ed63e6dbe89fb4cc37960b999c74f7cd,reverted_card_payment?,reverted_card_payment?,True,0.29290000384207815,False
1395,aad7a57423d1755f1863df78d9c22b09f8ffed28934768700a700879087ccb62,disposable_card_limits,disposable_card_limits,True,0.3001000004587695,False
2350,2c07a740ab386acefc22bc0243ac4c002253f45e44e156febef5e9debb641211,transfer_into_account,transfer_into_account,True,0.4528999998001382,False
2947,321282eb95a639bfb8c55ddbec7af068b18889150e41661adbb98eefa5e5fea2,card_about_to_expire,card_about_to_expire,True,0.3212999945390038,False
402,9cbf785c19109671ccc5389d64c0624e0fbc61c479805291bace868f67b1ee09,exchange_via_app,exchange_via_app,True,0.27830000180983916,False
2298,995bb797fc6ddfae1103d7809d62ffe890294721a458ecf50ef94f81af7645bf,failed_transfer,failed_transfer,True,0.6554999999934807,True
113,9dfbb45a5ceaad8ff8cb88c56966d14386723e148d9479190e455a2ad378160d,exchange_rate,exchange_rate,True,0.2872000040952116,False
1510,6b8eb01ea3e142ca51b8f80767f758441eebdeba1a136cb762c48532bea25f7d,direct_debit_payment_not_recognised,direct_debit_payment_not_recognised,True,0.9037000054377131,False
1303,b65c4c1d976273d133f6f6a31fb5a53f895d8c499466e0fc4d70bdc38c8671b2,visa_or_mastercard,visa_or_mastercard,True,0.29800000629620627,False
2839,e5370fc9a1658da1bf24d469e251e4219373419d1ba8b993b44577747f6f0cb4,top_up_by_card_charge,top_up_by_card_charge,True,0.3025999976671301,False
1025,61a98e04cace4c91bfc0cb8ab88570f73e63f4bb694bfcea8739a3f60a2166f3,top_up_reverted,top_up_failed,False,0.37620000512106344,False
2873,e61e7d14a23a00c77fbdd66caa521bfed11723f2d447af32a0ad03576671c12f,activate_my_card,activate_my_card,True,0.46290000318549573,False
1001,f3cc1eff85469c0f23b1b083827059a11005b3551f45831c5768107bf1d256f3,top_up_reverted,top_up_reverted,True,0.2734000008786097,False
651,3c32cbad153752b47b87c25f8b0082b328e4f6d4cf81001696295d77561c78ba,pending_top_up,pending_top_up,True,0.9715999985928647,False
2430,04c1dad35cc55eb011e5c4635b75209ebfaadabfa5e020c06b2f5582b025cffa,getting_spare_card,disposable_card_limits,False,0.25860000459942967,False
30,455d7aa3644b440858b6ddc3315677791883813c4ac17bfcebfbf1bbe1c821b7,card_arrival,card_arrival,True,0.22819999867351726,False
898,cc06e579ec1d1b4c8d74cbf63f3cb6c6026db4e4373d9ad64cb7ca68f0a2a8b9,supported_cards_and_currencies,transfer_into_account,False,0.3462000022409484,False
1671,5d4e8712e60476c6a7e4f051a5ac9b738b2593b4d205e35ba6da62a4973f0f4e,lost_or_stolen_phone,lost_or_stolen_phone,True,0.17740000475896522,False
920,38f3d70f6905732f3b7eb2b8664d1b5949ace19df6b085b9638c58e688bb77bf,getting_virtual_card,getting_virtual_card,True,0.2523000002838671,False
1948,dce1c71d14caa61e98a89b430f7a786008a98a0cb2e6077bdbe1a2c6f999f0bd,card_swallowed,card_about_to_expire,False,0.29460000223480165,False
2498,52b16b161a17ae582c6898dc74b4cf1b7e4700a3d9feea643a8df77a52e2d7f7,order_physical_card,order_physical_card,True,0.2626999994390644,False
2110,d6d8da943d6d8f87517b77aba392fa3195619d35ec5b22dcbc21ebac151bb1ce,reverted_card_payment?,reverted_card_payment?,True,2.059200000076089,False
2765,846bbcc89713aec467d01c087197a9ee91e4fefc2c5b93f391dee24963ce088e,exchange_charge,wrong_exchange_rate_for_cash_withdrawal,False,0.5289999971864745,False
798,1b8fe51ff2b1cb14dfb41fc377144cf54bda65f645445f9b761921c5dfe48260,wrong_amount_of_cash_received,wrong_amount_of_cash_received,True,0.2725000013015233,False
1187,6afa331f43ceeb69cc29ee4edc6d2f48e7c6f80b225f140ee2669786efba22b7,why_verify_identity,unable_to_verify_identity,False,0.2294000005349517,False
1335,fc1b115059d30759a9268197ac0a0fa380ee7cf44ad36d4903d24adb0e14353c,topping_up_by_card,topping_up_by_card,True,0.2973000009660609,False
2253,1c419711f2840e2b577d658acb3dfc9c37686a4b63e6e96f55e40522392e0cee,receiving_money,cancel_transfer,False,0.37599999632220715,False
1211,d8b3a822603160ae2e2701480974b7dbc28a8c2154158b0ecf6088f288e8ca73,unable_to_verify_identity,unable_to_verify_identity,True,0.2275000006193295,False
2488,14f23ef89e3c6d244e3a771dac1c207e6745dcd0fd7b96d2a7704afff1703481,order_physical_card,order_physical_card,True,0.21710000146413222,False
748,cc9242ad3d579ba388c87cc287506f0aaddced4ff9f2e7d4296f70e8c79eaef3,top_up_limits,top_up_limits,True,0.24149999808287248,False
1268,746b391ee37c1e66a5e7ca76905a03cf247bd48097a8b292b27044d513c17d69,get_physical_card,get_physical_card,True,0.22909999825060368,False
1542,1dbdd335cbc51e5c3f8c6fc35538c16bab9fd522e88f55bf1fd7d82c04d1cd53,passcode_forgotten,passcode_forgotten,True,0.22570000146515667,False
1330,102aea88aefc17bd2dbf2c10b7e3485bb493cd028a5a050ff58ad571004b9873,topping_up_by_card,topping_up_by_card,True,0.578399994992651,False
1520,0182174c7daf28cc2131f16e958f85c5ed1bca0ea6eac2dd7c5560cca7bb1770,passcode_forgotten,passcode_forgotten,True,0.4760000010719523,False
1875,8437ddcca2554fff017b48168ba54ed7673d3c8582e67a1ce0df4b96bffe1732,pending_transfer,pending_transfer,True,0.5546999964280985,False
1045,019023c6e7dac24bb4a6ba1fb9e34c24aab38905cedb6d74929ea600b460deca,balance_not_updated_after_cheque_or_cash_deposit,balance_not_updated_after_cheque_or_cash_deposit,True,0.21349999587982893,False
1173,9be91fa86b81401f67b717113da4180f278ab79d70c21da3dd70b97d57645651,why_verify_identity,why_verify_identity,True,0.38109999877633527,False
782,ea6ccfa4146e7e05212cb005dae2b75a375acc1efffa2c1d8f93571a2bcbbcaf,wrong_amount_of_cash_received,wrong_amount_of_cash_received,True,0.6522000039694831,False
2280,5d4d17c84c874b92786be19cf7742d894717047739b4e8ca676965308db0cbe1,failed_transfer,failed_transfer,True,0.3846000035991892,False
804,36ad5d0e1d67f8736eca01b1374e995455e8ca4401bfbf5ab06907dd8d8767d5,card_payment_fee_charged,card_payment_fee_charged,True,0.6701999955112115,False
2258,5ed1717bf0f987ca2f52414d6ddc894207bd54942a596045234215b5b30c04b6,receiving_money,transfer_into_account,False,0.2978999982587993,False
1237,5e4a3d37008a35f70e57249b51d86fe2f98bbb57fb96c3f257fe5ae8626e058d,unable_to_verify_identity,why_verify_identity,False,0.25240000104531646,False
569,d1f93f11d18f70eae141a5fc3da925a27cde4abec4a734430a4dc17199396156,contactless_not_working,declined_card_payment,False,0.5948000034550205,False
1762,fad7b26d3e88893bf9277dcc9c10a50daa2e5fe00b619cca8b79f2f6dd095849,Refund_not_showing_up,request_refund,False,0.349000001733657,False
2044,e5801080bd59c34c58a09be83bee076ba02791c92e2fc3d62c59b1fdd8cf946c,transfer_timing,transfer_timing,True,0.3832000002148561,False
482,19b78d76a2f9d742fcf4ceedc1967f1a91a2983d6a709abf063db1a9f0612b6f,age_limit,age_limit,True,0.23659999715164304,False
1623,b24e5aa354e9b1b18891f7c236217caa81a99d79cd16eedebee386187cb3276f,pending_card_payment,pending_card_payment,True,0.17980000120587647,False
2297,0de9ae8d365c0e3186eb80dd70537e9a0d9574817d9fe261ca5686897187ea5d,failed_transfer,failed_transfer,True,0.49229999422095716,False
2796,4331a0e7f05799c2097edd8ef29d0b726e19918b7ab0eb2ac1a623933a5f1108,exchange_charge,exchange_charge,True,0.4352000032668002,False
674,0fd41fa6ed6ca756296a54b57cdd82673e53d963a2a735fb42bd9ed7e5cb9269,pending_top_up,pending_top_up,True,1.273499998205807,False
2827,add12a997f8b6aa164d26acfdf325fcb1c3db20d7fabb37a8c9114c6c5df3ef0,top_up_by_card_charge,top_up_by_card_charge,True,0.3961000038543716,False
282,94164c80584aca5f7ac3c0ab8d2b9de9afe8ab1944dd4726cf2d69a245df2d03,card_delivery_estimate,activate_my_card,False,0.19220000103814527,False
962,e181429bee296771e9c9f67cd56fe0f894ecfd3ac8a4f8824e9eea7097f43d06,card_acceptance,declined_card_payment,False,0.3453999961493537,False
65,4748827e80b091d45d7a8039ea147ce9b09b2b87fb538d73f73e462dd5bb31a0,card_linking,card_linking,True,0.2744000012171455,False
1243,07a50b12081a24bb98d90db4915f04a7ef8350537c9b1db15624ef820f9246a3,get_physical_card,get_physical_card,True,0.15360000543296337,False
2850,d9ea58c822998c9b5f9ec1a3766c7f346133861bbd92a2e39cc01e34180af7ae,activate_my_card,activate_my_card,True,0.24539999867556617,False
1340,a339b3927e79cb46893be48ada104385283eeab8d4bf329d94320ef845af4ab4,topping_up_by_card,transfer_fee_charged,False,0.3896999987773597,False
1683,3f8aebe7dc6eb70c6377321355561e4b7a2f27695ab571defaebd801f8470b22,request_refund,request_refund,True,0.3465999980107881,False
2701,d250b9c48e8dff47411cc37eff6c04564b8f422bc31b5a98e67578c0a1dc57af,balance_not_updated_after_bank_transfer,transfer_not_received_by_recipient,False,0.32469999860040843,False
846,8cba5b00579e08faefdf57fc806cf23428c13ef17d49659e3188e9ce1ab6e4b6,transfer_not_received_by_recipient,transfer_not_received_by_recipient,True,0.6213000015122816,False
414,d70aaa5de16ee0eb03024503ba1bf479b1f7c4573f56c431e79f48b650501637,exchange_via_app,exchange_via_app,True,0.6166999955894426,False
2736,7b751cbda9bcce5bb35203ef7f93c87edce01fa762609545c8f02b121a8ca2cf,cash_withdrawal_not_recognised,cash_withdrawal_not_recognised,True,1.0238000031677075,False
2491,c14eef3e7cd2de5527d1dd0b06bbb7727de7a4507264262722f712db58ced997,order_physical_card,country_support,False,0.6233000021893531,False
2603,d0544fae514c4e01ab231620da566f5b7fa385f5b98b785cb61aa26baff056a6,get_disposable_virtual_card,get_disposable_virtual_card,True,1.0005000003729947,False
1007,20e352b61a4b04f19927b1e97efb641c9f5168d7028e2edd2bf826534a8315eb,top_up_reverted,top_up_reverted,True,1.2469000066630542,False
2552,c7f2a22d437353dd4f88d46bfc53d95bbceed30bb30134f1cf20389a7d24b68c,virtual_card_not_working,virtual_card_not_working,True,0.5590000000665896,False
1245,86758dd48e9f1071f58b1a0fe758f30140d3946259117b95cc92327f96cb3aca,get_physical_card,get_physical_card,True,0.6605000016861595,False
2527,0042319bc14805c4db6c8b2a3767fe7695f84e505e8574924b7ddd5165c0d54c,virtual_card_not_working,virtual_card_not_working,True,0.33540000003995374,False
2033,c2c357d2ff24d74b9c6c8a751813b6a8490be707b03556b9b4cd52cc3428a8b1,verify_source_of_funds,verify_source_of_funds,True,0.33660000190138817,False
198,97bf496140b3083d5d317d4458a67e3f324faf049954e4c68bcba087b6cae520,extra_charge_on_statement,extra_charge_on_statement,True,1.0440000041853637,False
1508,ebc031fec73238886934379bb3dfc2508fd987250c79c0e19f4c2df1907e13fd,direct_debit_payment_not_recognised,direct_debit_payment_not_recognised,True,0.44299999717622995,False
462,99c8f457da2b5930429c18b3b24db8bc2f285deff82738df8b9020e1fba61c5a,lost_or_stolen_card,compromised_card,False,0.6349000032059848,False
2685,9bdc75ace3c45c494d2fc0b97c10e125c332cd19e2d971f8eec21878f211e616,balance_not_updated_after_bank_transfer,balance_not_updated_after_bank_transfer,True,0.38130000029923394,False
108,3b4ad9f10e4faf9cc1c214c091508a8e0b0c69b58d5b2d5b41e59bca978ff5ca,exchange_rate,exchange_rate,True,0.23630000214325264,False
1987,c43f4f1be9988dff88e271ff5688b68497f42a87f6886ffb9e1ff89182789ba8,transaction_charged_twice,transaction_charged_twice,True,0.400099997932557,False
913,b8feda4a057b9434ca264df7d064dbac157ce7ae65e361ee07f478e1b95c11b6,supported_cards_and_currencies,supported_cards_and_currencies,True,0.28200000087963417,False
837,53e5ce1ac7882d38e89f3e3d7bcc661cbf6ea7b6734eb7e19a92c42efd7a960c,card_payment_fee_charged,card_payment_fee_charged,True,0.30300000071292743,False
2230,1080e7db2b284c9f79c1a2a443da24c87def9ce2298b6699848dd8d6612ee9b6,transfer_fee_charged,transfer_fee_charged,True,0.3760999970836565,False
427,9f4873384ff7d88d3d3c8176ad3e166c3e7173b02b6dc90f02561b8bc0bb4503,exchange_via_app,exchange_via_app,True,0.2521999995224178,False
1366,da3dbfbd92bc2a0274618f0827a56e96e5a149d53f88396d4ffed33e740c31a4,disposable_card_limits,disposable_card_limits,True,0.30169999809004366,False
1848,c1717f7eba2cbe9adbc3ddd2e335b6627bde3b8ddee3c7c6361dfae9950a04e6,pending_transfer,pending_transfer,True,0.316099998599384,False
2187,c95faa0005412ebd53d75ed9c7c514706e8b26aabd87c9882b5c877bf6c22975,beneficiary_not_allowed,beneficiary_not_allowed,True,0.2792999948724173,False
1392,fe1959e3c491abb6025493d07379175ac123e7f563f014adf338f4750673fd85,disposable_card_limits,disposable_card_limits,True,0.3158999970764853,False
1697,62b2d30902c712f865a79ea4e0a52178a046f4e91d69d1660ce45383552f2ddc,request_refund,request_refund,True,0.1658000037423335,False
1843,6f50fe4fcef221b9ba1df3b51ab9da034811b86a6a0a0c55151a47cdfac04599,pending_transfer,pending_transfer,True,0.20289999520173296,False
2363,59e91be883a451cf899593dbdc782a72c82b49b6b4542e91cf99402071d01437,verify_top_up,verify_top_up,True,0.35009999555768445,False
729,746232e99d0fd4b6040861d86c0ffc09b5d5ba6130600a4cd7a4967444f5bd99,top_up_limits,top_up_limits,True,0.26709999656304717,False
1730,a869163a2dd0dd8c013602f0e55621ce298aed600dc591cbeb6a0364c2837d24,declined_transfer,declined_transfer,True,0.4695000025094487,False
1026,2cafb4f2929c8ad257f2b0b317ec1e02a524c7251cb2148769be1b7d3912ec5b,top_up_reverted,top_up_reverted,True,0.22929999977350235,False
181,b705f3fa6c42575e2af9704f8301bb9afbbe66ea8c5c138393015701cf8cb54e,extra_charge_on_statement,extra_charge_on_statement,True,0.3079000016441569,False
848,3f74ba2891beefcdc954a9dc93dee08647df4090d8f047c284bb49946cda33c8,transfer_not_received_by_recipient,transfer_not_received_by_recipient,True,0.2536000029067509,False
2530,e87f7793f5533669b369a58c4a0268b5fb4ac6aaab101fcf9e335860c5eb2b9a,virtual_card_not_working,get_disposable_virtual_card,False,0.2539999986765906,False
2094,7362072acaeec320202080f457e1caedd14849403e60792bc43433921aef5afe,reverted_card_payment?,card_payment_not_recognised,False,0.500999994983431,False
1878,fcc23166b7e675fdd0a83f7ffd048982c263ee9a4ae9c20e5f034c7deabe8990,pending_transfer,pending_transfer,True,0.38550000317627564,False
2324,dc3d71960347b7469dc596fd5e7c3cea5687c6cb839533104333c9bd28761ab6,transfer_into_account,transfer_not_received_by_recipient,False,0.28750000637955964,False
38,46d52c0be72c2f357dc96c7094e0f731019213cc50160e1b9f398dc8d4dabcb1,card_arrival,card_arrival,True,0.30530000367434695,False
2049,3bdd2965b8fa3e14c1147fd285eecbff61d28696061da08e2160c525ee9b62da,transfer_timing,transfer_timing,True,0.45990000216988847,False
1867,438830a29a7a20f8af5b36a4a93a1611e21220af385ab478ade324937b70e630,pending_transfer,balance_not_updated_after_bank_transfer,False,0.33179999445565045,False
1852,161bb75e9104dfa330d2dcb5855ff90a3bfa12cd29084cca3016c3cfe0ff5c0f,pending_transfer,pending_transfer,True,0.2853999976650812,False
217,e376a9a7d91af31498010572b2c539e6a3de9b4aa2c3a55b10de6301eee11da6,pending_cash_withdrawal,pending_cash_withdrawal,True,0.3868000057991594,False
366,b851a6caa24b9187d61b6c6de047f58741f996ddd678876d95c770ad34e403cd,card_not_working,declined_card_payment,False,0.22739999985788018,False
1384,4c33ff16026d3b284abf92db5d6f3985257908270e4aa95424bec1a1dd7a6aaa,disposable_card_limits,disposable_card_limits,True,0.4478000046219677,False
208,3983d5498fe8c629fa42f778351d3afc0ac8603ec8c75b1e2e1ff95b39a73d1e,pending_cash_withdrawal,pending_cash_withdrawal,True,0.22789999638916925,False
304,1e9dda6b3a8896b5d448363522da660c211b69a15cdd77652062ac3d7e4341fe,card_delivery_estimate,card_delivery_estimate,True,0.20049999875482172,False
1642,20f93735c05fcd6389a95267d17dfd688ce2bbee54d941ce5e5f99ef3d0527b9,lost_or_stolen_phone,lost_or_stolen_phone,True,0.4135999988648109,False
861,a091d5c373c3a6513225e16d251d70822ccb54bfaaba96ba57076c6988921997,transfer_not_received_by_recipient,transfer_not_received_by_recipient,True,0.9520000021439046,False
1851,94e816308b2b7fb38e5ef899e982c0198a2c89c906d5efb00c154ca8befc28b4,pending_transfer,pending_transfer,True,0.2548000047681853,False
2447,a250cc449fa3ccd82d5429b2bd900b8161220c9ec6184a68bd6030b9d97a8997,top_up_by_cash_or_cheque,top_up_failed,False,0.5259000026853755,False
715,fbe8a288b3ee0a33534aba009f139aaf5bab8eeff5a5f234e6c1075bfa475de3,cancel_transfer,cancel_transfer,True,0.5622000026050955,False
1162,1c5279cb1b2d2a07168d1fa2a4cc96813b788008001fc36fec21f5dbbb97a73f,why_verify_identity,why_verify_identity,True,0.4982999962521717,False
51,818990fe619995419580237cbb520260fb2adf2b82ae0fb3bc7b143bb48b65e6,card_linking,card_linking,True,0.279799998679664,False
156,2dfb7e3e09710e4f6a936de38251c7e9ad6fa9e5d7cf0eb6261c921d15fcfd48,card_payment_wrong_exchange_rate,wrong_exchange_rate_for_cash_withdrawal,False,0.3843000013148412,False
1887,d6ae184e713de430768c16a12553ea73ac7bcf6faca6e4b80ebcf88c80db859b,terminate_account,terminate_account,True,0.24750000011408702,False
522,7c7097ce2a72189a62d731c25c174616022cc65652dd6d7ed24b0ad0df273f62,pin_blocked,get_physical_card,False,0.19260000408394262,False
1184,4320e779bda97f9d80dce89a573586f1771b7e78670e84905c02c292229bb163,why_verify_identity,why_verify_identity,True,0.39119999564718455,False
1008,5f77dd0370213f08d955437af03c1eeca812e4046ce9f8f2edf86a4dc42a3304,top_up_reverted,top_up_reverted,True,0.7434999934048392,False
3053,fd6bcb3f0e0709386938134c95aafb7b45fb8323f3912e79f91e07496814fd76,country_support,country_support,True,0.3465999980107881,False
50,c06084db301ef0171768d939c3bb587c12e1130b31cbfeeae73253db638a3d3b,card_linking,card_linking,True,0.2634000047692098,False
1033,48186533d4b12ed6ed2c0f9d0e471f6d84805d6aa6406e6bb13ab3f67367693b,top_up_reverted,top_up_reverted,True,0.1869000043370761,False
1913,8b4bcbeb2c3063b4af85b2d7dcbd7e813492b83399697238a81748df8183f1e0,terminate_account,terminate_account,True,0.40609999996377155,False
2682,a7311a50449af7bdf43c7ddd6a1e33d5ca8116d5929a0c3b2ffc4b8c2c1ea5e4,balance_not_updated_after_bank_transfer,transfer_timing,False,0.3770000039367005,False
1691,a3997ef7728295c537243de0edec532d7d3dfecf0839cb514f22d534593548df,request_refund,request_refund,True,0.1790000023902394,False
129,677a6d94c75fab387a0793ecc6e5429a17e4e1375e3989337edcae3059cc777b,card_payment_wrong_exchange_rate,card_payment_wrong_exchange_rate,True,0.48299999616574496,False
1666,60f4161423af3e6a5b94bc25cf5769020f4e7e8b7de09cfbf753a4e7e366a180,lost_or_stolen_phone,lost_or_stolen_phone,True,0.24890000349842012,False
1599,7672573fd514cc94d3570b1752a2124d660bdace93920395e920388fc796f874,declined_cash_withdrawal,declined_cash_withdrawal,True,0.23729999520583078,False
471,900fde923e86c6e4aef1f8bdbdc7825c6d9a54975496e567aedfa981da6b2219,lost_or_stolen_card,card_linking,False,0.276700004178565,False
1603,53b33debf0b1840882077ff91f4b9412a42c2b268a741573a114c4cb118a2681,pending_card_payment,card_payment_not_recognised,False,0.21659999765688553,False
1709,1c5ca73bfbcc5a53fcdbdcc63d3774f8d30e4828c57b6045743fbfc5ade67a4f,request_refund,wrong_amount_of_cash_received,False,0.29970000468892977,False
33,41451be92a01c8e501b1ea35140f51ce845621e11b575238d76ded4b55e3a283,card_arrival,card_arrival,True,0.3173000004608184,False
2341,f25d936a11b70b370e2f179af2f0d7955de4ffc15fe9bd802ea47e25443a1d1f,transfer_into_account,supported_cards_and_currencies,False,0.3556000010576099,False
1460,93b23c5c03b164e7830bfed464fc79ac8e5db4824ee776bfcd69f5803b8e3aa5,atm_support,declined_cash_withdrawal,False,0.27129999944008887,False
1904,66285263ed08ec33f93637e108fb3e9564f89d79b4158125669d357d1c99f1a1,terminate_account,terminate_account,True,0.17859999934444204,False
1699,fcdb81f982957043f07de055123d1a971e5e8027db84506d5f402be9bed06ad8,request_refund,request_refund,True,0.3823000006377697,False
2762,610205627097198d4eb3d6190c6b80f0370a447dd7f60be6295face1c7fd3f07,exchange_charge,exchange_charge,True,0.23209999926621094,False
483,fd486cce751684cd9a9195138a0d0d090cfb018e1d21962aaf42607716d0d966,age_limit,age_limit,True,0.2739000046858564,False
1980,125b5752ee6d2348ea6110b07ed38985f16e78045f7e440badb5a677df3a0a17,transaction_charged_twice,transaction_charged_twice,True,0.9631000066292472,False
1817,a357b1cc5c4fabd5baf720802f3d0083e60ec37098c19b3cc89f7d6f9f695148,declined_card_payment,declined_card_payment,True,0.36050000198883936,False
2481,e4a681a80a2220a8d0b06d868dec7270ae8d53046ac8b12550fc4bf8deb2fb4b,order_physical_card,card_about_to_expire,False,0.26879999495577067,False
817,91744989369f07b33cc9df9235bc6acde91dd0699bc8da69ff7d2fd3424949e2,card_payment_fee_charged,card_payment_fee_charged,True,0.3294000052846968,False
250,7160101d73d695f039739171e505370a484669b97ea60398a43234d42d43c25b,fiat_currency_support,fiat_currency_support,True,0.269199998001568,False
1924,e1b59a708aa54506b297611a7cd4461205139e78db5c950bc64bd7527ad152ee,card_swallowed,card_linking,False,0.42860000394284725,False
426,3df1941d11ae365b94e9e277f67b3ee92cd4e6402b371d35934931c15bae968a,exchange_via_app,exchange_via_app,True,0.24979999579954892,False
2482,d68e3ae2002aa5d42c58c6b6b2ee6e451183a0dfe3022c4dce6e09fa30947fc6,order_physical_card,order_physical_card,True,0.2553000012994744,False
262,2f800819a1cd75a9b03da534f8e8e417eb93781c76ba3bd2fe675b5467b79525,fiat_currency_support,fiat_currency_support,True,0.23569999757455662,False
100,30a9c5b7be5a25fbcaa99213058f04cea30803966187936c5910938910d6705a,exchange_rate,exchange_rate,True,0.25489999825367704,False
1727,4a4b9c9000a6a447ee359c571b157f766620294bdb13d5cd1ed500bdbcf35819,declined_transfer,declined_transfer,True,0.22950000129640102,False
724,8e9dc23a50d9861a5af3d6897b1c7759c9e0695491a81467d45c4aa69d29e1f1,top_up_limits,automatic_top_up,False,0.247199997829739,False
394,fd7c737b7e72b5f8431c96e43f8245278500f7db54f32bda00e2e76a102abe12,card_not_working,card_not_working,True,0.243800001044292,False
2597,6af75a33809dcc0eb9261858e75d9555ee014e2be50f03a7df0b155b63df92a6,wrong_exchange_rate_for_cash_withdrawal,wrong_exchange_rate_for_cash_withdrawal,True,0.7280999998329207,False
887,45df9e6e5f806a67e696780593daa574552ebe37169861f817d28e2576a0c085,supported_cards_and_currencies,supported_cards_and_currencies,True,0.3802999999606982,False
557,52ab762f451a5ef8648c3da4d9364e32bb0c6a87789fab77c6758e9b2722b79f,pin_blocked,pin_blocked,True,0.3617000038502738,False
484,b7b63685b1e9a0083b7aac31107e08ca15de8b72dac949eb09dfde8b6f03a037,age_limit,age_limit,True,0.24720000510569662,False
886,b4fe71d88b6a4e15a173c10350439b27ff82609598d1085d0a422df9bf59c9b7,supported_cards_and_currencies,supported_cards_and_currencies,True,0.43590000132098794,False
399,1a034bec3ea1fe004c5524dea2bea0a35c781119d13bbcf34affd47ad23fc46d,card_not_working,declined_card_payment,False,0.3606000027502887,False
1553,7a50faa38c38a11c7cb1504dc42accb6241a1350e605a616be17f1f626e3f03a,passcode_forgotten,passcode_forgotten,True,0.27860000409418717,False
164,f89ae683a27b9b0caafa6ca8dc2a4f1f0abbb7b48826691306c69037cbcc7048,extra_charge_on_statement,card_payment_not_recognised,False,0.3470999945420772,False
1794,d537240408d719a62f3802fc1798a01788491cbd9c63eea465fa127e3258f54b,Refund_not_showing_up,balance_not_updated_after_bank_transfer,False,0.45220000174595043,False
375,17f10b198561191908a7307c68c352dcc368855a290c9378af488073e83240f1,card_not_working,card_not_working,True,0.2479999966453761,False
2300,6f2ff955aafaf302175742c78dfee01930d5bb14a0efd4bbab8afb0c113d994d,failed_transfer,country_support,False,0.4397000011522323,False
643,006b49fa8e69003a62b3ee27ee31e869c597f87a9db248540e5d7777fb7139a8,pending_top_up,top_up_reverted,False,0.393000002077315,False
316,5ce15a2a105853f5c70f26c83868ab2f24aba93cd980d1cb45344b81f451f273,card_delivery_estimate,card_delivery_estimate,True,0.24470000062137842,False
2609,072eda4fd1b338d0883f67fcd851a3d40ed4a5835ad0c8015a50537a554e0d7e,get_disposable_virtual_card,get_disposable_virtual_card,True,0.41909999708877876,False
1615,809a65dc7a0a5a27080686bae37a55cac6ae4e9f1a1fb1dd730da4c6391ae50b,pending_card_payment,pending_transfer,False,0.38070000300649554,False
1573,185ccb2e9363bfbaff8a1523616368203818922fc68081c6d5eb6252b06307e9,declined_cash_withdrawal,wrong_amount_of_cash_received,False,0.31630000012228265,False
1348,325b139eeef618e5ff7e4a18bd42d766b3ef8840516ca7134756c232ea3cbde1,topping_up_by_card,supported_cards_and_currencies,False,0.3025999976671301,False
1202,0c8d8b61955d0fa90f15d71cf3bf84e61964d6d20182b12e67787ba40eaa2e14,unable_to_verify_identity,unable_to_verify_identity,True,0.3559000033419579,False
1150,72946ed11c06641c870f91368b135e1e7b062162d961d05de1de2f615bf680bd,edit_personal_details,edit_personal_details,True,0.17769999976735562,False
2327,1556068b86ed6d14afb823387a35eb80ede3e5581ccd45094102b2d260097416,transfer_into_account,transfer_fee_charged,False,0.4999000011594035,False
2923,5e4177e852236430282e00c39c5a448f95b9e408d27753e69d9445b24f72a391,card_about_to_expire,card_about_to_expire,True,0.2595999976620078,False
952,03c9ac1bef0073af15556b2b01e27466bb2195729f604d4030240de0e34fdbd1,getting_virtual_card,getting_virtual_card,True,0.30610000248998404,False
2805,4434fabd0f11903d123be8479ac1fd78b47381bbb8f840763bc41bf3b14056fb,top_up_by_card_charge,top_up_by_card_charge,True,0.3084999989368953,False
879,564190b87de7f1aa1200389f5ad9ee86d5f541b30cc257bfed1fd2ae83adfc4b,transfer_not_received_by_recipient,transfer_not_received_by_recipient,True,0.3811999995377846,False
1659,942942c92be193b77cbf7ca3eca5a58c9258d1c43ba5044ef4cf27a225648262,lost_or_stolen_phone,lost_or_stolen_phone,True,0.26280000020051375,False
1380,00634192faf6400ee24e584728d1b0af87958bd2b81760f2959bb9102dc59c68,disposable_card_limits,disposable_card_limits,True,0.3656000044429675,False
207,5a6b1aa558f491fb65360c685f735949f5fe7ee597ea41637490443131a9ceb1,pending_cash_withdrawal,pending_cash_withdrawal,True,0.6929000010131858,False
2908,95d5eb67fe1bac1eb3614243037a7c71430108289c8b13def25dd3e41780fbdb,cash_withdrawal_charge,cash_withdrawal_charge,True,0.5911000043852255,False
2677,7aa55527d468afdd98b91f35fe945226f0ec4bff629e12bbb83d083e2ba320ef,top_up_failed,pending_top_up,False,0.4337999998824671,False
19,2df450ed3032fc038406e2315d3820c2a2d28caaed40c7c8a79d20c114092014,card_arrival,card_arrival,True,0.7473000005120412,False
384,e6d923ae92dc0d6990f4063edd7f8017fce50f429575cbd81f14841952dc3a06,card_not_working,card_about_to_expire,False,0.4217000023345463,False
112,3a470a6623831b6851c2a0a185265d9de4d1b2e387efcdd18dbf6e52be13b77d,exchange_rate,wrong_exchange_rate_for_cash_withdrawal,False,0.5658000009134412,False
2584,f06e52861d28f3b3bc01aac4180c667121c563c5489eece82d0745e91f3e94bc,wrong_exchange_rate_for_cash_withdrawal,wrong_exchange_rate_for_cash_withdrawal,True,0.4362999970908277,False
9,6f78c993a75175a67ec080e1d4f539b2f815d029607aa0321bdecfa4f751567d,card_arrival,card_arrival,True,0.40810000064084306,False
1549,c1fe2d9af21664e84e05e2eb470c0f9ee6702ba04fbd7a64b472eac90a69affc,passcode_forgotten,passcode_forgotten,True,0.27829999453388155,False
551,df5859b13c75f59d425f4f6efcc07e695790e10002bef995c921f4423ef90689,pin_blocked,change_pin,False,0.2001999964704737,False
3051,3410fc6c3148d1479c12ce7c1b31354bc06019a5203d80c364c1e25afb59c3d0,country_support,country_support,True,0.2782000010483898,False
189,768b5d6b9ec3fbc2790a77c2630a83574297ad8a41aceefada8a0498d7d7d288,extra_charge_on_statement,card_payment_fee_charged,False,0.6933000040589832,False
55,cffc960d07b972fb4d49baebed6f0f6c472c86dc13d0e93d92efd663c0af9570,card_linking,card_linking,True,0.4135999988648109,False
245,a7f22d072605e1268bb9b8c4d14f692741ae40c522cdadab894acce5281b2a7f,fiat_currency_support,supported_cards_and_currencies,False,0.20619999850168824,False
263,2800c6d28d04a2af4eaa2aaf8f32c9852c8b636875d43b9c0bca9633e4f276cd,fiat_currency_support,fiat_currency_support,True,0.25740000273799524,False
505,795f396308ee88d69c574f2e99e601a12547b3ded53ccf129c25c989c9bd76f0,age_limit,age_limit,True,0.31570000282954425,False
1183,dc85e950d2b69ce18d3f82ede07f06863e533a07c817cba1b0fd0886a17ee098,why_verify_identity,why_verify_identity,True,0.2697000018088147,False
2968,62ec8d48b2cce3e38f73f8d73f84933e16079c434c433b1cee3b6de4b7215f81,apple_pay_or_google_pay,apple_pay_or_google_pay,True,0.29960000392748043,False
2041,2aa82c4da55512def4c11d8ac101472f920aae59756e70f51482895ef339383e,transfer_timing,transfer_timing,True,0.3224000029149465,False
1080,0ba52839d2cc120ba3d074e62b226139e1b1851cec5003795d382d00d859cfa2,card_payment_not_recognised,card_payment_not_recognised,True,0.2657000004546717,False
1973,a8fde470f5944fc68552a0e5e32b305cbbaab6755262505fdeeee0893c439a63,transaction_charged_twice,transaction_charged_twice,True,0.8270999969681725,False
1805,0731ed9c2e76efd6ea8b9be840ad973b6beb9bf51adcdc13b61a776903163c6b,declined_card_payment,declined_card_payment,True,0.24560000019846484,False
1345,0f1416b4e0b98859713cb17ab5f7623f35b6aadf8e833b015be1d6e16c219f8c,topping_up_by_card,topping_up_by_card,True,0.3203000014764257,False
1700,7a475d6445b9338fd9f55db69d9c6a745dd2cf14d7d42848d2f4f817bdf341d1,request_refund,request_refund,True,0.18989999807672575,False
2275,06aec922231566d6aabb30086f2337ebf846b32730b6533973a11bfe3bc50953,receiving_money,receiving_money,True,0.2649000016390346,False
3,03f3f243313805de8594f1b838a57a13da757314efac767e9cc9ad58ba6163a9,card_arrival,card_arrival,True,0.3493999975034967,False
497,8cf1e46a92f5a6e5fb2514d161f06916228e56396e07611d21defaa47a5e2fac,age_limit,age_limit,True,0.3256999989389442,False
1574,85edef0d8d1afad49437c933f861971a2deaab4ee29854fd8d36fb69923376bb,declined_cash_withdrawal,declined_cash_withdrawal,True,0.9658999988459982,False
3016,7991e635b817ec251049221827d359b9b104287b7f8bca45e64a6d48dfe37970,verify_my_identity,verify_my_identity,True,0.8748999971430749,False
2218,3c4b837843641724a9e9338c02d79f3607e55da8a3ce8e381bf1b863af6b4486,transfer_fee_charged,transfer_fee_charged,True,0.47530000301776454,False
1309,5fb31d7eb697d5bec989261e1644ae00803d63c338a734d12a0365a936721ce6,visa_or_mastercard,visa_or_mastercard,True,0.7629000028828159,False
309,f5115f9f145fce17d514098ca6e494a1017f461f86535f24505928860255982d,card_delivery_estimate,card_delivery_estimate,True,0.3040000010514632,False
1673,1f5e08240b62528a0eea5bd38284d273702622a1e24acecbda6380a40841a099,lost_or_stolen_phone,lost_or_stolen_phone,True,0.4578000007313676,False
728,8c2b6a3088e1784edfa942008924da033f0db5f4b86c9eb8fb4dcb861e5a0d8a,top_up_limits,top_up_limits,True,0.39799999649403617,False
847,aa459c8ef4f56adce3490655c3a8c3353e524fd53f5d29f6400fc4fe7ae55f9a,transfer_not_received_by_recipient,transfer_not_received_by_recipient,True,0.4665000014938414,False
2270,8eb3161e2eac43b7c1694334c6468957f419fb7656b768e3dd4185bc72c53b1b,receiving_money,receiving_money,True,0.33200000325450674,False
2466,1ff1ba41b78b875a031d81b374bebd8e61c67c1d1e3eb5b8dcb50336fa3bc64a,top_up_by_cash_or_cheque,supported_cards_and_currencies,False,0.32869999995455146,False
648,e8ee0a8d9e49b42de4dd363a6ac53750345e3a8bc6ee8d4f0a5eb62e6b81968c,pending_top_up,pending_top_up,True,0.7530000002589077,False
2489,4d4f93c3f6ceb57e90eb753782a4cc5c0bc038487d177ed30f9145f327d3c9cd,order_physical_card,getting_spare_card,False,0.8078000028035603,False
1434,230f4e0eaee699f2ed6f892eccd71e1d2f4ce7f8fd0946cb4728ecdcf3af40b2,compromised_card,compromised_card,True,0.7722000009380281,False
1134,cc0a850a39aa20f781ab06ad862c3f9235759ee3c5428a2b12cbd79b2141abda,edit_personal_details,edit_personal_details,True,0.33070000063162297,False
176,bd8aa1fa1c356d77adb4697ac9f5c536b63e7c3a6e23377f0bf6de3310b248bb,extra_charge_on_statement,extra_charge_on_statement,True,0.37209999572951347,False
2502,1a176916db44f884fb403dd5d567d365686247500f369d25310c05fceb88e303,order_physical_card,card_linking,False,0.301499996567145,False
2516,b2b8459f31ec39e577efe1ad159134cdbc78d49fbe2b3d3da564c77dde7fd354,order_physical_card,order_physical_card,True,0.19530000281520188,False
942,933f0fd31bf6f857cadfb6fc50feb15dbbc4dcf2c8843ea7830bef05d9194d47,getting_virtual_card,getting_virtual_card,True,0.25910000113071874,False
1093,3f13b5ae99c12f67694df2d1631fa032798847aa4a1029a95fde6aacb2d6ce75,card_payment_not_recognised,card_payment_not_recognised,True,0.4090000002179295,False
2379,b5868be0201720eadfd5d09bd8b5c7382207fe5420a8f9bc3a2e42defbfc62fa,verify_top_up,verify_top_up,True,0.3739000021596439,False
2224,c15dd0104b32835be7e5d9372fa401f71cf15408c1dd08f90d1a89690c3315d1,transfer_fee_charged,transfer_fee_charged,True,0.25599999935366213,False
2506,a7f81356b93b6d1575a5aaa5ac234c42d7b4c147461ca711fd05c4155caedaff,order_physical_card,card_arrival,False,0.23349999537458643,False
2399,7a92c9a74b7d28d3d2f7ebff38a9ca2be97e09fc1cf9e56fe99695204683fc23,verify_top_up,verify_top_up,True,0.24900000425986946,False
2657,732aed59860a2313d2c32eabb3ab760b2bbfb861ff921eea4f3306587d1b70f7,top_up_failed,declined_card_payment,False,0.24809999740682542,False
890,b6068a9a64f04cb82d92bd552d8c7509dece705728746bbe46281e8131f60823,supported_cards_and_currencies,supported_cards_and_currencies,True,0.35059999936493114,False
1811,a436576964a72f3b7e43465f6d3f56741f4801e57752f23e729032c6975f4e49,declined_card_payment,declined_card_payment,True,0.6129999965196475,False
1373,3534d49cd98e0686e75ec2bd722d24879265ca1266e014d8ac12725559f26bd9,disposable_card_limits,disposable_card_limits,True,0.48990000505000353,False
2863,7e31299ee448ac75158f039d41f64e36562027b23dfb9ed89571d965b4a1cf8d,activate_my_card,activate_my_card,True,0.2463000055286102,False
1193,756ce49e22fb95f05102206732d0b37d70a73b26e28af0bc64f6248cd05380a5,why_verify_identity,verify_my_identity,False,0.24400000256719068,False
20,c38b5df859c70a53480f621d332cacf0f0dd849cfe13a6e3005ce745ec224031,card_arrival,card_arrival,True,0.31999999919207767,False
1877,cec7e675d63683ae636e9a96f76efe79f3ffa0ace48193cdb9100f356b5802bc,pending_transfer,transfer_not_received_by_recipient,False,0.26640000578481704,False
1062,7e6a4756e2d84203498990e1416f71d104ae9a4f846223834d170c7e174a52d1,balance_not_updated_after_cheque_or_cash_deposit,balance_not_updated_after_cheque_or_cash_deposit,True,0.6274999977904372,False
2747,3dd32c112252fa257339a87be3ad2b4525fe78ae5c14f153f598d51c9746098f,cash_withdrawal_not_recognised,cash_withdrawal_not_recognised,True,0.4262000002199784,False
851,a9e397453b7ca42700114b69690853bf2c1a6f3054a29af7c1818077699acef6,transfer_not_received_by_recipient,transfer_not_received_by_recipient,True,0.21800000104121864,False
921,0ec2bdf5f18cf40dd8dbab183d9d610463eb08894bac4cc9f4c179e14ae51ff6,getting_virtual_card,getting_virtual_card,True,0.23569999757455662,False
605,2d09560a2a1b1ed96c086b15816f3c7d5efb8e48d016111efc1a141504ee1c78,top_up_by_bank_transfer_charge,top_up_by_bank_transfer_charge,True,0.18029999773716554,False
2817,2c8266155a88de89c161d5ffbb74626eb512e7e0cf5af6081ee048f7ea006ea6,top_up_by_card_charge,top_up_by_card_charge,True,0.392399997508619,False
1302,4ba544a17b01abf07eb6e46e7ed954ae07921b078c3cc045502011dfe9d19d16,visa_or_mastercard,visa_or_mastercard,True,0.37340000562835485,False
2631,c22669bb1f49b8fe0268d8c47281c8260f4c0bab02d0739e6f62e82c9f71ed84,get_disposable_virtual_card,get_disposable_virtual_card,True,0.3180999992764555,False
2892,dac210c6eaad4c202204a537e806cf042202feff3bc5ad66df369148cc9870e9,cash_withdrawal_charge,cash_withdrawal_charge,True,0.44270000216783956,False
1800,0a62524666331d0890a27d90e1c6f818ad69243491828a745d92009f331c8c9e,declined_card_payment,declined_card_payment,True,0.26760000037029386,False
1885,c62cbfb653e5695b1e90ce906a8f410ebe511ab5dc4b4b963c3c13fbc91274c6,terminate_account,wrong_amount_of_cash_received,False,0.4811999970115721,False
1693,e990947e10d892b34e84e3c23545903a4bba622fd603548155b801925439730f,request_refund,request_refund,True,0.26529999740887433,False
2907,2c2879ee72da92ab261301ac85a2ac4ecf2d9558173a019fda65e006769b4d1d,cash_withdrawal_charge,cash_withdrawal_charge,True,0.2956000025733374,False
1939,a1e76642cccd104f99066a2035e7dc6185ae196d9fba5dcc780049dc566691f4,card_swallowed,pending_cash_withdrawal,False,0.22900000476511195,False
1170,eea10d68d46c2ce75259823eef9faa09facc52d0471c71eac39ebf42428224d3,why_verify_identity,why_verify_identity,True,0.33850000181701034,False
2524,e0d5b57dcda0376e6c4cbb53305cd3a341e06a6dce3b6fe4ae1753383a17664c,virtual_card_not_working,get_disposable_virtual_card,False,0.5148999989614822,False
779,41e976e51cc86a3fe4ab06af22d40806f4d7edc4e7251c321a2718020be47efe,wrong_amount_of_cash_received,wrong_amount_of_cash_received,True,0.32700000156182796,False
2579,69ca393912cdabf8d34f9788c8f0d4cd770f0463887f3a2f1648fbff65e790de,wrong_exchange_rate_for_cash_withdrawal,wrong_exchange_rate_for_cash_withdrawal,True,0.5418000000645407,False
1407,d426caa2a3778b4a99058e024b3ce9061f804692ff16d7648c53116ad96873df,compromised_card,cash_withdrawal_not_recognised,False,0.607299996772781,False
1518,9fc673028598ea94d4cda71017a9e164f1bb2143f1b17142fe6de1a82271d79a,direct_debit_payment_not_recognised,direct_debit_payment_not_recognised,True,0.6427000043913722,False
1796,c440635e99d5e35f5f3176eb8d30b2e78a9b41266477b360f842ffe9d975d5f6,Refund_not_showing_up,Refund_not_showing_up,True,0.9308000007877126,False
1238,eb7d4ee992766b8dd0de3849e7791fc62e767ab7d4f445e1938d03b8540e1477,unable_to_verify_identity,why_verify_identity,False,0.25009999808389693,False
285,68c66021525f2e114b6c328d45d145c50b1221771f4d3276c6f8d0d9c235c2c5,card_delivery_estimate,card_arrival,False,0.24140000459738076,False
2720,18b34858c03229097c4b798ec62da69803148c0358b38f3a7cb984bad7312621,cash_withdrawal_not_recognised,cash_withdrawal_not_recognised,True,0.3680000008898787,False
1358,23b4fb4ced101b7c19b389f50b30212a787771353791803b2cf479e1550eee9a,topping_up_by_card,top_up_failed,False,0.41739999869605526,False
15,4cd07a84e7d9e4a5ccd26114fe80b42434c91afca85f9a1b7634f641f808b162,card_arrival,card_arrival,True,0.5779999992228113,False
3029,0e8142f5c4a7dafba810e0b17748fa170730a1225bdecb65bce0ec10a3dac851,verify_my_identity,verify_my_identity,True,0.2993000016431324,False
429,0108447d8dd04cbe759b31b9ec97b9455d8e4a79202006154e3c2d222854fdf8,exchange_via_app,exchange_via_app,True,0.23099999816622585,False
1554,a57896852e8ca495870246993cabc15a18c67552da2b2cded5405f4ce0a60799,passcode_forgotten,passcode_forgotten,True,0.1990000018849969,False
1539,bdc4ff616de743807fb622853b51486c4282060e3eec17a5f85775394c33f74d,passcode_forgotten,passcode_forgotten,True,0.26900000375462696,False
927,60b499740593fff2386eb7b1e47058454c72c8e0490e8f32fde1dccd77259a46,getting_virtual_card,getting_virtual_card,True,0.19630000315373763,False
85,7fca9ba37bc804a3ea73552ac5ef540e05aad830474ac041ea20e2e819b6e4ff,exchange_rate,exchange_rate,True,0.22900000476511195,False
638,de3f4744bbe652f8b5b842da9f521a192e93f2f6dc745f91e0e4c7dbf026053f,top_up_by_bank_transfer_charge,failed_transfer,False,0.31799999851500615,False
1247,178d677470d857287514a81cf118bdef66a7a7132b9e998f8c7ea9b7cdacf4e2,get_physical_card,card_payment_not_recognised,False,0.23979999969014898,False
1142,79e3c97ef8fa6c6465fa1c57068ae54c28638c56473e81a6064270afec0c6995,edit_personal_details,edit_personal_details,True,0.2967000036733225,False
2296,a50aa6d1e435459744b878df81ea4ab022109843208a9559b53f9e2edda68c9f,failed_transfer,beneficiary_not_allowed,False,0.22449999960372224,False
1180,231ae72f809abc6fe4ba856dd5b4a99bb1c8489d185fe1afbdc339e7744b3c20,why_verify_identity,why_verify_identity,True,0.28929999825777486,False
2283,b6645df3c3e955387c727bfe3a9de7cccd38e186ec98d74768cd72b9cfb76f27,failed_transfer,failed_transfer,True,0.43880000157514587,False
1278,8240836b707fddf25b6559726ad2e6a19bda65c9183bb49e8eeef47dda17aee3,get_physical_card,card_not_working,False,0.22460000036517158,False
2870,192a74df501ee02d74e24fb1f439b4c43a7a5561c61218225f1d1007e17701d2,activate_my_card,activate_my_card,True,0.35379999462747946,False
1935,cb3c6a89d629f670f84a56892b41f31875a1b58032da6e43bd4510e7a4bd4e9c,card_swallowed,card_swallowed,True,0.19829999655485153,False
855,f0c01a0e4ec4161721cdbcc9a823e0448b195a65912d76cb65624cbdd28ed53e,transfer_not_received_by_recipient,balance_not_updated_after_bank_transfer,False,0.24470000062137842,False
2445,b6dc00b4331c3df988237a3f835cbc02a7dcda68aa58ee7b635baf531fb9ac29,top_up_by_cash_or_cheque,top_up_by_cash_or_cheque,True,0.3144000002066605,False
1602,97b5a2c8c72d8e7f459bacd950c3b0a31af8fd97833182f719f2dbafe38e8b6b,pending_card_payment,pending_card_payment,True,0.2227000004495494,False
2431,45b8fd33cc8940184d0c0c58586a44ae6c123dbd392c1bc867dcbef108f90bc0,getting_spare_card,getting_spare_card,True,0.32330000249203295,False
2021,4e2bccd87dcdcb969dcbbf36a79c32ec477d2fc4110dddaa7a50a00d9bf33b0e,verify_source_of_funds,verify_source_of_funds,True,0.27039999986300245,False
86,f0808ae75f3a148662005a373cec9424c7335488209c439eabeba765513c5ae4,exchange_rate,exchange_rate,True,0.25209999876096845,False
2473,a0010240bb3d990b734a3b401aeb523f4f888d52119386b505234bc927c7eb0d,top_up_by_cash_or_cheque,top_up_by_cash_or_cheque,True,0.29150000045774505,False
534,8da47ce5a9f876b591603190700c99acd745d5f5e07764ce47d8cc38b109a4d7,pin_blocked,card_not_working,False,0.42329999996582046,False
1827,dfb72c71ac6274a54f11ec0da232552b7f92e43f921cbe2a3fe87b567f5999db,declined_card_payment,declined_card_payment,True,0.25009999808389693,False
1600,d14e1129c9ad0d230422b72c5100f41be100ada4dbd6851a3e8f3707722a5677,pending_card_payment,pending_card_payment,True,0.3249000001233071,False
301,831a794b8de3676ddd49179dbe7a42b98c2687f02b6d899f8df9337b30615c1f,card_delivery_estimate,country_support,False,0.2750000057858415,False
1556,2207cb53392927d26bfb79d39db0b66e699fbe44c5152869a3a1faaa2242024c,passcode_forgotten,card_about_to_expire,False,0.1919999995152466,False
1966,85f79d98d7f669db4debdc211b3708f8eebb287dc25c60bd81e1558812c0766f,transaction_charged_twice,transaction_charged_twice,True,0.5906000005779788,False
444,2e6feb80a4bc8b8e1cfd2e10bf6d368113c319b137760e73599c2ec52dba6671,lost_or_stolen_card,lost_or_stolen_phone,False,0.48179999430431053,False
794,c915fac855e14d835c8703ec48d0a541e7b95522bacd918a227177b68c6d16ad,wrong_amount_of_cash_received,wrong_amount_of_cash_received,True,0.7455000013578683,False
255,a37d16758367c278d3369583c30d5eb84b49120642d4b60e6f56083589a092bd,fiat_currency_support,exchange_via_app,False,0.46350000047823414,False
1447,7f6222635c667a8f860a65fe63a304dd5bf8de5f43eb77044ddc4a90dfb732db,atm_support,cash_withdrawal_charge,False,0.26790000265464187,False
2068,26b160f30f0b371b87c02ee0c54dbc3f6f2b67e96f8c2c1aa37aa529a1ef894e,transfer_timing,transfer_timing,True,0.3620999996201135,False
229,9a6f9c858946e6099676791c4e214eb90633f729edaa8ab17c30df37ed38f4dc,pending_cash_withdrawal,pending_cash_withdrawal,True,0.6037999992258847,False
1488,86a108ac3ee27ece3fe2dc928e7a636fa37d7c368896d893d88664e047a92ffe,direct_debit_payment_not_recognised,direct_debit_payment_not_recognised,True,0.370699999621138,False
1541,ff38347b837c533065f6e04356cc143d15e0ceb5cbc551768cc4a3435751e839,passcode_forgotten,passcode_forgotten,True,0.27769999724114314,False
1688,76b9e363e71e31d4f9521bd056c909e7254a4d5199fdb70776c26d05d1dea38a,request_refund,request_refund,True,0.30610000248998404,False
969,caf6d9d7d8a41c3759f1f7b0e49ca07d184999db679618b231d746d2e40ecee5,card_acceptance,card_arrival,False,0.3870999935315922,False
1111,e3eaf7d02b9b13dfea95f5ecb3f93097c2ce9f5784fd2cf712ebb3f4a62b3a13,card_payment_not_recognised,card_payment_not_recognised,True,0.5243999985395931,False
667,2e8ea27e250c08fbdebaa58b97e4bcc599f048fa5d7e6fb7b8c0739e89168040,pending_top_up,pending_top_up,True,0.468999998702202,False
2001,2e4590f0096a1d84fe61242ac29d7578aaa8cd8a766a546cc7b864cb1e8bf9f6,verify_source_of_funds,verify_source_of_funds,True,0.2758999980869703,False
704,f4c8754d846489fea831343756dd16299d9f9c0ee49186017ae8882f491758dd,cancel_transfer,cancel_transfer,True,0.22780000290367752,False
859,ceef708ee6a93f9586c01a636241c0a1f9042c2604fe7ad50d29cd8e8084d9b9,transfer_not_received_by_recipient,transfer_not_received_by_recipient,True,0.279499996395316,False
1921,4ebbbfa2edcc69f2c2ac8a93657d7ac6bdcc3d14d433c680e356012801bf4604,card_swallowed,card_linking,False,0.287499999103602,False
1718,a90292e114a9e44839e52d5765bffd7c850e6cdddd0e64312c5463b624a3cd92,request_refund,request_refund,True,0.2460000032442622,False
2470,8a0830b0ad9d3568f61313c266b0a66c9915aae6198a7b08c92b78db4d16ec0a,top_up_by_cash_or_cheque,balance_not_updated_after_cheque_or_cash_deposit,False,0.2766999969026074,False
2844,2dec9417b819f0799e2492592adbb48484da7033e0d6046ec0023369b64ea052,activate_my_card,activate_my_card,True,0.31999999919207767,False
999,824458e2fe76b4dcdf4676485e8b1e6ccf170c9f38bb6c30eb4b6234d25551de,card_acceptance,activate_my_card,False,0.17519999528303742,False
594,17c9dc7751eac7f369c14d7077f0eec655aac0ef8bac7bffb218fbefba1d36a4,contactless_not_working,card_not_working,False,0.34860000596381724,False
635,6d2ae90a03fed375c12545b12227cbe4e603212d99f243568ab445fc48be8f31,top_up_by_bank_transfer_charge,top_up_by_bank_transfer_charge,True,0.30470000638160855,False
1477,1fe98bd61913d2227d5b3f5eb2f7ea35a8131169a8883f3f9af3981d764e6b6a,atm_support,atm_support,True,0.2719000040087849,False
2170,054e0443d94173d87bace645947d8f7cc8511e5c6bc8b3741f741b3ca146ce02,beneficiary_not_allowed,beneficiary_not_allowed,True,0.2680999969015829,False
2918,4c1c155d5622b071b44fa00355dec7d77e32d617ec261dc8566365643e9ea992,cash_withdrawal_charge,cash_withdrawal_charge,True,0.3738000013981946,False
2781,ef83c70c3ea18be9fe737f0f388859b340137b66530f49531e312fd52698a22d,exchange_charge,exchange_charge,True,0.4227999961585738,False
231,3908be79a023a0af074e74b8dd3e1ac76d12464f1edfacfa621f7f791ed428b3,pending_cash_withdrawal,pending_cash_withdrawal,True,0.6159999975352548,False
711,04f991c470e8b0e6759302327f6f25f02e9a2c32453d0497ec6ab3133ef4c540,cancel_transfer,cancel_transfer,True,0.6264000039664097,False
2403,8347efaa9cf7c702f0170d0affa8663733c63d62e6fbacdf35af14de42bbb35b,getting_spare_card,getting_spare_card,True,0.21579999884124845,False
568,a44419f4a4f1cad336ac3c7f4b6677d5f68b36e68e0d7de6b6a8c04d4886a453,contactless_not_working,pending_card_payment,False,0.28559999918797985,False
1568,4116637023ee919647f1b659e2c4ad5b7722f1f9289d4939fd589a9c1a489ef7,declined_cash_withdrawal,beneficiary_not_allowed,False,0.31650000164518133,False
46,aa7625310dabb42fc1ecde9dfe26869c30821026b4db162bc315c0fa05d348b7,card_linking,card_linking,True,0.31010000384412706,False
1453,ccda7d714d033f0f2d22a5b606f528766aa75ba7f6e8254bf2d06d9ee948ae76,atm_support,atm_support,True,0.2728000035858713,False
2320,7cef5c414baca7b8fb85d3d6cd41c0e7a18d363d8bd3e2bd20b5d98e0cdf2c1f,transfer_into_account,transfer_into_account,True,0.5699999965145253,False
290,16e70a6320dba88e96d6d963297f2c86cf11e4d905a70dc505ae9fcac931dbcc,card_delivery_estimate,card_delivery_estimate,True,0.262100002146326,False
2507,5e93a6c077ef1f4c534ca1acf1106ae43070adcf25d276173abca08a0f8352a2,order_physical_card,card_payment_fee_charged,False,0.3040000010514632,False
1406,43118cb2d6c560294aaf983b5c2270e356721fbb783081bf26e1003f6f679477,compromised_card,compromised_card,True,0.43030000233557075,False
10,7803bd72bf22b45c0ada285a09098facf13d9c2dd618863e70bd198526064bb1,card_arrival,card_arrival,True,0.22529999841935933,False
3024,affcd8d07eb2d7a61aa92e85e46442d8c2ad8a5899866c2b454a67c3ba0eac37,verify_my_identity,why_verify_identity,False,0.3364000003784895,False
949,6daa3ea90faf4d2f26e43d6c429c8ec6d73183c84652c0a0bbc5cfb4d14a1572,getting_virtual_card,card_arrival,False,0.577899998461362,False
3071,3479a1e99275f13c0e3e1d8cfee2fedddc8fdfca63b1416a32a951ad75fc8079,country_support,country_support,True,0.17700000171316788,False
906,9d4526a1d3d523edde872330190b3024d80d99a457c08cf82ecaed66a38b7e5b,supported_cards_and_currencies,supported_cards_and_currencies,True,0.2547999974922277,False
7,42571d78b7078520b38c9261af379c72cc75fc78f463f3c6d828ae49d33365af,card_arrival,card_arrival,True,0.2238000015495345,False
803,edc60195ed584bdef90fcec677fc64f37727b5f26de1cfcd0e574c5c9d873e34,card_payment_fee_charged,card_payment_fee_charged,True,0.3730000025825575,False
1141,7e86301902eccca07ab1afa9d9af0c26a6a0c9b1bbd1a4280e37567c90bd10f0,edit_personal_details,edit_personal_details,True,0.3276999996160157,False
1430,84a599aee9b5ae4d7da75ef002d8ab808c7bc9c0bc49191263c104b12e44a2d4,compromised_card,compromised_card,True,0.3091000035055913,False
1233,1579954a325fe204bc023455f7071a0db779f351ce7338dc103049801c37da22,unable_to_verify_identity,cash_withdrawal_not_recognised,False,0.3161999993608333,False
773,99a058583608de80f5081bf5a2f83042e46aaedc35fd0b3f62e1055e9fe5b675,wrong_amount_of_cash_received,cash_withdrawal_not_recognised,False,1.2493000031099655,False
528,30a00f30114df401f312fac29ecbb7ed89a89d241e9d8e1ba7999d0f6f23f86d,pin_blocked,pin_blocked,True,1.0715999960666522,False
1833,a80c6056e36e603c59796f6783785b2aff304820a2abd89bfe7bc475279b8d98,declined_card_payment,declined_card_payment,True,0.956600000790786,False
679,f25293e58145f6af32cfadc097dac0bc1199d344103c7476546a35c543b5ab2a,pending_top_up,pending_top_up,True,0.5772000004071742,False
91,6f69ccd900ec4d1090b118e0716283e19a9b6e50e2e85e229d37dd908ae61021,exchange_rate,exchange_rate,True,0.26929999876301736,False
1900,05118e633f3b4c795f7f001ac4349460ff2e96a579e7e16872daf214566c615c,terminate_account,terminate_account,True,0.38930000300752,False
330,c7b49da58ee4f2d213f639db36574b9bb5f4f2a607a0671e8591d59eec8e158a,automatic_top_up,automatic_top_up,True,0.28449999808799475,False
2959,46fc4a139894035a6f86e22a5d8dcf856ef339d77f7c4516cfaa49ece114701d,card_about_to_expire,card_about_to_expire,True,0.512500002514571,False
2536,3337d8bb1e46297f9ceaea9fe026b174838f06c823148eecd0f49d7eb3b51eca,virtual_card_not_working,disposable_card_limits,False,0.2817000058712438,False
2208,7edd5c6af0ffbeb14c6dd857f2a9a5dec04afd96d1c5f46258a65ead7c6aa563,transfer_fee_charged,transfer_fee_charged,True,0.3876999981002882,False
2988,97915fd771ec560aad65d89eadc0f9ec72e4f8439753f7219e1bfd545540e4e5,apple_pay_or_google_pay,apple_pay_or_google_pay,True,0.4317999992053956,False
1934,a1ec184e434ba88bcaa342a548dd4f3d9531882a4b3fc19af4deb5cefdd7ceb8,card_swallowed,wrong_amount_of_cash_received,False,0.36660000478150323,False
2725,fd598543fd0cf5c196b45a48a2695327f961945f4348ba54b7dd394b674a4479,cash_withdrawal_not_recognised,cash_withdrawal_not_recognised,True,0.30110000079730526,False
197,a085ee7e75dfb529399185562d39f905568f990a6e93af83db05ed598a3e791e,extra_charge_on_statement,extra_charge_on_statement,True,0.22190000163391232,False
2064,4276516a374afb8714ba00d15139bb4dcc006d53cfef8581cc5b9cec25c93406,transfer_timing,transfer_timing,True,0.3188999980920926,False
1027,556302faa10e36501b4af6c8ac1a10897cae425b8cfd7b5cd2c2bf2776493328,top_up_reverted,top_up_reverted,True,0.8152999944286421,False
336,d3f6a24d3d441588e869f61c72f4563335878ff253a1c09042043d5052ff6b62,automatic_top_up,automatic_top_up,True,0.32590000046184286,False
1858,0b5646674c22fd1dfda321016567b6328f14e6fb9cdba9dc6dde6c047a249edc,pending_transfer,transfer_not_received_by_recipient,False,0.2868000010494143,False
2200,cbf68e6f1b5bd83eaae0eafa5a38e4ae1820ef5d5b0f8a22b8cca71b3fdce046,transfer_fee_charged,transfer_fee_charged,True,0.2973000009660609,False
382,5cf596bd8f29d16f24425073b85ff48d6cf3a62feab8aef49cb1512eeeafc5cf,card_not_working,card_not_working,True,0.17019999359035864,False
2286,1c13c083422f3c95f06795854b3ce72c4ba926722b6e00bc3a899e84eb1a12c5,failed_transfer,beneficiary_not_allowed,False,0.2916000012191944,False
2614,cd7422e4a4dbab642c874f59b6e715effce1bbca7aaccb8dbf7fcdc5342bb1de,get_disposable_virtual_card,get_disposable_virtual_card,True,0.2884999994421378,False
2705,4d4d03a2d83bc5a19bdebfd65e1145b265ee17f0b76d4478a91b1fb7134c6e43,balance_not_updated_after_bank_transfer,balance_not_updated_after_bank_transfer,True,0.2969999986817129,False
1756,2db215f7267b7821df4288a01fec3d433d2655bbdf8c157e21a7d789f5b0faa5,declined_transfer,top_up_failed,False,0.5374000029405579,False
224,251225293356b31383dcc4c8ef534aa2be03e5ef8e5a626d06d0799817bcd3d8,pending_cash_withdrawal,pending_cash_withdrawal,True,0.39939999987836927,False
1751,4ef157457280521f587818f2fc4e8cbddd13bc90ab46ec2f50ba09194f0f2474,declined_transfer,declined_cash_withdrawal,False,0.258100000792183,False
101,7682b3a92509cf5cf8a0cb16d5ba149a76a1ea1ff22410e2108f3c6df5edb46d,exchange_rate,exchange_rate,True,0.2199000009568408,False
155,a6b285f59a150f05dfa96d0deaba4ca346a9ab1efd02c2e49cf5bfc3bd29bd3a,card_payment_wrong_exchange_rate,card_payment_wrong_exchange_rate,True,0.34779999987222254,False
1588,271c49f578f0c081c1bb9bf894e8b8ba6ccb2c1c38c3db6dcf76577992742f65,declined_cash_withdrawal,declined_cash_withdrawal,True,0.23830000282032415,False
337,dea7b4b2ed49dfd98689a15c87160da305043059994ad5661d279a4530067db5,automatic_top_up,automatic_top_up,True,0.2769999991869554,False
1792,1c9bbf4721cc16ea736215a66dbaf97c0c505681736619e63385b459efb4db75,Refund_not_showing_up,Refund_not_showing_up,True,0.8204000041587278,False
1110,7fb0d2655d71eb74a74e559f6083ddb73cff38853c2375d07c2f3aff081bda4f,card_payment_not_recognised,direct_debit_payment_not_recognised,False,0.5145999966771342,False
896,4030ea6aa170a0d7a60c154d353e1c3f613a844aee4b169e98f55044cfc601dc,supported_cards_and_currencies,supported_cards_and_currencies,True,0.20300000323913991,False
2079,117571adbbd77958fd52549461ec2519950060e60896c125506027d1850eadd2,transfer_timing,transfer_timing,True,0.2623999971547164,False
2493,d457ca2116bd2d233910731691b4a8ff2f0a25a83d892515f6c2ffc35758e3c1,order_physical_card,card_linking,False,0.5433000042103231,False
1003,ac88e97e855b0ae897a8886d99a6385a7f75508245eb87a29f441de9391d9a72,top_up_reverted,top_up_reverted,True,0.4713000016636215,False
2426,6f69578c5cfc45aad95e6560aa60f3680f547a3eb80bc30ac5deed8cbf687706,getting_spare_card,get_disposable_virtual_card,False,0.25720000121509656,False
666,af7cd7d38ebe7594c3e7c5063381b2819844936939731d0a668eb1c3360741cd,pending_top_up,top_up_failed,False,1.1932999987038784,False
2644,5353e1fbd60d623d27bf7707a2d98eb1a3b2da563d3805e9a64d7d821d983e8f,top_up_failed,top_up_failed,True,0.6377000026986934,True
2136,7d7071694b143d2da3daf95a87d14f86cb593ac47dda112cf9fbe11d81d513dd,change_pin,change_pin,True,0.38299999869195744,False
2223,c412e11215c0404582175ed66e35c370bde8f7938e3e8d7f3c9627dc0c46f1b3,transfer_fee_charged,transfer_fee_charged,True,0.928300003579352,False
2976,32b6de05a0e1a2cd856a962a402c9952126c363d864140abfff8cf9328092fc0,apple_pay_or_google_pay,apple_pay_or_google_pay,True,0.7623999990755692,False
2370,df85d1867eeba6d21157a912bd69dfd2f32ee28145ca03d8be537b4bd380a2ca,verify_top_up,verify_top_up,True,0.6708999935653992,False
2993,fddfda605a725cc6120cc93a27d544009dd5671e1eb13affc72336a391d02eb4,apple_pay_or_google_pay,apple_pay_or_google_pay,True,0.5302999998093583,False
2937,feb99345c62675ab3e1e55b6786063fdfcd1c5d177ec67ee1366aded49a61490,card_about_to_expire,card_about_to_expire,True,0.5923999997321516,False
1874,e1a73deebd2e2aebd9e1fbde6566933301c9730aacebdc231212b1c00f64c8fa,pending_transfer,balance_not_updated_after_bank_transfer,False,0.2578999992692843,False
2549,d368f21a7ffd5b07d92ec645d954c10dd2d7885c0480aab87ed7f24f9e5a5aac,virtual_card_not_working,virtual_card_not_working,True,0.26670000079320744,False
1737,19f1aec403a86f93f58bccc5478b13705a2a2a642ebcea384277cc704f03cb0b,declined_transfer,cancel_transfer,False,0.23750000400468707,False
2000,50ca1bf52d564281e4041fc28293d70daccac2d33da83f2d5f9916d90b37eacf,verify_source_of_funds,verify_source_of_funds,True,0.2739999981713481,False
2210,979bba28cff28b55a98104d10eb0e1262dc610eae2a730fe7f7e2af2ce64c783,transfer_fee_charged,transfer_fee_charged,True,0.35660000139614567,False
307,fb6e02f1cfe536761b07e7e4dfdc423c0d010b1f193e39fd992d86546415a69b,card_delivery_estimate,transfer_timing,False,0.30649999825982377,False
1859,8548d62876d470a51b4f78238280fc33a256fae9365676a9812b58b06ef7abb3,pending_transfer,transfer_timing,False,0.22699999681208283,False
1432,b10046dfb87370b231f96bafb1f46114dc1189533891265c4ac81cc9bec60a5c,compromised_card,card_payment_not_recognised,False,0.6013000020175241,True
141,e072ea7f6741c26f5b9d2de47a8b805e58c080ec4dd9c6a15d845a491ba1fc18,card_payment_wrong_exchange_rate,card_payment_wrong_exchange_rate,True,0.49790000048233196,False
2622,f9d970fd238b72cb1af56811f17514fffe8f5ea8528667a4d4096d836c3c9bcd,get_disposable_virtual_card,get_disposable_virtual_card,True,0.22509999689646065,False
1729,a0bcf2d1eef54002d0ddd390e077dca2cb0f355c04d30e1fa345e3d6ba1effb8,declined_transfer,declined_transfer,True,0.21130000095581636,False
252,59f6a7de35a9436d998925005596c5591336ad56ff309cd237a12f9a8b96cc56,fiat_currency_support,fiat_currency_support,True,0.19980000070063397,False
1397,e114ff6e676ec409293f8ff8686e83a3b52d410e61e896b9a79de9aee1b1adb6,disposable_card_limits,disposable_card_limits,True,0.3091000035055913,False
1502,befd5c4f55c1af93a20a325f57fa67408c1f13165616221a4a88a4e9550f7c92,direct_debit_payment_not_recognised,direct_debit_payment_not_recognised,True,0.2849000011337921,False
1831,f238c71231032f7e726557c0fe6664e7a8eb4b804a2c79c133123921b6cef803,declined_card_payment,declined_card_payment,True,0.20679999579442665,False
2586,8a156f1210ff3082bb00fa33d68c742b7bd0697506ba42ac3bb31f15cb41046e,wrong_exchange_rate_for_cash_withdrawal,wrong_exchange_rate_for_cash_withdrawal,True,0.31399999716086313,False
1121,522e69b7e5c243f42678d459dd4eae084f75108d6c7294910f16109e9b17389d,edit_personal_details,edit_personal_details,True,0.19980000070063397,False
1951,bab5d5f677d6c0786fc5160248a92e49d5e19b3c9969e9aa992f2cb4d22094ef,card_swallowed,card_swallowed,True,0.34609999420354143,False
1440,01d9a5bc59acbfb4b9692c6132644340eacd4bc58a946dd26b87dc3f18e430d6,atm_support,atm_support,True,0.22650000028079376,False
24,2ee3ef0544ae6d2c3584c10dc694210b61e0912a6918d881cd3aa18d44fdfa9e,card_arrival,card_arrival,True,0.2998999989358708,False
2723,a73bbd1bf685885fd75ad586827fa5169a552e1c1de3c7b98cfcd7c1cdea3d15,cash_withdrawal_not_recognised,wrong_amount_of_cash_received,False,0.40160000207833946,False
1342,f6c02989fa408561e05de1a100bceb9b8d105d66206cb0f7e60289f6e0af8526,topping_up_by_card,topping_up_by_card,True,0.42600000597303733,False
682,3904452d927490559284013d43bd6c0356937a7f03e00e8b5fdf0aca39b003ba,cancel_transfer,cancel_transfer,True,0.1959000001079403,False
1021,0653be518e5d69c93c4233bd63dec51169b9a58fe19fa84905f8124ebf72f21b,top_up_reverted,top_up_reverted,True,0.3273999973316677,False
959,d01c44f58bbdbe44b2e0cc6a4248bb1ebcabd64e7e9def29e83544ff470fb318,getting_virtual_card,disposable_card_limits,False,0.26879999495577067,False
157,d3bf5359d1232a937a8e269eac847298523b3fc40f7dae3a513d7d4d75987287,card_payment_wrong_exchange_rate,card_payment_wrong_exchange_rate,True,0.3355000008014031,False
2269,7c7da7bb184d41ab3d6610af07becbb6226967d179af936cdf99ca3428dd422d,receiving_money,receiving_money,True,0.2862999972421676,False
1894,9f1a439541383c579dc9f97cb85b0ed1676940bc86623e7425b412819b49de2f,terminate_account,terminate_account,True,0.2745000019785948,False
819,4e40e63b2c7a95cf7ebad158d439fec543a6a402270550b8589d2df84093a337,card_payment_fee_charged,card_payment_fee_charged,True,0.35000000207219273,False
2876,bc5c2475255d89268cd2ee977d2cd439cc022bb39557a9f53764e0c1fc27df76,activate_my_card,activate_my_card,True,0.254700004006736,False
383,802a1fd761b1b285c9098e6cdeab11d22fe7603789045f84ab31f6a1e7feb7cb,card_not_working,card_not_working,True,0.17859999934444204,False
1826,c7ad6f01ea4a453af647fd91f29e169192adb71df60fef069fd6f802f6a56e06,declined_card_payment,declined_card_payment,True,0.4731999943032861,False
2020,818742dde7fbcba3a9d70ed61a86a5dc837404cbceb49ace727f58ac5f175d90,verify_source_of_funds,verify_source_of_funds,True,0.3280000019003637,False
2812,4b2de35e04ada0b469fc1f7cbac305c5ac7236a8359494cd58d79f71fe5b43b3,top_up_by_card_charge,top_up_by_card_charge,True,0.8741999990888871,False
1207,a4407c3ad735c75741a6399283abe60398d27a7967522abba9ca414de677e756,unable_to_verify_identity,unable_to_verify_identity,True,0.28309999470366165,False
2338,fc2359ee55a74113ef9a25008b58a395cb4f3e965c6d395e553c7e9126850443,transfer_into_account,verify_top_up,False,0.2786999975796789,False
506,69f3ac1296cf558ae8182284ff3a2d2f630d4fbf09200254996503ffa90373e1,age_limit,age_limit,True,0.5292999994708225,False
544,8a139923759fc9175cb019162e685c1a34bda362c793f4614e0cd6ee6e433f76,pin_blocked,pin_blocked,True,0.2982000005431473,False
542,24d63aa013f62aa19a9bed760aec7898d16cb1e949238d340e344d89c5e3800c,pin_blocked,pin_blocked,True,0.41619999683462083,False
2127,c9a51a0187a36a2082f7bb37cb7d9a01fa8666e8d9e9f3d290a1291f3730e3f2,change_pin,change_pin,True,0.3599999981815927,False
1559,f2ec717bb379a1827b143f64852d1eae32a42d969aac3f02cfafcfd28aa261b7,passcode_forgotten,passcode_forgotten,True,0.3312999979243614,False
993,31b0a067d086048cfa7632bcae8e0ee1fb5207691e2612a5f35f25035b6f40d8,card_acceptance,card_acceptance,True,0.22809999791206792,False
144,ad2895346bbe08dacb6f16e457326ebc0728459cdb97ba82ba1dda01217f913f,card_payment_wrong_exchange_rate,card_payment_wrong_exchange_rate,True,0.5439000015030615,False
2659,a217f618b6d5e99a16c2831973216afa7235a8a605dde5d9511ae44524b989b1,top_up_failed,top_up_reverted,False,0.5401000016718172,False
1860,106eabce8cb39c44d3931fafc69318a2e11ae71f800e74b6c1ed18979dd7f8dd,pending_transfer,pending_transfer,True,0.4456000024219975,False
2165,8b139df7308c18d026ff1855d2efd81553532f8e618847de914b7051cfc77d01,beneficiary_not_allowed,beneficiary_not_allowed,True,0.640500002191402,False
219,e3ca73aa8458cf51e516aed8c967c19463c5ce3809edc4c3e9417c6493fe9d0f,pending_cash_withdrawal,pending_cash_withdrawal,True,0.7809999951859936,False
1621,a941077fecc5a825f5b9916ccce55fbcc55556231bacbb9429447af32491abc6,pending_card_payment,pending_card_payment,True,0.4005999944638461,False
1618,a93e28d67641c93621852f9067bbd23b6f17918ecf4f09438fcc21b1eb4c59bb,pending_card_payment,pending_card_payment,True,0.2969999986817129,False
579,04df2d2dc1671f149c82344e042f30029af3f38a6e6136b62444f01bb559fcde,contactless_not_working,pin_blocked,False,0.22890000400366262,False
1023,f730f85b4c95e8945a6654005e299c9c94afc27bcca3f1f2b3dc813efa67c838,top_up_reverted,top_up_reverted,True,0.3093999985139817,False
2522,3ad784d3303fa183d2f42dd0913b585672b9defee4143d0f8c9eb4b16ba5a3b7,virtual_card_not_working,get_disposable_virtual_card,False,0.23220000002766028,False
1589,037c5a7f2d9f937ab830ec3ea6da192e4f2f3f3241ac5818e3eed64dcbba7b52,declined_cash_withdrawal,declined_cash_withdrawal,True,0.3026999984285794,False
543,60ca339a6a76fae80966dc6018d30ff7141700cee4f705b27a23f0ebc50bb08d,pin_blocked,declined_cash_withdrawal,False,0.23769999825162813,False
2829,e5e75a1685ab2192d6c60215e725f627da77ca3bcd2f041d769ea2a0fefe6289,top_up_by_card_charge,top_up_by_card_charge,True,0.33069999335566536,False
1377,b17ad376b0234b9ebb21a29918f02ca6a0d28f8bf1781ff3fdc8285da65ca933,disposable_card_limits,disposable_card_limits,True,0.25579999783076346,False
3072,ec08465ff955d29ace0c6c8ff07fdcc4ec2c8bcc6d9f1c17a0cbb6db1edef2c2,country_support,country_support,True,0.2924999935203232,False
1123,c837cfb3b356e5a5b3853397c196d0624768000427f883ef532fc65206e90183,edit_personal_details,edit_personal_details,True,0.19969999993918464,False
2436,99e24021a8828c01a297c16261bcd68298a8eeb1524cccb8b090fc97d99ffa50,getting_spare_card,getting_spare_card,True,0.4075999968335964,False
2132,f8f35842032f14b86c6ab4508de676fde357ab405f0061d13e9870b23f1d5fb1,change_pin,change_pin,True,0.29889999859733507,False
2179,0c3617e1c90f05325b4bfe2e0898da1a7401320d60bdb0ed8746d2ea886c434f,beneficiary_not_allowed,beneficiary_not_allowed,True,0.27769999724114314,False
116,d3ded0c89191b4231e97d0612be2c78569b88c916d89060dfe6597e288170219,exchange_rate,wrong_exchange_rate_for_cash_withdrawal,False,0.3800999984377995,False
83,837957676330dd48a97a527b51c90e91b21d5b0aa5fd4ccc622361eb11796d8a,exchange_rate,exchange_rate,True,0.26000000070780516,False
292,0a09344ac51ed0a202ee301e098912c42272b3ecbda62eeaa47347e203824702,card_delivery_estimate,card_delivery_estimate,True,0.32380000629927963,False
2118,f96b1d8862f11b6a8f7ebb053894d6efbf1e91781501919c3f041c6e38970abd,reverted_card_payment?,reverted_card_payment?,True,0.323799999023322,False
2962,99b45bd41a2fdcf846260acd14b0b5e96e1769b00ce704711c8bb91ec6b8fe14,apple_pay_or_google_pay,apple_pay_or_google_pay,True,0.3091000035055913,False
2932,da2e64892c3445088ab59bb62e64bb75a1b644e6ef1c0caedd2e80e1a1cd3bb5,card_about_to_expire,card_about_to_expire,True,0.301199994282797,False
396,ae739fec6a9b7baf440daf2bfcc79b6310916a762ab0e7582a361afafb48cc5b,card_not_working,card_not_working,True,0.2889000024879351,False
1063,a472d122b46d73004e1d3b743a9a6e3c48f22bf5fb4068dbfb2d9d4f7dff1a23,balance_not_updated_after_cheque_or_cash_deposit,balance_not_updated_after_cheque_or_cash_deposit,True,0.3763999993680045,False
1748,e332143dab5e6092926362904a0613fb6485b1a24788fb953b0a90881dd723e0,declined_transfer,declined_transfer,True,0.44860000343760476,False
3037,38bd2516a8a9199ac9a6bb81c7ea101b046296cb92bfaf9d6f7aed4d6364a995,verify_my_identity,verify_my_identity,True,0.3519000019878149,False
2004,1a5e2c656d659a1b9e08f6303a2d22f5bce90472570f3e95936b0197eb901ca5,verify_source_of_funds,verify_source_of_funds,True,0.19869999960064888,False
971,6b14eade2ea82a296b8af01210ffa0436b2e3772750c574940ff2034ad3daac2,card_acceptance,card_arrival,False,0.29350000113481656,False
214,3184843af3fd3c9620439ca0dc4ea3dfe445285a2c8ae1839052f372df48c9ec,pending_cash_withdrawal,pending_cash_withdrawal,True,0.3291000030003488,False
660,f27dbba63763ab5ff54e41e2c7ee6e10dc1d67c42b1cbc37d2fdc71dfbe174bd,pending_top_up,pending_top_up,True,0.34249999589519575,False
1087,e0f1c61dab75a76b304ae385203f2987a251a330e139b60d554b3364ac8ceeb7,card_payment_not_recognised,card_payment_not_recognised,True,0.23159999545896426,False
1361,e1f8894be8eef36a0c9ba924811cd284b5ee04a2031cd63239620daf2db44029,disposable_card_limits,disposable_card_limits,True,0.2879999956348911,False
2252,aa9981d1270ed2f1b4c6b46a1c06aeebdf0c34d01e43988e5b84f5339612baa6,receiving_money,exchange_via_app,False,0.20209999638609588,False
823,148997186d756ad220751b8c4b25d95901584b67b4efed0bf864e293788e374e,card_payment_fee_charged,card_payment_fee_charged,True,0.3479000006336719,False
1254,6d267d6eb2a037ce37dfe85a797ff4f5fe827043a6e91eebf3184e9532078f58,get_physical_card,get_physical_card,True,0.19279999833088368,False
342,8f369f465126e6e5eeabad32dedba9e63f0f3fc697f34d26dc5c871825820f5c,automatic_top_up,automatic_top_up,True,0.5227000001468696,False
776,93f027227ffcaf41fce67b420e8135fdc2b1e1055560bbfcf3412fd6795cc21c,wrong_amount_of_cash_received,wrong_amount_of_cash_received,True,0.34779999987222254,False
980,c08df18c1d3c1d1299820573980235f352a63db18282b7868ecd5719ceb94222,card_acceptance,pending_card_payment,False,0.34330000198679045,False
2852,ba05653578242f42224c4796d8f295f4418523a258d7a92eabd2c88b234036ed,activate_my_card,lost_or_stolen_phone,False,0.7506999972974882,False
759,5b49af4990c097e8bd2aaf56c4da3c752d02112c06a0dd4009246e6a04088b8c,top_up_limits,top_up_limits,True,0.2756999965640716,False
1654,83c41b775c20e050b7b9065ec64d6f4bb5304b100e67c4427eaa7a904befd655,lost_or_stolen_phone,lost_or_stolen_phone,True,0.39680000190855935,False
88,bf46073c069818bc4ffbfca7d25b8c04016dc6f3b7f9cab66a53e7a176919e93,exchange_rate,exchange_rate,True,0.21279999782564119,False
781,940d4c76144ef1a0e4ced5960b0f53688465b0541923760c1d4c80e89cb3ae78,wrong_amount_of_cash_received,wrong_amount_of_cash_received,True,0.335000004270114,False
1888,ca35d007d5706b0f423dc117c46b349ac480a0cbb3aba715133e9342c1eeb9fc,terminate_account,terminate_account,True,0.2638000005390495,False
573,e75d002d0aab9bfe0c111114e60c6e2693762b8392a47758f33e3d6861f453b7,contactless_not_working,declined_card_payment,False,0.4878999970969744,False
2154,9d92837599ad5c79bef4fd86229edbc4aca54d07ad08665a4e8331c13bb97e56,change_pin,change_pin,True,0.20059999951627105,False
616,bc24aafb2e4c060d40e57fb8651503b231eeddd6fe383bce19c26b15994c990e,top_up_by_bank_transfer_charge,balance_not_updated_after_bank_transfer,False,0.48380000225733966,False
1774,b300d12c54213cd03c9a774c0aa18a97e82bff44456d21eec916acab5e6f22b0,Refund_not_showing_up,Refund_not_showing_up,True,0.7148000004235655,False
1055,77c3699b55204fcebb9244c200b2c6c94296c2298800197991737ef91e79a1a6,balance_not_updated_after_cheque_or_cash_deposit,balance_not_updated_after_cheque_or_cash_deposit,True,0.3733000048669055,False
2669,294d0f513ec419f0742ab8ff7c56a92f20b2cf62044aeb18af3b6ef93dc15e51,top_up_failed,top_up_failed,True,0.3369000041857362,False
232,22c17d39745f8c935065b453b90d0a9510efdfb6134c1477b427a62b5ec8eca1,pending_cash_withdrawal,pending_cash_withdrawal,True,0.673400005325675,False
558,dfcb15fbd116a0b6390d059dbf544c70d244b8d5d372e12b4557fcfbbe3a7933,pin_blocked,card_not_working,False,0.29909999284427613,False
105,7f98d6db59e4c324c8391832cdfe5aee6e4545587d7fb1655f1a20bc77173ee5,exchange_rate,wrong_exchange_rate_for_cash_withdrawal,False,0.29379999614320695,False
2534,5a60701755f20a2858e76f7a5372727c44660e96d79d7fdc063aade1066f7ec6,virtual_card_not_working,card_not_working,False,0.34700000105658546,False
1663,d7d28e42a910aa7a319d7cd2c94f8ec6a93e62e5a6eea6cd4472a5fd27853086,lost_or_stolen_phone,lost_or_stolen_phone,True,0.37310000334400684,False
98,b931a1f625d69a5d645032a1f60c7bb952adcdbd478003b31f234cd851f3dd43,exchange_rate,wrong_exchange_rate_for_cash_withdrawal,False,0.279499996395316,False
1485,ed7c88bbe6d523a153fc0ce81c2749a6fa3f4edddfe15240a3f03000a4e55f07,direct_debit_payment_not_recognised,cash_withdrawal_not_recognised,False,0.8200000011129305,False
1612,f1cc14801d091cdf5031cb5bf9b3589947cf21e3d3794b60058ef9e6bd87effc,pending_card_payment,pending_card_payment,True,0.22570000146515667,False
2030,0cd101ae1f2a9b8b93344fbfe7bc92f2aac3754bfb2d35adc93f021416ec47c1,verify_source_of_funds,verify_source_of_funds,True,0.28949999978067353,False
1144,a9ae596a17cf28ee1c790c99a71f629a50c7fca981be2e971d1630284331881b,edit_personal_details,edit_personal_details,True,0.2133999951183796,False
690,76f9c089254b2805f9d7e7c1be611d3495682bca60e54d46fbeac57e5582788d,cancel_transfer,cancel_transfer,True,0.26780000189319253,False
425,bfbf11a43298dc3129097e967abd437d06b24087a0e453e5d16a057584fecf9d,exchange_via_app,exchange_via_app,True,0.13789999502478167,False
463,fc053640b0c1257900792efda2fd718e6fb5514c4a18482f97699f61f9e0faec,lost_or_stolen_card,card_linking,False,0.24110000231303275,False
593,4371e65a51457c3bcdc980009db37c82c08abcfab858fb99c11d6cbf70401565,contactless_not_working,apple_pay_or_google_pay,False,0.30390000029001385,False
1049,899bad773dfe790c415cca02e4e9dbcb7f36da9382002b492270b6ea9c680f26,balance_not_updated_after_cheque_or_cash_deposit,balance_not_updated_after_cheque_or_cash_deposit,True,0.3225999971618876,False
1454,6304120b92ce52f0d036d7184e93dd6f07400fa154920b68ac96b32ec3bf7c80,atm_support,transfer_into_account,False,0.19520000205375254,False
2124,f7b1f38d8e1a4e6359f7a7517196cee40a6a9f62a5efc368d908242e1852fbbe,change_pin,change_pin,True,0.2705000006244518,False
1092,32418feed5f317fabcbcb18257cf718c12d8dece35e2dd876704d1823c95bd17,card_payment_not_recognised,card_payment_not_recognised,True,0.8061999978963286,False
1750,538cde0a6fc01a042f400f6762dbec98a586f5961579a492985080a6a628ce70,declined_transfer,declined_transfer,True,0.3906999991158955,False
2111,3ab25d486080ce61db93f740775af9d2a642f065de626446f8a558aeb1c80a90,reverted_card_payment?,reverted_card_payment?,True,0.22570000146515667,False
341,79b6cffc5c8308d9ba78da6a86fa4e58dddf689c7adecbf64033c137f65368da,automatic_top_up,automatic_top_up,True,0.5119999987073243,False
2135,95dbff8bfe1ad9bf287c650611b6f2d5a4ecbc5dee593b8127cd6ef98a155e9d,change_pin,change_pin,True,0.31650000164518133,False
845,4149b00a0600574c4fc6096319beda050855813e0ec094184c478298ae9cd20f,transfer_not_received_by_recipient,transfer_timing,False,0.43449999793665484,False
378,2b201f8cfb19e9df342a492858e7710decb41ab05e3fe69332ef5ef60c851b15,card_not_working,card_not_working,True,0.20500000391621143,False
1058,379c9133bb0b28d19c5771d5d3666cfae0d6d9f7dd5ce33a0c0a0e479538d100,balance_not_updated_after_cheque_or_cash_deposit,balance_not_updated_after_cheque_or_cash_deposit,True,0.3772999989450909,False
1982,436c43f42a9758423e810f218d5532652d75b4ed1523466798b3625319dd2a86,transaction_charged_twice,transaction_charged_twice,True,0.7116999986465089,False
2461,9994f582384f7a024015d41537c069a1190fbce38539141ce162e42bddde39f3,top_up_by_cash_or_cheque,top_up_by_cash_or_cheque,True,0.3851000001304783,False
1972,963c65c388204869692f946cb9a02ad3e8c878ff25ab1afad75aa8a41b6c6f02,transaction_charged_twice,transaction_charged_twice,True,0.5863000042154454,False
134,83d2b8c83461bb875f24a4cb23f83103bef21b0dc7831166a74f69651a114cbc,card_payment_wrong_exchange_rate,card_payment_wrong_exchange_rate,True,0.3801000057137571,False
193,4cd6abec9f5b444162aa2a889b08dd3f7bf7cb71036dddfc8babb941c09cca88,extra_charge_on_statement,extra_charge_on_statement,True,0.4278999986127019,False
673,778834e10293fa34b32dea94e3fc636b64cb7eefc2ddff87a19d538573dd7388,pending_top_up,top_up_reverted,False,0.4214000000501983,False
199,95e62b1bf1df297429573f6c8b6ba8a3c8a6e57ea9a3a30bc2748c45085611ce,extra_charge_on_statement,extra_charge_on_statement,True,0.5354000022634864,False
778,8a5463ce28c36ef7294a95456ff14ba2ef2e0588cf10d6a4c6e5ea552b49f100,wrong_amount_of_cash_received,wrong_amount_of_cash_received,True,0.7906000028015114,False
118,1e08ed16371e753b9cead241b8e2a0dfc2d869c9d14bf544752cf8d2c4585f28,exchange_rate,exchange_rate,True,0.24080000002868474,False
2212,5d1d41463ae321e2cfa27132138589cd98ba6ac78e02b1e39b7e529013bf4868,transfer_fee_charged,top_up_by_bank_transfer_charge,False,0.20620000577764586,False
2398,9c29204f6d7a93592c7e7067c638c5767731ff212ef6beaf330b6043b5fe1ebb,verify_top_up,verify_top_up,True,0.27720000070985407,False
298,1625e56e2316cce1fb6ec8815283ffac75220a8059d63ea1519b5c0178df7dc9,card_delivery_estimate,card_delivery_estimate,True,0.4273000013199635,False
180,3973137dfd1ee3069788c984a1fd6503e3c24a9d354b7cacafba50caf6b57227,extra_charge_on_statement,extra_charge_on_statement,True,0.3077000001212582,False
1419,3e982c827ad0cad3305da8c364ab370b353e5067ffff3fa9b38bfb45dbc05e01,compromised_card,reverted_card_payment?,False,0.32920000376179814,False
2308,f2a4fde18c3f2a498630b808a106e963cd2235f085b1e8a252c7632ca23b4f96,failed_transfer,failed_transfer,True,0.47510000149486586,False
1000,b96cd2de014007d01c1cf93f661d490b3af4d4cd2899235a1c178c26822cc4b3,top_up_reverted,top_up_reverted,True,0.338400001055561,False
2618,bec87247b11b7c8a008bec0138df5de8d8b6cf15e3d040f8e52a67a25ac96542,get_disposable_virtual_card,get_disposable_virtual_card,True,0.30890000198269263,False
256,0547c912420b30093fe97bb538e08d29ab42eb7bf6f416e64cefc019ac495afe,fiat_currency_support,fiat_currency_support,True,0.31380000291392207,False
2146,65cc32d5aaa72cbc438924f5225af00024d62282a3cd1aa3c3521a94db40e11a,change_pin,get_physical_card,False,0.2596000049379654,False
1289,70f35a58897a1284a06f7862e65819ec5441fbd193537a477578c75f0a6ce7cf,visa_or_mastercard,visa_or_mastercard,True,0.19220000103814527,False
1104,d4b9e02ad0acdb889f77c8b63cc7031bb235fb6e7a206cd999c4226d6fc0d47d,card_payment_not_recognised,card_payment_not_recognised,True,0.24980000307550654,False
128,79d1b55fd05e791096c0e434f178b0d40a3cfd3db1fd3568be64be8b8eafb5a1,card_payment_wrong_exchange_rate,card_payment_wrong_exchange_rate,True,0.4524000032688491,False
1650,7c3f624cd3d65a34e40d9a0b9e2a7178e36f4b4a4dd9696b5d6ac702bdd46995,lost_or_stolen_phone,lost_or_stolen_phone,True,0.3127999952994287,False
978,6f162b8a0bb16c502db6e02ce5fcc4c633860514b79f41490d15047b54168ef9,card_acceptance,supported_cards_and_currencies,False,0.1756999990902841,False
1,81ccf0c11fdfd3275eb01f371abbf38920cbbad5851de604fd33cc3552c69cab,card_arrival,card_arrival,True,0.41120000241789967,False
334,ac53ae4f20186150be6d8856bfc933b5f986099c65751a04dc7366af37043227,automatic_top_up,automatic_top_up,True,0.25889999960782006,False
525,d81c0581ef90e666cba02342c1e4e23390cacbb9c0ffdb8adc825c38f42c379e,pin_blocked,pin_blocked,True,0.4552000027615577,False
416,5d0082a1bcf980fa0472b19288f308b90d260236ad6b6e41c97fe7784035ddc5,exchange_via_app,receiving_money,False,0.32479999936185777,False
508,c8c84181c07bc5b393777af0d4926195b043e2324b09e4e217fc09f866f53595,age_limit,age_limit,True,0.2015999998548068,False
577,991326527e2edc1920a374a12fc6323084cf79517727cf7f830f89a05a040204,contactless_not_working,activate_my_card,False,0.3205999964848161,False
1255,31e00585a04f1cbf9d7a6aed882c8a62a7c6b36ddf9dbf396acea52ab116f48f,get_physical_card,card_about_to_expire,False,0.24420000409008935,False
2874,265dd346f8a2d7875399a9b40e1b3b44be24aefdbbee84026c68ee7010001702,activate_my_card,activate_my_card,True,0.3108999953838065,False
2155,eaa2b1993d1272cf271eeb13d8c156cac146ed25bc6dac8b0a3896510dfb58a5,change_pin,change_pin,True,0.24639999901410192,False
1662,ee185ab3eaae19ad0706fc33279da52f2f5daa067d14f9e4009d0c609502008c,lost_or_stolen_phone,lost_or_stolen_phone,True,0.2868000010494143,False
2774,8e1d3f0cf12edc119c90d7753454133679260d14d702f5dd27d01ead9b02c708,exchange_charge,exchange_charge,True,0.2815000043483451,False
2587,89ddf2cceed875ba94c9de251e1f71f7811223d188f95bf8501c79c130168458,wrong_exchange_rate_for_cash_withdrawal,wrong_exchange_rate_for_cash_withdrawal,True,0.7470999989891425,False
1975,201c33de4f7d24a686d2b4b7dff0e222f7fbc3852ee907d55aac4c3c09bb6eb7,transaction_charged_twice,transaction_charged_twice,True,0.4406000007293187,False
2243,e9a17ec6a392c618a868fd80bdb61dd6b2f39fa563947ee5d20d88a935025fcf,receiving_money,receiving_money,True,0.24459999985992908,False
1412,b781506e9af7e03652cb9f0610e5d4b4b8286e2d7a57944d267232e6639735d6,compromised_card,cancel_transfer,False,0.3217999983462505,False
81,a03a263b5814087dbd8033b581c9efd28014c9c18ee5940fd280f3b1cc652d77,exchange_rate,exchange_rate,True,0.22920000628801063,False
152,9fe1d26500d1d2cd3e21f61d7610e686f4c6316174ceff3d8dfdebd07ed8451a,card_payment_wrong_exchange_rate,card_payment_wrong_exchange_rate,True,0.6142999991425313,False
403,29c3c7be2839be8631ee8de5c44ca26db598c572af1e26f77d6e042786bffea1,exchange_via_app,exchange_via_app,True,0.6132000053185038,False
459,20dba58c8a3cf9b9164f28ed1c79dfeab0cd243b4e0cbee594b4ca37fee04586,lost_or_stolen_card,lost_or_stolen_card,True,0.5495000004884787,False
2116,a236ddd90dd6788744b3510a57e4a531d7f6ea3ca1d124f583614af489773b2b,reverted_card_payment?,reverted_card_payment?,True,0.8098000034806319,False
1755,c7efa080f026a0b65f0aac98b40d9b40e57efb198e6240d81b5c3bab3d960037,declined_transfer,declined_transfer,True,1.7579999985173345,False
3061,f4756796efbc3f98a60bf5e995ca18a93a0feb54ec1fdfafdf12c3c3cf00f72d,country_support,country_support,True,1.3424999997369014,False
407,d84841855b98316382d3eb81213f9aa63c5ee5da01ce143725bcb31d202a16a1,exchange_via_app,exchange_via_app,True,0.3156000020680949,False
1143,5837bd15c928bb819f1af559d2fc9ea1b46b726752e8ccb775a4d3de0a1925ad,edit_personal_details,edit_personal_details,True,0.38779999886173755,False
2393,b2f0c190f9d0d4806f60c0d45654e6ed1821994fa800adb97084a36acdadd229,verify_top_up,verify_top_up,True,0.2829000004567206,False
698,83f6517ef658807d7b9104cf39e6da6858f79d875fd566eb17de2d43889029f9,cancel_transfer,cancel_transfer,True,0.2610000010463409,False
699,ceabfafb4e62cb0c70f14f309f5a02e3d38a2aefd712edebc9ba3603eb8f5bfd,cancel_transfer,cancel_transfer,True,0.30420000257436186,False
1179,b6313b3bdca4dbb228105ebbae87f33772bd02ee8a9bb9fdb7590f374078027d,why_verify_identity,why_verify_identity,True,0.31549999403068796,False
2495,31b475f731ddf62573ddef261a0ead32ace2a7a5a791d184dc65e59564727d80,order_physical_card,order_physical_card,True,0.20989999757148325,False
2354,dc30d349ad38f8c5c12a14cffc41c46b323038422d8cabf43fef2ce14f544343,transfer_into_account,transfer_into_account,True,0.5230000024312176,False
763,ac9da0e262e7bd207322e4f170a659bc7088ca787ab55ffa2619378aef28b031,wrong_amount_of_cash_received,wrong_amount_of_cash_received,True,0.3575000009732321,False
1680,3f8c6e37b74ea44914f28d9010cb908d0c5826e3d9de2ed555da03ff4c336f1a,request_refund,request_refund,True,0.683899997966364,False
1607,80f8e005e4856fcaf2bb49847db7124456ef6bad5cdeeb9c2d3cd68e64ccdcdb,pending_card_payment,pending_card_payment,True,0.5508999965968542,False
1442,b822a88a5c2139d56ad0e0da6d482168e205cb5d4808a457ceb7ffc2817ee9cf,atm_support,atm_support,True,0.23599999985890463,False
1175,1126c9d44426d57c5bc1770221942d9c2fe1c8efedf455d23d78181f286f39a3,why_verify_identity,why_verify_identity,True,0.49310000031255186,False
2356,055e99a26977a190b40710f2f2db559eb977754237408ef59e31b8ec3e10cac4,transfer_into_account,transfer_into_account,True,0.33460000122431666,False
299,85c4ac24b790fe0c2cf06c9e804bc15881412ab11c74f9834d0022f64f8b11e1,card_delivery_estimate,card_delivery_estimate,True,0.32610000198474154,False
983,c903805b6066aa209736a90597cf77232863ddc3e29296a24ce099801a30000a,card_acceptance,get_physical_card,False,0.20200000290060416,False
1140,d206e1fdf9cee3351f5d4a18ece92fc718da61380b3edfbc83a6ceb4890bdeae,edit_personal_details,edit_personal_details,True,0.2673999988473952,False
2640,b2d90d7952cecff693e98a2d7d1429101af72c370bde0fec13cb36439ecd0799,top_up_failed,top_up_failed,True,0.23100000544218346,False
1436,f057b16ba7ebe169b29de7e4aa0faa0b4e957988d3f4eb2f2f95b5723a55b5a2,compromised_card,compromised_card,True,0.4105000043637119,False
1791,5d278a14ba71ea89e0c95c2132baaf4c9980b8458e83900a646c7c745e7e5324,Refund_not_showing_up,Refund_not_showing_up,True,0.36330000148154795,False
1019,d6dbeea59405882a0e4569f4b0533224cfa379395ed83d33a696df2185163b7e,top_up_reverted,top_up_reverted,True,0.4334999975981191,False
2963,d1cd899ce2aabf814d9394dd4d7d000bb403fef1a0d8f1ce7a0c39df5093e9ff,apple_pay_or_google_pay,apple_pay_or_google_pay,True,0.2604999972390942,False
329,e75337439e27ea5701c26098edf04af29b7597d013a37935f05b7aedbb0c38c0,automatic_top_up,automatic_top_up,True,0.5067000020062551,False
1822,9f0b5e657dd33dcebecfb274dc56c21d93e8875fc4b8759a6eb31eeb6dea259e,declined_card_payment,declined_card_payment,True,0.35549999302020296,False
477,3bc5bedc58942313c42ba77d44b6fb42700d37e8827f0152dc1ae0d434ef0a7f,lost_or_stolen_card,supported_cards_and_currencies,False,0.25070000265259296,False
2595,ae6c1c03442e6576c05e7310ccac4e96d39f722c39e42fbb8386b4e2d495bdec,wrong_exchange_rate_for_cash_withdrawal,wrong_exchange_rate_for_cash_withdrawal,True,0.4386000000522472,False
2238,62beb9ad51c0d671528ed0c5957a4a0c55062311b3f75621ba3fcb4dfdb39b08,transfer_fee_charged,transfer_fee_charged,True,0.3848999986075796,False
1646,ab29175d942369b7c21d8caa43599e4939e8caed1c19330363b812b06c1fc90a,lost_or_stolen_phone,lost_or_stolen_phone,True,0.3595000016503036,False
3025,8e11a61e9d5d72ea329faaecd0805818ec5baf66ad6eecb26f973e971a18bb5a,verify_my_identity,verify_my_identity,True,0.22819999867351726,False
928,08d9ac60177de8d0bdeb1ab70fb65674db3834854c4322e8168a9980e464d4cb,getting_virtual_card,disposable_card_limits,False,0.19610000163083896,False
2922,8cd687dbf52f1b571f3fd1ab4d557ac53cdcc3b934f0d8a4be9c776ed8936a4a,card_about_to_expire,card_about_to_expire,True,0.3935000058845617,False
473,1cf7f65ae38f8a2ed7e3a8e44d69e740e177e7b972a0031b19767cbd28be3f14,lost_or_stolen_card,compromised_card,False,0.2674999996088445,False
1386,4ae0371efaa70beca5a458d9002a53158d171a68dae8a0bdbafa26ee52b54108,disposable_card_limits,disposable_card_limits,True,0.2592999953776598,False
3047,ce1cb41083207e89e1a8d0b35e6b4d8e0661cdefdef56a433235aae0d0611374,country_support,country_support,True,0.4673000003094785,False
45,104868a5ee7e894d45476ddec8e635119fcf352bf6e1094819f8892de1f0ec28,card_linking,card_linking,True,0.46039999870117754,False
2386,8adba75c4fe5121c388dfb746f46e3eb59378655415bfbc0cbe74728401898bf,verify_top_up,verify_top_up,True,0.25090000417549163,False
2013,8d923de3fb65ac19c54f40ab3a0c3dd4d5069f9b6875449f827c565cdd2a9cc9,verify_source_of_funds,verify_source_of_funds,True,0.22709999757353216,False
1138,283d3377b1367b816050cfa64639c7f69f102b960b41fd0b968c7b45ffbd0fef,edit_personal_details,edit_personal_details,True,0.2165000041713938,False
1186,024694b30d3678f59cebceec772f3e1f815aa6f2791841f416b6a3f2f00d1ba1,why_verify_identity,why_verify_identity,True,0.37770000199088827,False
2525,407d2ac86ec91ac6cba4ef167d627f5082c8ca6943fb469bcd769f8bbb8c4837,virtual_card_not_working,declined_card_payment,False,0.2536000029067509,False
596,8ca371078c7a60ca1e14c16c7d56efd6b6b2243b87f28a58be2ab5b5e032ae46,contactless_not_working,apple_pay_or_google_pay,False,0.2240999965579249,False
2786,4129e955ca0a2ec748a1982b2ae47f520840dfafc384b0f786eaff8c73abdb49,exchange_charge,exchange_charge,True,0.3082999974139966,False
1594,409773860c89b797c4d48674e04fb68f07f28ef7568fd72a659f72d2b2934c8e,declined_cash_withdrawal,declined_cash_withdrawal,True,0.8698000019649044,False
421,da69a60a53b2c00e7051299ad01bc7e5f81a62e687d8fcdc2620449566234f7f,exchange_via_app,exchange_via_app,True,0.41879999480443075,False
110,b4798ab0d0c28e83a784346bda53f71f567b20ffd1abce5d711f779ba32ca9f1,exchange_rate,exchange_rate,True,0.36899999395245686,False
2654,234acb658f076658b8780d8d5965e51242bcb02ded47ad397ff37a59f769cad2,top_up_failed,top_up_failed,True,0.33460000122431666,False
725,98fb38c9dbedf43fc9fab5064b2e3bf0b536c9d0e75a588f0edcbca6b5ec6173,top_up_limits,top_up_limits,True,0.30979999428382143,False
2406,786009e2af16992bc3a0e9e49b94fb9f8c36c6c8c8361688d16330906e0cfcb6,getting_spare_card,getting_spare_card,True,0.39259999903151765,False
1898,a2a07bb2df60f23c948926f01acfa0de115bf287bdadb9a0861e3bf5da336745,terminate_account,terminate_account,True,0.16269999468931928,False
2248,3bed51766d960a6b86919b8ef6ca31d53867c65b45446dfc27e60be64d1c7940,receiving_money,wrong_exchange_rate_for_cash_withdrawal,False,0.42469999607419595,False
2565,cd47a2d5fe2bdf4c1a57992f0c8d56229309f96d30ab3a214571283675cb626f,wrong_exchange_rate_for_cash_withdrawal,wrong_exchange_rate_for_cash_withdrawal,True,0.985399994533509,False
1933,74e97f44f08b2a4669faf18339ac19acb8b47976055240420a63651baa2ef959,card_swallowed,card_swallowed,True,0.5564999955822714,False
1857,d65d659efcb6d981bac35bd6370e337c350e6df6b98e19ffc00b54f393c16ee0,pending_transfer,transfer_timing,False,0.1990000018849969,False
149,45c2b1960006dadc7eefa08ace2222a66d991ce061c0bde01a1d3cec186daaf0,card_payment_wrong_exchange_rate,card_payment_wrong_exchange_rate,True,0.39429999742424116,False
1210,c5edc01be114324f1175251c10221fe748cf5dba3a6b9f5d33f2bd457f0f9f05,unable_to_verify_identity,unable_to_verify_identity,True,0.26529999740887433,False
1529,5a351b7c1ff89c20a0e049199ec5c3818638a7d9a02db6fccfc4e3702f09dcc0,passcode_forgotten,passcode_forgotten,True,0.3443000023253262,False
2388,333bd2fcb1f532be54329ee7cc819f67a5cc23ee05a23ade46d7456e0f0d96d3,verify_top_up,verify_top_up,True,0.24959999427665025,False
2521,e17eed6db42cc89fc933f84c599b5e8ee2fd9d6e73dea634b0d779e4719df6fa,virtual_card_not_working,virtual_card_not_working,True,0.31630000012228265,False
126,7811a3154c0a03e5f3d772f49b972822d923404a309e60320767b9a03e913926,card_payment_wrong_exchange_rate,card_payment_wrong_exchange_rate,True,0.3136000013910234,False
2255,3b77ace662a61a1128f7e612f84b94da1403efc8d13e48c522201e0df9c337b1,receiving_money,receiving_money,True,0.2959000048576854,False
1954,4d122e7d434ec754c56e7238b7bb5f84e9fc876259849dc3a574e5a9d62d0df7,card_swallowed,wrong_amount_of_cash_received,False,0.33350000012433156,False
2458,ad423ee44a89621904fcc27d140f35ff36cec03b3e90836f69029dd1b7a900b0,top_up_by_cash_or_cheque,top_up_by_cash_or_cheque,True,0.2753000007942319,False
844,7af8ee7fde13309e800e489cd1680beb119565bd674853c426b98e627dcf1b7f,transfer_not_received_by_recipient,transfer_not_received_by_recipient,True,0.3834999952232465,False
1581,aa2807fe2e17928e3b4daaa9b6de24024673c88f151b213216bc298492b08853,declined_cash_withdrawal,declined_cash_withdrawal,True,0.27520000003278255,False
870,13f2fe03858807dad6b81f9919e959487a7ea59e73f6756db628cbb1c41d43a6,transfer_not_received_by_recipient,transfer_not_received_by_recipient,True,0.3502999970805831,False
706,fa6069372127a48c0f393ef7f8811871df06a9ba7c5ca20c510905287217299f,cancel_transfer,cancel_transfer,True,0.6343999993987381,False
1744,8e536fd7143c2532638cda687c0cb2877c37e2a176eeb1253134633f0ef615e8,declined_transfer,declined_transfer,True,0.1788000008673407,False
1664,709f661bddd698416915dd6dc5f67a10b81a6e9f392709d78da1a8c919ec5cfb,lost_or_stolen_phone,lost_or_stolen_phone,True,0.31879999733064324,False
1940,f83df914b2e7da4ab927c144d241e48da8455446fb7be38dc35e238f3fd6075b,card_swallowed,card_swallowed,True,0.30250000418163836,False
2960,36276c463189b9fa5121eb6e4bcaeb6110ae160de6b640b037cf33942852c63a,apple_pay_or_google_pay,apple_pay_or_google_pay,True,0.30979999428382143,False
621,0008e1389f266628c39e686fc3c649127cb898b433dd79e80d735d1b41d78650,top_up_by_bank_transfer_charge,transfer_fee_charged,False,0.24569999368395656,False
451,b35ba69810b5f3658e1e9a6ec690acabcd3390da4d26e82504a317e99b0ddb73,lost_or_stolen_card,lost_or_stolen_card,True,0.2499999973224476,False
274,fc6fa04235da004187835a9859477fb5982a085e6256e386b1322cd621d3ad8d,fiat_currency_support,fiat_currency_support,True,0.19640000391518697,False
2185,019f1bb2eb3ef82b8cb0c2e22386637a397d7b62f08e1aea4d6ab7f122b0c006,beneficiary_not_allowed,beneficiary_not_allowed,True,0.2722999997786246,False
268,c7962f51462f9a1e9ba62aed7206a5ecd18d725da2c78c9c5ecb2d95b4ed725a,fiat_currency_support,exchange_via_app,False,0.27099999715574086,False
476,8fbc5de9edc2d4f9f3cae6501fccccaa50184ce1d2ae7d63caf208a5a53266f6,lost_or_stolen_card,topping_up_by_card,False,0.5365000033634715,False
2340,1c0e294480473cf77da8874a194b09fc27d414268b58f042dffede9a6d1391e5,transfer_into_account,transfer_into_account,True,0.5534000010811724,False
1439,fc9a835ef2eef59612d682f1056d56f8b13fa66c38ca81592b82a31f02946a12,compromised_card,compromised_card,True,0.46210000436985865,False
2415,11a74b12ac2af13371b13f7d54326c0766fdc99e463f37ae9bbdeeb4def1cab3,getting_spare_card,getting_spare_card,True,0.28469999961089343,False
3017,855cc79bc84596165499a30966a8a1db3fafd8899505ec4658a330035a05d9be,verify_my_identity,verify_my_identity,True,0.2967999971588142,False
2629,e6bc272bf8aa4d41f5329ce958f999f1c639bdc32fcf6747e27986dec6f4f971,get_disposable_virtual_card,get_disposable_virtual_card,True,0.31519999902229756,False
1077,0d22b27cf3030908be41f623e253c65ed58c02a70ad5afd54f4d82a17f263e96,balance_not_updated_after_cheque_or_cash_deposit,balance_not_updated_after_cheque_or_cash_deposit,True,0.3756000005523674,False
1165,8dafcd85cc248660ef71b4dbb9a903796f7f85e1986c8e5f7de9be9922b998f6,why_verify_identity,verify_my_identity,False,0.2682000049389899,False
2925,67e13a6379edb2c16e65f1f1b5b0a621c08b91fee83df4c88a2d78b366ac26dc,card_about_to_expire,card_about_to_expire,True,0.2488999962224625,False
821,1d93c1edd7ad30de38732cc98ba114d1d0a7e84815e018338d4e7aa94987962a,card_payment_fee_charged,card_payment_fee_charged,True,0.6861000001663342,False
1754,6f0de141baf50f9a97c4aa91e19a65b446bec283ae72a1e76944f3be30b154d3,declined_transfer,declined_transfer,True,0.6027999988873489,False
571,7da958498c2359c4633d7f8194ff30dfc07f976c1fec8d4190fc4e9f1c171610,contactless_not_working,declined_card_payment,False,0.45080000563757494,False
1242,d43bcb40c18037eee1b23e01cfa9eb165de9a41c0693ec87f1bb8608cb14b8af,get_physical_card,get_physical_card,True,0.2582000015536323,False
1849,76f7ea71ef53252a1c5cc9502f5961ac00239ed9aef61f626fcb0dad1c9fa76e,pending_transfer,pending_transfer,True,0.803099996119272,False
2887,2926f32588fc239ec8db6a99b0ba5e8baf0a6cf7f6c145f295914b0fe0212620,cash_withdrawal_charge,cash_withdrawal_charge,True,0.8034999991650693,False
911,832a30e05d02b9549453037985cc4eff71aea9e689c4e25cb13890b4d7025281,supported_cards_and_currencies,supported_cards_and_currencies,True,0.3020000003743917,False
523,b28984be6cef9b49f7e3a524b270ba69b15a56585a06b3513a0d45dd5e8905ed,pin_blocked,pin_blocked,True,0.31550000130664557,False
460,c04c2829387b6c6acaf0a705972f68a3047d98835ad06505054077bba3e75b54,lost_or_stolen_card,lost_or_stolen_card,True,0.24090000079013407,False
2304,361c470f0e9737b1949bcda58fedca84b3aa27a8d14552a36ae0e55db78fd2c7,failed_transfer,beneficiary_not_allowed,False,0.23530000180471689,False
16,6d6aa7b31c1953fbac52ba87d32774cb1b30e1b042059c1842973ba702913a3e,card_arrival,card_arrival,True,0.3451000011409633,False
2698,ad18a0a1288beff3ab2a067d44a24ee968f2403b1c8ecba7e515e4e7500e0196,balance_not_updated_after_bank_transfer,balance_not_updated_after_bank_transfer,True,0.28339999698800966,False
2331,f40ae1ef04d872b1172bd7e9d744864d6a8563085dbbcf467a997694f6eb6432,transfer_into_account,transfer_into_account,True,0.45810000301571563,False
888,4f2a4048414027a3f8d8eba6e3474b983e862f428bcff2270fcce6fa6bcebe42,supported_cards_and_currencies,supported_cards_and_currencies,True,0.3349999969941564,False
786,342b3cc4f27656d57fcc0d90cabf939296ea68e60f1c0303b0cf45e9ab356e55,wrong_amount_of_cash_received,wrong_amount_of_cash_received,True,0.2969999986817129,False
1570,1cb06e97eb0acd83ca666a37cb2cf49e94786923fa7c1c606c2732b7bf2211f4,declined_cash_withdrawal,declined_cash_withdrawal,True,0.5596000046352856,False
1531,374ac668b822236e2753bba44bdf42afc3df59f63812250097b60c55d7657035,passcode_forgotten,passcode_forgotten,True,0.22109999554231763,False
2328,db05f08355cab651639e0e722b9abc8df0d31d32a9925ed593e89b343e807c10,transfer_into_account,transfer_into_account,True,0.3741999971680343,False
2195,6074166c7062dbdead70883b3fcdfb51131cb24aa2af1853e5ac62b310560e18,beneficiary_not_allowed,cancel_transfer,False,0.290899995889049,False
1781,1792fa3c75551940892c521b90716a6965a69028655703666728e915dd9e1734,Refund_not_showing_up,Refund_not_showing_up,True,0.2735999951255508,False
2411,e2c7c3a636eedf3f80363595774fcf8a09f9dbf0876ba5c7f25f030738d6f63b,getting_spare_card,transaction_charged_twice,False,0.3088000012212433,False
2617,d6756d82234a9d4c42c142b8ad5a973db98be3f37e2bf5934504130e5a8c5c06,get_disposable_virtual_card,get_disposable_virtual_card,True,0.3464999972493388,False
137,103aea9e215bd779485ee370d67f5ccd69d25277e66c6647bbf1de93e03fbcea,card_payment_wrong_exchange_rate,card_payment_wrong_exchange_rate,True,0.334700001985766,False
1099,6a19fc6d0cb715d1ee4fad71289d3d56b86fa017d60aab3a023afd5b8a8e6d5a,card_payment_not_recognised,direct_debit_payment_not_recognised,False,0.1964999974006787,False
2069,5cd7d0ed21f0f833fcfb19f01a8d5450ad12478c6ef20b94eb3f36e2c83e891b,transfer_timing,transfer_timing,True,0.3754999997909181,False
1096,7e466a41c9b087cda82c80ae9d52c725ff4fc661f5bf05a7403178efc5ef4672,card_payment_not_recognised,card_payment_not_recognised,True,0.538200001756195,False
2505,20b42b8e3fbce42a1ce6727e851802c5478e242310f0074d06537284f4bfe5ad,order_physical_card,order_physical_card,True,0.2961999998660758,False
1199,1a030a5afe32884f962ae506a9f991d104b9275c05e6304173eb5aa6cb4b7fe6,why_verify_identity,why_verify_identity,True,0.247199997829739,False
2772,59665b2548ea2d6ebe59d85d46d1b2fb9e6a45d34a9e19f14a21ba2762fa3683,exchange_charge,exchange_charge,True,0.27460000274004415,False
2199,1dc433ece45a59a07bb9626e3212ec0e59754de5e10f24334ef5f4872c3f4983,beneficiary_not_allowed,beneficiary_not_allowed,True,0.3003000019816682,False
2352,4c0520b8563b09ece428ec01cbf623d63dabe65952ba47fa267aad84d93129a2,transfer_into_account,transfer_into_account,True,0.701400000252761,False
611,8c871c6a7ec9f31f6c471cc6095fc5fcb44fdb37b44b67007e4ac01497157408,top_up_by_bank_transfer_charge,top_up_by_bank_transfer_charge,True,0.29799999902024865,False
428,d489dc0ee2c8d27a71b5a05c209911ec0aa51051640a827b5b278043647ef551,exchange_via_app,exchange_charge,False,0.25040000036824495,False
2378,fa49d89ad5361a9202b66abdb4e7598c45ee2830fdd6fc1f25986df59414c68b,verify_top_up,verify_top_up,True,0.31859999580774456,False
2884,fe58eb8d438bc4552ebc92f635fee0de94b13c1c4a92337a8dd0a3a669712165,cash_withdrawal_charge,cash_withdrawal_charge,True,0.7599000018672086,False
3077,c675cf175f3cd9f948e6321234207d59397a0d517afb379e590464aaea56070b,country_support,country_support,True,0.2333999946131371,False
1651,efd904b6e4bc88a2b3e721de5216f63cbcc3d026190698c2fd96bffc3081b0bf,lost_or_stolen_phone,lost_or_stolen_phone,True,0.2843000038410537,False
2112,2e1c01c8568bdfeeff95874ddf049eab657512034f6ac75056c9b078ef0a03de,reverted_card_payment?,reverted_card_payment?,True,0.2542000001994893,False
858,935599efbb36984666d8413f35098ed13ffac1e9c8ce66418eece4325ce666c7,transfer_not_received_by_recipient,transfer_not_received_by_recipient,True,0.8972000068752095,False
1416,c2429a38ad28a75fd72fd52cc6bbed4afb0e9ecb6f00ac5839e77204fbcf61ba,compromised_card,lost_or_stolen_phone,False,0.32559999817749485,False
1808,857eb3e46fd9ecef4b01fc9ec287373ea6d81eee31fee188f3767fd58e870c66,declined_card_payment,declined_card_payment,True,0.3448999996180646,False
1203,bdba507629c463742cb975b9fd4f49999d607c26ace2aa8e0b6863c7840b0e7d,unable_to_verify_identity,unable_to_verify_identity,True,0.2601000014692545,False
1893,4eb73f08cbc4de1213ba2b1cc98f7af6512f12c99ba2027510b110e75c076d22,terminate_account,terminate_account,True,0.2969000051962212,False
766,430dc986a400366590ed72016a09a97278979e213bcd4add531e3d585729a412,wrong_amount_of_cash_received,wrong_amount_of_cash_received,True,0.5074000000604428,False
1862,a6b14304eae2ed90c4776d01954380e443c5a20a648b6580cb823ffde408c79f,pending_transfer,transfer_timing,False,0.2277000021422282,False
1031,5157711870fd269d01e4db16ff9ac59972dca84c8295d633cbf8f83895468549,top_up_reverted,top_up_reverted,True,0.23459999647457153,False
1991,bd90573309543b75d66a9fc6fbccdd93f552563d83685a4326ed94506cee0c93,transaction_charged_twice,transaction_charged_twice,True,0.18489999638404697,False
2929,2d1127996da07b7a657c3aaafdb55eefa0de3fd99529a6863f7ecc49f16d1d6b,card_about_to_expire,card_about_to_expire,True,0.9651000000303611,False
893,a555925babe52460ce0072e7fd1b7791d54653bc713e88c9e1aff5dfa411390d,supported_cards_and_currencies,supported_cards_and_currencies,True,0.41059999784920365,False
2846,d6e79ae063d09769cea890e96ee8169dfe3262f86e687502174eb0268ec1270e,activate_my_card,activate_my_card,True,0.5183999965083785,False
36,af7b6c0ba7ce21ec33375ed471548122308d19f26847a332201109537e383ee3,card_arrival,card_arrival,True,0.5339999988791533,False
1337,27bab1a58cd56af5e94793402fd6cc71bfbdb646764ee2733de93677d3043c3a,topping_up_by_card,balance_not_updated_after_cheque_or_cash_deposit,False,0.4441999990376644,False
1636,0fee444c797b202a77f3365ed6f12a8205ace158e330eae00338c0cecc9c235d,pending_card_payment,pending_card_payment,True,0.23610000062035397,False
518,b2603afe6fa5b65e815c5a29b1a90e150e68b7c8845e2b55d95f3c97635fb5ba,age_limit,age_limit,True,0.3571999986888841,False
2596,92d5007eb96ac627f4cbdee7e77850791e5018122fde94c75c9ba33fffa4c12e,wrong_exchange_rate_for_cash_withdrawal,wrong_exchange_rate_for_cash_withdrawal,True,0.5257000011624768,False
503,1f0d8700984534b901e02f0c32521e59577d72c2af52705bb91a0042bd2ea599,age_limit,request_refund,False,0.4270999997970648,False
1204,bfd4d49b77fac71d6177349da833a4263df238aeafb6f265bff3bf55bbf87d9c,unable_to_verify_identity,verify_my_identity,False,0.24950000079115853,False
513,eb5568ad7bbdacc05938b2208fb3e2fba04c951bb8a51adb8b08e15a6bc854ef,age_limit,age_limit,True,0.35310000384924933,False
2474,4f4ae5db1c743f86124ce55d0d27a31989b86db07890fb2b5f32cdaeeede7381,top_up_by_cash_or_cheque,top_up_by_cash_or_cheque,True,0.26950000028591603,False
912,82e041ded29bb4ea104a0dee9c274013054c61bab680e7019047e822252a97bc,supported_cards_and_currencies,supported_cards_and_currencies,True,0.29180000274209306,False
3026,6349577b8c1ea4ef896214a38a06c8798f9342ba6ea3fe655d78f16b1c5658ca,verify_my_identity,verify_my_identity,True,0.33650000113993883,False
325,11f5389f21dce7e29a7032100250164c8d9052496c9586475caf0ecc866c91db,automatic_top_up,automatic_top_up,True,0.38830000266898423,False
3045,2a46d3f6d7011e20edde8c29043570674eb48b6ee831710fc0d1dad10b872ca8,country_support,country_support,True,0.27489999774843454,False
603,da4650121cad865d41231698a677b0d741ffeb4e4c8ea6b4714c6ca339aeaea3,top_up_by_bank_transfer_charge,top_up_by_card_charge,False,0.327199995808769,False
2076,84053ee3aa87ff3803a89f65aafa04703adbb6e633f428d41a49edbe6c5b8ce1,transfer_timing,transfer_timing,True,0.34389999927952886,False
2750,48bdef476461ae481098d40a205f5a98b5293d562828d195965cc275e1042c64,cash_withdrawal_not_recognised,cash_withdrawal_not_recognised,True,0.2517000029911287,False
1196,0ae1db74d3b856e7a8115427cec561f7e9a4c956e703a98798c3cfb0b7d49cfd,why_verify_identity,why_verify_identity,True,0.29460000223480165,False
2745,99559e4ecce276beb43bd4366c0f8ccfbc246de266c12eade891be0df461a54f,cash_withdrawal_not_recognised,cash_withdrawal_not_recognised,True,0.8407999994233251,False
746,e6985d06dfa9e3aa2c0586bdb6eee5d0fc930b21392bbaaf22504e5326ead461,top_up_limits,automatic_top_up,False,0.2443000048515387,False
2779,0e21d26469699e7125f6cb87ba4f75865a230e9bbffa61f53be692a577f78eef,exchange_charge,exchange_charge,True,0.31999999919207767,False
1946,84f99bc446a0dd1e7c242ef642228e2e4a45bd9281539bd4d97c8be868fe77c6,card_swallowed,declined_cash_withdrawal,False,0.3791999988607131,False
644,9f4e3b580659712662a7a7ccd46c9ce307f5a338a9cd7d233a489ba3b992c795,pending_top_up,pending_top_up,True,0.3566999948816374,False
93,3e7e7b37fa51e37330064e56fb2d27e415ff7c686e56eac8a59b967817cc887d,exchange_rate,beneficiary_not_allowed,False,0.2601000014692545,False
1042,003233e27c6b193d61beedc44148e9c29860750e0c16df2f2dc521e89348c489,balance_not_updated_after_cheque_or_cash_deposit,balance_not_updated_after_cheque_or_cash_deposit,True,0.4778000002261251,False
2322,37895016dedacb1db8da4ba1afa1fb28a0a94175af206ef0ac4844e50818f830,transfer_into_account,transfer_into_account,True,0.349300004018005,False
944,166adbe802298051f12a56d9af40b7c307c07f8d8807a5ab88c177ad84b22ac1,getting_virtual_card,get_disposable_virtual_card,False,0.32130000181496143,False
1604,3f484ababc6a19dc8eb17b6a107bf523750c31524fdf531a1aa51c4c72c8aa3a,pending_card_payment,pending_card_payment,True,0.2767999976640567,False
2010,3b6492030b7798714addfcb6334be1771bb2f86752e5b19e8d4e32d62cba0898,verify_source_of_funds,verify_source_of_funds,True,0.2927999958046712,False
1450,3c3cbc120769b19a1614bb745e88b4ed4f12bfd23bd8198fb69a8d1b22d2d65c,atm_support,wrong_amount_of_cash_received,False,0.23879999935161322,False
760,cf3722e6f84db0eb3b05862fe75fc41513cf7b29188795cb907d1603794390c8,wrong_amount_of_cash_received,wrong_amount_of_cash_received,True,1.00380000367295,False
2611,474ea66e10809d1b897ad5be2aa16aeb0b6c9c3ab8eb266b2f6afe26f8185ae3,get_disposable_virtual_card,get_disposable_virtual_card,True,0.32700000156182796,False
1764,cca4b1ab40bcb494d456154344849487ad22545d92566e1b783a8896668e3bcd,Refund_not_showing_up,Refund_not_showing_up,True,0.2767999976640567,False
2373,20c6a39f5e3e3142c8172e2363d0169010273b304333ed46fed0c1dcab4f4973,verify_top_up,top_up_failed,False,0.3863000019919127,False
2953,11e4a9bc665998fc3f1dc42e64dc8ae81f606ef642996e515e96f838de7382d7,card_about_to_expire,card_about_to_expire,True,0.22159999934956431,False
133,edfda318e519d3408b207c48633d504fd0bdd409af85263355c395aadfd21e4b,card_payment_wrong_exchange_rate,card_payment_wrong_exchange_rate,True,0.3615000023273751,False
885,a313d09d9dd99ee7bac45afed15daeb1f7334e0dede59c81f9e10e729259d7b5,supported_cards_and_currencies,supported_cards_and_currencies,True,0.32669999927747995,False
323,1d96c9cead0c4152668dc4a1d2e8d133808aa8f9f23a3e6fb1f9528d2fe5d803,automatic_top_up,automatic_top_up,True,0.32949999877018854,False
1660,1317997e1acb61e1b5aae0db2a820a4d8f0898ad8fb70277eb736b8642d6e965,lost_or_stolen_phone,lost_or_stolen_phone,True,0.3358000030857511,False
2754,5d56be007d80a4b46be2fca85c161d33ed81bfa6900211b1c8f145fcbec92951,cash_withdrawal_not_recognised,cash_withdrawal_not_recognised,True,0.6900000007590279,False
1571,47cea0556b41be87a9d28610cb6a3b08056736e6eb25dce1cc56e37d09c05cd7,declined_cash_withdrawal,declined_cash_withdrawal,True,0.9774999998626299,False
1740,bb46dea7b8b9aaa495437e954661bc31f259aeda5dc9164bcfb25a28d76eec2c,declined_transfer,declined_transfer,True,0.36700000055134296,False
812,97951db9688d348c43f15dd207dad904e79f2d737c83369e5432818b1cada7f9,card_payment_fee_charged,extra_charge_on_statement,False,0.30359999800566584,False
1253,b0014e90610c5ddcae643148700746617a962e5a7f42d38e1967b009fa8ae1f7,get_physical_card,get_physical_card,True,0.38159999530762434,False
71,363823f8243d520507c2c7d87d1f682248c831157177a18cba302f383d87297f,card_linking,card_payment_not_recognised,False,0.4172999979346059,False
1344,5722e08bbea2b2795b5b0dfd720300a620642396b8fbded68cd165013e302447,topping_up_by_card,topping_up_by_card,True,0.45870000030845404,False
1036,7b3ffd0d88e88d8d39b7e06f71ee7c9438499cb627cb84e1d840e7e1fb892b1d,top_up_reverted,top_up_reverted,True,0.4745999976876192,False
789,bb5cbc778c68e5a608a3fa45dd1f2c5275bf305c0d665b2606f229317efa42d0,wrong_amount_of_cash_received,wrong_amount_of_cash_received,True,0.4161000033491291,False
2347,da6b5ff78df126cb75b7fdb8237ee49d0a12331fd57c9617dbbb628440978da2,transfer_into_account,transfer_into_account,True,0.30130000232020393,False
1653,1b152b813ff6902cd1724d91ec7b8065c1b394498902f60dc3cbc773f458401d,lost_or_stolen_phone,lost_or_stolen_phone,True,0.2916000012191944,False
2119,edcc9cfb5b6b49f6a9fd51ead8b5c8dbc30648711d5ae0ec13b36557305a4fb5,reverted_card_payment?,reverted_card_payment?,True,0.20819999917875975,False
1855,2be7d5bba0961e8f6cc577f99d3c19909b67da78f58b019675b53f3f09fb2ae3,pending_transfer,transfer_not_received_by_recipient,False,0.3324999997857958,False
168,647d773214c935d97cdf7663ea43944d7f4c3c1cabc6847ba42f2ed7e6ebed16,extra_charge_on_statement,extra_charge_on_statement,True,0.28500000189524144,False
2684,5c656b74b4079585254663fe13e856394c18da2055aba6727b3988b7bb87e09e,balance_not_updated_after_bank_transfer,balance_not_updated_after_bank_transfer,True,0.29010000434936956,False
822,80f2e53c24aa35c22bbe0486d89eff58aa56fd94a21217f7b0c8aa21b58b5e71,card_payment_fee_charged,card_payment_fee_charged,True,0.23149999469751492,False
828,0f97170e1ab55a5b4669d79952f4cd1ccfb402ec4112d3655081cfeac589be04,card_payment_fee_charged,card_payment_fee_charged,True,0.5509000038728118,False
792,2a1b1596dc4cee9aa39452c2cf48b9b17c4b466e6e6225eae722a7570936a220,wrong_amount_of_cash_received,wrong_amount_of_cash_received,True,0.2997999981744215,False
1613,acf83b56927c0370818de657ee5f1277b2d049ea91326e3d1b8099f88070fe66,pending_card_payment,pending_card_payment,True,0.39060000563040376,False
2984,6de306b555607ba7bf7ef4971151a335d604237f631e34b2dcd13bddc95f0462,apple_pay_or_google_pay,apple_pay_or_google_pay,True,0.1536999989184551,False
2972,70636c69eb3a3d69ffb01bfaababc47e563c200ccb42ea3c69cefde808586f42,apple_pay_or_google_pay,apple_pay_or_google_pay,True,0.6414000017684884,False
570,f122e5b5ed4ea24c9fef9cbb996893eaa831b86749b5c4f5d3e8ac59250b96cb,contactless_not_working,failed_transfer,False,0.792499995441176,False
2706,ac6e6555de0468f2f74e116765040a6094313e1387b1ebe1e0f92c564ab45ce2,balance_not_updated_after_bank_transfer,balance_not_updated_after_bank_transfer,True,0.3547000014805235,False
2260,f69d67ca8e417f2c8bacc1941ae6c38a514ba60cec52cc34c892304593157282,receiving_money,receiving_money,True,0.29070000164210796,False
2451,ef2bef973c9341494e5f34dc236f09814b27b60d128cc6bf0021fced2c1472e0,top_up_by_cash_or_cheque,top_up_by_cash_or_cheque,True,0.23289999808184803,False
2808,bfad86d7d772d7e7c91738404f05cd1d8d8939b4c7843a48c4f04aaf7382f107,top_up_by_card_charge,top_up_by_card_charge,True,0.3856999974232167,False
2639,0391761a90e3086d61ae68ffae1529c98c9cd7f5660f2f3c10b7cc967b79f116,get_disposable_virtual_card,get_disposable_virtual_card,True,0.3291000030003488,False
2792,7dbcbbb70547e7f2e20301bd8e05fcb8acf120851acb4be57d05139dfb3ad724,exchange_charge,exchange_charge,True,0.28029999521095306,False
453,7656a70332b53c7683d16bb83eb7848be723a3de38141bfabf5c6f57a63f1a58,lost_or_stolen_card,transaction_charged_twice,False,0.36499999987427145,False
1886,89fd2bc112687eb542e2d6159f93cef0cf2028578f672381f0690dff36a63f77,terminate_account,terminate_account,True,0.22810000518802553,False
1011,63b39d7b305abb398359df3683117d3316fad8f31ef332a89f7e68b8c2eeb905,top_up_reverted,top_up_reverted,True,0.34919999598059803,False
440,e44ddb73be6331ea708af09528e3fbc5f5caa11a5361255b43bee5ba9e667c46,lost_or_stolen_card,cash_withdrawal_not_recognised,False,0.756600005843211,False
1364,4dba97cfa6fdd8954a40a55902cd692107513f5e1fefa270a22ef38de72a5bb6,disposable_card_limits,disposable_card_limits,True,0.29879999783588573,False
2695,fe98b87c30db76b29f5cbe7071d7aa05601f21b355397b3dd1b1e7b7a465c1f5,balance_not_updated_after_bank_transfer,balance_not_updated_after_bank_transfer,True,0.26169999910052866,False
1703,22c019463dbb40d77ba752b60e8e28d850656361574dfdaeed7aa90c81c5f7a8,request_refund,request_refund,True,0.32749999809311703,False
1713,60bc9f306ba2cfd89306f324e53c5048efa76774bb44521308fb7c6fcfbe4646,request_refund,card_payment_wrong_exchange_rate,False,0.43300000106683,False
422,26fc73ad583e805d4a44756c900b87cbd4c59a79d1fe7cb687bccfaa515dd4d6,exchange_via_app,exchange_via_app,True,0.3874000030918978,False
2374,e0b7c2675ca4ead2f8cb8ff86195bea795d85e7814129e7986076d25588ac164,verify_top_up,verify_top_up,True,0.2547999974922277,False
84,a187dfb742060930275115f458fe88023752ca65c9d46edd65c1f7a11f7db47d,exchange_rate,exchange_rate,True,0.2505000011296943,False
1148,82c40b1de8c9033179d49219da2613c4a0c9a79888dcdd4fec8870d4231e64e3,edit_personal_details,edit_personal_details,True,0.30390000029001385,False
2114,3c3637eeb5b947fc0868487e20b88e451a8a4d8776a5cd07e5bb8a1a1e7873e1,reverted_card_payment?,reverted_card_payment?,True,0.31319999834522605,False
60,dfa99409bc18a1b66221ea06de9c6646c18dbcb31d1619c264262141001bf4a3,card_linking,card_linking,True,0.32420000206911936,False
1628,ae646f1933d8315da3da7730c1885ad08b4ae896c0d46cae05e8ea7cba55b25c,pending_card_payment,pending_card_payment,True,0.2507999961380847,False
576,b030a54027d462e398769e24668aae32f4b033600c9cbc52695f3b6fe8b9fef2,contactless_not_working,contactless_not_working,True,0.15250000433297828,False
1418,cbc169911d3758cd6653cd696fa41429db3d71ad449c96aeba6ec319d0e5cbeb,compromised_card,compromised_card,True,0.26219999563181773,False
2897,a3fe70779439b67513e19da7ad1176e7eb35243d45ebba2fb5f29f81be1fb34e,cash_withdrawal_charge,cash_withdrawal_charge,True,1.2860999995609745,False
312,2103a9add783e6cc7ccfcb2f97e4947616672af918b1e2dc9bea9f8234f76c9d,card_delivery_estimate,card_arrival,False,0.32780000037746504,False
177,c271c107be0b153e39de78f185c53d658180d36f381cecff9f7922af5673f51b,extra_charge_on_statement,extra_charge_on_statement,True,0.3873999958159402,False
772,fe8183fc8d670a29464db7f9897f35e0514945a8c819cd0069cbbd77058f9476,wrong_amount_of_cash_received,wrong_amount_of_cash_received,True,0.6538000016007572,False
27,4103b473946ee338393a82e319bd143af9517cc3c0c16e699e92b858bf13672f,card_arrival,card_arrival,True,0.4746999984490685,False
1953,d8ac4cc9076f4afad7afb055f1796633bfc254fc3246420797fd45c0763db5e7,card_swallowed,declined_cash_withdrawal,False,0.33089999487856403,False
936,081dfd1ad46cf0a4f61cf5a90593f1942ce617aefebb76211f1386e4ddc60152,getting_virtual_card,get_disposable_virtual_card,False,0.30059999699005857,False
2532,620cd938800bc9ad3395869e443efd3c68ea515dfcc0563f19127f04e6eb624e,virtual_card_not_working,declined_card_payment,False,0.3875999973388389,False
1533,e71c83bcc0b2020e7c95cb7b0d11cee23f9dd48f481fb062b6bdc25a81272c3e,passcode_forgotten,passcode_forgotten,True,0.22639999951934442,False
2377,f8e70ce98155d7d2500c4c7bb680f80f93085f655e8453cb8b610138310aff36,verify_top_up,verify_top_up,True,0.27179999597137794,False
825,97ff1646fbc4c75ae9205e00d282e0cf1d54c79e7e2d493cde6114991e84ebee,card_payment_fee_charged,card_payment_fee_charged,True,0.3436999977566302,False
1280,d1d7075bb89a437234d58e5ca6c7730cd8d6b657456f53e0f28489794e9eba9b,visa_or_mastercard,visa_or_mastercard,True,0.26059999800054356,False
2945,9fcaf5ccc97ce71b330ba152c0ca33475c819f4116a13ab36b5ecea250a280c2,card_about_to_expire,card_about_to_expire,True,0.5095999949844554,False
2427,9484263731e531662d1720449359e1edf14171aa5083eed095f08de5287cd1e3,getting_spare_card,getting_spare_card,True,0.3498999940347858,False
1251,7094cff8efadfbba7aac3d7c252a861b6fca54a97f99f3b290b873ab7e8b176c,get_physical_card,declined_cash_withdrawal,False,0.43929999810643494,False
1145,87279dc5cd52d4d01ddb9d1dd89996d470f399cdc3efd5fc62fc3351d50bf7d0,edit_personal_details,edit_personal_details,True,0.2936000018962659,False
1444,0192794193261b356b2e8f612364e10f8019d663f95205d428d311a78608088f,atm_support,atm_support,True,0.3730999960680492,False
686,38ea223e1d39e688626e04d6df3a5954068df5e27e5ace5fab2183e45f1d0d95,cancel_transfer,cancel_transfer,True,0.6586000017705373,False
867,08b2cc2238e9fd9d5542e71ee4c980557f7609f52d329e399cb4393df78060c2,transfer_not_received_by_recipient,pending_card_payment,False,0.4211999985272996,False
891,9af4825993db074b4078993433002e8bc57ee2ffd0609dabc0bde1230ede9389,supported_cards_and_currencies,supported_cards_and_currencies,True,0.32479999936185777,False
247,ab90b3b29e5b7b7c965c1ebdfc72572d9840a68c4a6a1ec50c3ab6cfa2fcc99f,fiat_currency_support,fiat_currency_support,True,0.222100003156811,False
1717,f6116ca85c471b4ac207f5dd2db140bae7cdba2002a0e70ab8a3dae89d6b5ea6,request_refund,request_refund,True,0.30189999961294234,False
575,bda2c6a13febe04bbfc15c7a8dbf9b7b113b9484438366bcc7aa9e4b85372549,contactless_not_working,card_not_working,False,0.29350000113481656,False
1721,497f918e92a987092c9a29b1411fc2c953fd690db0171d043e85a00b99c2783b,declined_transfer,declined_card_payment,False,0.6979999961913563,False
562,d9686316e56c92a0c4d18fdd576098518dbd9699f3021564bbac19f1bce5415e,contactless_not_working,activate_my_card,False,0.2744999947026372,False
642,43a1aceac1c0a23057210128fd0ea318f4c1191a32c488264418238462a3c7ec,pending_top_up,pending_top_up,True,0.27009999757865444,False
1814,1b19f2876d2998674cca1179e1e502e39bcc958e30a591be0c1da59f205494b3,declined_card_payment,declined_card_payment,True,0.2520000052754767,False
1174,7a6bbd063454a9214a814a1ed0cdd0e50026e8cca825147dcb3bf172bbfc075f,why_verify_identity,verify_my_identity,False,0.2536000029067509,False
2713,92f39fbd25d0ef9418bcdb287efd0dcc8340c467bcbe930168dfa61fa2b839b2,balance_not_updated_after_bank_transfer,balance_not_updated_after_bank_transfer,True,0.22629999875789508,False
2760,266b0c11f5e22c083c11c8d6dd08668b7abf84ff53d83523ddac1a53ba5a9f74,exchange_charge,exchange_charge,True,0.1959000001079403,False
1689,ced918ed4c9d9c68315aba3ece86826f5781a109cc761b53575cb95569ca1aa7,request_refund,card_payment_wrong_exchange_rate,False,0.44469999556895345,False
205,989fc3c663aa54f8e03f17158c78057e590d6f21a9af3c75c30cf7f3c76f1605,pending_cash_withdrawal,pending_cash_withdrawal,True,0.47560000530211255,False
308,de33208ca93bb6d7cb1bdb2bed9eac44a54b466aff144943a6488573e00fdce5,card_delivery_estimate,card_arrival,False,0.21559999731834978,False
809,aaeaf8503e588e8d2f54609cfa0bf8006799038be113962b40ddb9f97a9738a7,card_payment_fee_charged,card_payment_fee_charged,True,0.38299999869195744,False
2149,d1a9ec7a1bc685ef15cb23ed8980439f6f71c510897bd2493b3600669c7f6607,change_pin,change_pin,True,0.33070000063162297,True
356,55daf15fbbc3af1f89db9438fdffbba6a335980171f42194b5f3fc83fdfba0c6,automatic_top_up,automatic_top_up,True,0.26980000257026404,False
1558,23ca687aa2dbe5b03e702fb4a6101f694a860ca2e416726ed6d1aaa6a86f2e7e,passcode_forgotten,passcode_forgotten,True,0.30440000409726053,False
1389,a2893975040fd762f913255066b0dd22ff2c2bfbe9263f198e9a9cbe6f8e5e5d,disposable_card_limits,disposable_card_limits,True,0.313000004098285,False
417,0c2e37f74ab1d004e970c591ad6321c31cf879d9d55ee17493ad3b9c69b7bc50,exchange_via_app,exchange_via_app,True,0.3999999971711077,False
1271,6fbc7fc0e1550d0c14c99b5ccd33a15bdfe75981eb1d6f2e7541da5bcf581a03,get_physical_card,get_physical_card,True,0.22739999985788018,False
2769,786b11950de67e31699705a40f70dbc5502e7c86ab6da1974c36951d1cb2bfbf,exchange_charge,card_payment_wrong_exchange_rate,False,0.17639999714447185,False
1810,31046e9ee30aa7fe32c22d47ec657b9b2441df1adf095e5e23faa0f73d2b0f61,declined_card_payment,transaction_charged_twice,False,0.2690999972401187,False
3027,ed949a143d136a66d6111abee500a2395fb71ceea12063af4956c2de7c6db4f1,verify_my_identity,verify_my_identity,True,0.2673999988473952,False
2787,7f7182eb2ba0e05735e219fc6d29edf9a0087fd8345c9edca7fcbadb865d4a0d,exchange_charge,exchange_charge,True,0.36840000393567607,False
2712,54992dcdec0ba70d9d4074f2dcdefdb6ec29f90575d443e236858a569ea10cc2,balance_not_updated_after_bank_transfer,balance_not_updated_after_bank_transfer,True,0.9038999996846542,False
636,58f745c4bcf38266ffbad22104ed5b7cfb090229329124549ab72df8a8a775ce,top_up_by_bank_transfer_charge,transfer_timing,False,0.418099996750243,False
2422,ae78653068ca5ba39724c3053034cad8c936e40e693f2b7128631b4899471a6e,getting_spare_card,getting_spare_card,True,0.28469999961089343,False
3013,db6333cb8ff14550e425fbc8e34e68e9108bf7dd243711ed3495194ddba4e7e5,verify_my_identity,unable_to_verify_identity,False,0.2727999963099137,False
2161,e6a564f63b55792ca7040dba52085ea72827871b77e14136f40b5505249539ef,beneficiary_not_allowed,beneficiary_not_allowed,True,0.6390999988070689,False
385,ed5d84d7baff5164d27123edd80d97e0e93a621f2d3fa94cc8194aeebf824518,card_not_working,top_up_failed,False,0.4819999958272092,False
2566,2e007a37068a758b564a05150d721d00f498b0bf1b85e628d202447900d4a6e7,wrong_exchange_rate_for_cash_withdrawal,wrong_exchange_rate_for_cash_withdrawal,True,0.3543999991961755,False
127,2cc72e9aa720fe88a91286ece1f0ae13e3391f31eb824184b2534c822ca2746f,card_payment_wrong_exchange_rate,card_payment_wrong_exchange_rate,True,0.32559999817749485,False
2842,84a4f7785e708bd54bdd580f9094b1f331874fbf22248990abe4807047394826,activate_my_card,activate_my_card,True,0.3395000021555461,False
2228,98d2aac1b73518e9002d85292f96b64b885aadd9909bad21afbfd42777459ea2,transfer_fee_charged,transfer_fee_charged,True,0.2906000008806586,False
1770,92fc48f826d4f93cbd158897e3b0f4baa71fee6636b74a6e46b33c35fed9eb9f,Refund_not_showing_up,Refund_not_showing_up,True,0.5515000011655502,False
925,14f408c43d43b6873b288c8f9d5dc8a937094b035577f7f93143e6a1bee4b343,getting_virtual_card,Refund_not_showing_up,False,0.39619999733986333,False
140,ba87d65fd04fc69b1a9fffa464c080f35d53c7543260a659df8c5f0e9d17486d,card_payment_wrong_exchange_rate,card_payment_wrong_exchange_rate,True,0.3895999980159104,False
3039,072052282e707c99f40ce255b2ed940494ff10be35fe8f9c4c686e22a1e246c3,verify_my_identity,verify_my_identity,True,0.2886000002035871,False
1606,5510584e8b901b598d07f40173bab5a16baf0479f8780933ebfb1d28c3cbb8d8,pending_card_payment,pending_card_payment,True,0.5480000036186539,False
1555,d8834c8575deb5de396b058af82d3bcbc3073916212dcaf2a393c83865664e71,passcode_forgotten,passcode_forgotten,True,0.28960000054212287,False
1813,b06f4f71acc7cc67f955c7e52c335b9a51677fbe52d909fa726f3bcd57dab3fb,declined_card_payment,declined_card_payment,True,0.6963999985600822,False
2038,f9614584c90129d7a0b0ae02fc2f10d2e147308a14c1ab09d2527a4c80e8084f,verify_source_of_funds,verify_source_of_funds,True,0.3189999988535419,False
343,25e5bf9f76633efd9af349adc10d603843497555181c5657c577da0811720f7d,automatic_top_up,automatic_top_up,True,0.3961000038543716,False
2499,b861e4ff17a946436a0a0d914cf936fde05a8c89adb5b44ed5b4eb48ac857ffe,order_physical_card,pending_card_payment,False,0.30110000079730526,False
2628,359ee39d591aad9e6f3ced21f8a063d97a1e19ded117a67482e7e0101efaa1c4,get_disposable_virtual_card,get_disposable_virtual_card,True,0.2610000010463409,False
654,283ca8c2acfe91cf34eae3f82db8383a528bd7c12de54d7ee56d729b9df29bf8,pending_top_up,pending_top_up,True,0.7393999985652044,False
1499,9d2c381afa08a45bc149fa3265b9597719e3813cc92f660e1fe40ce875c13a7d,direct_debit_payment_not_recognised,direct_debit_payment_not_recognised,True,0.9467999989283271,False
2278,edd32f1c58abd6324197261e3f799266aa6e1384d8fdcaa5e25e0364f36a818e,receiving_money,receiving_money,True,0.2606000052765012,False
1917,62eea1a5db664482902d0a2b5cfa918dca72bbfbdadd78090a4f3c377021f5d5,terminate_account,terminate_account,True,0.4350000017439015,False
2047,810de5468dfdde1a732215cb35563600edfff47641bab71886f27358117ada0a,transfer_timing,transfer_fee_charged,False,0.28920000477228314,False
1842,871d727527bf4cc61913f01b034bf8700dcecddf381ea3dcdf12d8ab404c7ce5,pending_transfer,transfer_not_received_by_recipient,False,0.25439999444643036,False
2433,f388d53aed860dfd00265adc4593e27918a9a2f5eeaa9c4381f0255f6a4a754e,getting_spare_card,getting_spare_card,True,0.27119999867863953,False
2441,90d70721b5194a098b80be4cf1828256f49099ff420081ff5ffce39cbf185bee,top_up_by_cash_or_cheque,top_up_by_cash_or_cheque,True,0.25129999994533136,False
278,27a4397bc097c8fbb6fc581058f579da17539aa6eb91165e44f9e7c8c5c44abd,fiat_currency_support,fiat_currency_support,True,0.3269000008003786,False
2346,eed41b5955b1b292ccf21cd29d089948145c0c016e2e1b0f93763704b2c197e8,transfer_into_account,transfer_into_account,True,0.26870000147027895,False
2590,93c7bd72f11a9d06391d8d0efc255416daa3548b42083307686433174c74f6dd,wrong_exchange_rate_for_cash_withdrawal,wrong_exchange_rate_for_cash_withdrawal,True,0.28250000468688086,False
1726,44ced2879fca4c5a0e1cd6e255f6460c9635cfea99fe29a860c9a86500846234,declined_transfer,transaction_charged_twice,False,0.32729999657021835,False
2413,41723d485fce786bf05656d58d67850f7ced0708ae9a75a3002d61bd37003059,getting_spare_card,getting_spare_card,True,0.2762000003713183,False
22,3485722fdd107f824b73a8591c213f92a3a3bfdcb34332c9b7254271a64d2741,card_arrival,card_delivery_estimate,False,0.2995999966515228,False
190,14be97a922e114d6b5f380d6677a9f33ab67841518a4cc236f2f6cb63df53209,extra_charge_on_statement,extra_charge_on_statement,True,0.3606000027502887,False
1400,e4bb18cc890500a72c08745cbf6a022756f5f4d34ef8baef56e6b7289b0b45eb,compromised_card,compromised_card,True,0.4082999948877841,False
843,92a12287d889ffaa5961dbb462b0f7cba5a1ed20adf4be9bc0e9c146f25e60c2,transfer_not_received_by_recipient,transfer_not_received_by_recipient,True,0.37179999344516546,False
3002,b60a638ea7e6becb967f16b497025afd398bc50f06eef6641c187db1fe5303ff,verify_my_identity,verify_my_identity,True,0.3186999965691939,False
1830,8c0389af3a6a270498b072bfb9d20962f04161d3392098f3dc688aed8169837a,declined_card_payment,declined_card_payment,True,0.20349999977042899,False
365,ba65c747ddf858d586b5abaab7ff08f8becf0a4fae263376e68bca551ef5613e,card_not_working,card_not_working,True,0.20080000103916973,False
1201,33c331087db902a55eaa52b5793bd15d8ca40b2ac865fb54583c7866329eb470,unable_to_verify_identity,why_verify_identity,False,0.3440000000409782,False
1404,8b7c61dab1760c89aeb96eeafcc956f85862610781b62b7ab2b3bb0e55809fdd,compromised_card,cash_withdrawal_not_recognised,False,0.25570000434527174,False
2886,59bcc1e8ac91e47c81151c7a83f9072952a85e1b04e44a9603e30a71b857645a,cash_withdrawal_charge,cash_withdrawal_charge,True,1.214700001582969,False
2056,6fdd4c43680074ed2929cae11f75697230cab961e95c4a20cfb7df642fd8e17d,transfer_timing,transfer_timing,True,0.4600000029313378,False
1452,808094b90654b96338be97556e871f7cf696177f230387eb9225739625ec639c,atm_support,atm_support,True,0.26509999588597566,False
1283,d81aae71adb43182bc3331616598bb2006ae5601406e177e6dd5cf5138589926,visa_or_mastercard,visa_or_mastercard,True,0.2795000036712736,False
2678,1d9fbc415e77af3cc3f1b9e89ae74d6ea78d424a91eab7086c26b995221593aa,top_up_failed,top_up_failed,True,0.2182000025641173,False
1609,489d2599a633e5f048974266602d8ed00ab989df14418e1de65c06631821a6a7,pending_card_payment,pending_card_payment,True,0.2846000061254017,False
1856,4923d160a2800073cd0fea5991d2f0a286b9e69c66ff8c8a7f9916a5da1da2d5,pending_transfer,pending_transfer,True,0.25409999943803996,False
1590,2f073b5f7475df833d95901e6c3e3df89af1e0aac37957ea85ebc4691ef1fd48,declined_cash_withdrawal,declined_cash_withdrawal,True,0.585900001169648,False
2881,03231953bbbcb199c4c950ba0adf7fa93b583684691f14609d6fa29a9c10b99b,cash_withdrawal_charge,cash_withdrawal_charge,True,0.3171999996993691,False
1674,086b28b159fbdb90218cc7fac21d698f2fac4b8368ae4d54fb7525b1d3c798f6,lost_or_stolen_phone,lost_or_stolen_phone,True,0.37779999547638,False
2957,bffa28210fac559ba4850ca8a101632503d4ed120f5155ca46dc8c2c1b4518e3,card_about_to_expire,card_about_to_expire,True,0.4138000003877096,False
143,06b4ecd5987a86167c08851c34530faa9f47f5cfeb6dfe0a80dc894642f0179c,card_payment_wrong_exchange_rate,card_payment_wrong_exchange_rate,True,0.3040000010514632,False
1881,32cffa1a76599974de11fccb7392bfd555246cf174543f49ef49e197def1fd3b,terminate_account,balance_not_updated_after_bank_transfer,False,0.6357999955071136,False
838,e13e5c257085a4bc866c087cf41a8f387a9aded85ffc0032c38c1c73b84eb452,card_payment_fee_charged,card_payment_fee_charged,True,0.4805999997188337,False
2157,1893d161c13759df7d8747db5c6cb94e18d0e223dfe8fe769706461f15a7cae8,change_pin,change_pin,True,0.6011000004946254,False
1698,edffccb8b85627e4372cb35a6e312af14eb0da69b3a583ce7312addb1e05d981,request_refund,request_refund,True,0.381499994546175,False
1572,40bf47ab11c196e0c8669b802623151b381ddd972aa0ceb6973af1c0dcb790d3,declined_cash_withdrawal,declined_cash_withdrawal,True,0.4507999983616173,False
1779,e616dac41ac6f51f3d1f3f060bd7ec64e2c3678bdb77052d5e7666215365b26b,Refund_not_showing_up,Refund_not_showing_up,True,0.45559999853139743,False
2015,c973e2e840066154239848b8297422de1c514ca5ea8d5795c22b6022b3fa6c05,verify_source_of_funds,verify_source_of_funds,True,0.34130000130971894,False
254,3bc31366b43ca3f38fafac164f5b18647d5fae8116e3480aaee9820a80f639cb,fiat_currency_support,exchange_charge,False,0.23189999774331227,False
1960,c5a4e1c5b01bfdb196014d3b1d24a8f111e0b23cfc555af1ac5854862abbb77d,transaction_charged_twice,transaction_charged_twice,True,0.37960000190651044,False
539,d56e339be8ae444cbb5f2477a1ffdfd000c6f26c6505553d2b97a789f55a2a93,pin_blocked,pin_blocked,True,0.2961999998660758,False
602,14dc2f12b33b8fcea35360bfa0998faa382f4a411040270119b414cc4d1d87f6,top_up_by_bank_transfer_charge,transfer_fee_charged,False,0.33400000393157825,False
683,62b0d681105d5bb178df51da20312a4e32c86c9c2576e2fe20e9c6f69642dc44,cancel_transfer,cancel_transfer,True,0.3467999995336868,False
373,b0c82b99c0e10883d468ac4865d0fff93be3ef843cc105eb9152448251d48180,card_not_working,card_not_working,True,0.20010000298498198,False
662,60da9e77980f4d0534800a34e73a074d3c33d892d75f82b5b3234db82168cdb9,pending_top_up,top_up_failed,False,0.4472999935387634,False
754,7fb6d87a06fb54caa4cadbe5164407d8a8973552f006ce8541e823a3efd09271,top_up_limits,top_up_limits,True,0.246899995545391,True
212,9f998bce6e94de728e5cdfe419bb65933c909f73a3d6f324780ff7afef466da6,pending_cash_withdrawal,pending_cash_withdrawal,True,0.27350000164005905,False
2949,6f021c3570933742eebb349cff916fafae46487efb13b47662da71eec860f8d4,card_about_to_expire,card_about_to_expire,True,0.4262000002199784,False
1911,39c9658206ff45cf1d86a41957dafa63022309b2a3b041d5c3b02c47d05693b7,terminate_account,terminate_account,True,0.22249999892665073,False
1041,d12dc2b193c507130909f4f84ce90c6cdfeb48d4fbf90848078a6752d2cf5e44,balance_not_updated_after_cheque_or_cash_deposit,balance_not_updated_after_cheque_or_cash_deposit,True,0.34559999767225236,False
2730,b2bc3b466aa666b96b9aeeac0facded1b2f0323844872fbef2b4f9365c984c6a,cash_withdrawal_not_recognised,cash_withdrawal_not_recognised,True,0.4226000019116327,False
2500,8d3bf2e37a3e6b8493ee3700a73cf7c2d36b1b7a70ff3f84241338e174f500cd,order_physical_card,top_up_by_card_charge,False,0.34440000308677554,False
1190,d9774af350f792a7619c08f46e9ef720e9790b906c9a7b97a746eb96480fb8e3,why_verify_identity,why_verify_identity,True,0.2756000030785799,False
439,1122e68f0ad04aee5e9d490200b78866d9273ddec1710681fad03ef3240d55f5,exchange_via_app,exchange_via_app,True,0.22080000053392723,False
1776,cfd4ca0b4e698029b7b2b91cf61c349a146f45032369f6bd5f475e26cf1358a0,Refund_not_showing_up,Refund_not_showing_up,True,0.5300999982864596,False
470,0692d501533c83c75d28cf49d59829223381843fa5e51abb0807d7cede96e344,lost_or_stolen_card,lost_or_stolen_card,True,0.30330000299727544,False
