test_index,input_hash,expected,predicted,correct,duration_ms,train_overlap
2560,c808300eeab8b4460c47adc4c4205b8b48fe7ed6b99fe6a589d365815c5e0361,wrong_exchange_rate_for_cash_withdrawal,wrong_exchange_rate_for_cash_withdrawal,True,0.8003999973880127,False
178,447d19ba6ef78aff6d36fcc319e78a876ef7cf27f243d4446dedf213eb3e5571,extra_charge_on_statement,card_payment_fee_charged,False,0.41680000140331686,False
2956,d24deabb1768ea62a5fcc2832761a82a25da22192d729d12e55aa4f40b3afe3a,card_about_to_expire,card_about_to_expire,True,0.2590999938547611,False
474,44563b4f8aa2c72d578fb2ee3a4ed604d8a486d53ab14eef7a8c1e0a9b0558b2,lost_or_stolen_card,lost_or_stolen_card,True,0.2865999995265156,False
2385,11799283473b915f77d38ff5704d7b78190e25454b33eeb1250f45f37ac7b24d,verify_top_up,verify_top_up,True,0.3420000066398643,False
1841,8b5d7bb523dbc5aa846e147d0008b720c6a761c022cd35fe1a5c15e2a59d399a,pending_transfer,transfer_timing,False,0.2880000029108487,False
960,ff1bc16e453746f4a247199f1372b8f31e73a457f54b54d915e50ed62a9ffa4d,card_acceptance,card_acceptance,True,0.8292999991681427,False
1598,f013e4fd19bbee46687f72152d6a6c83904764c52b6928f2bf1e02d29091eb16,declined_cash_withdrawal,declined_cash_withdrawal,True,1.0353999969083816,False
829,f75e44bb006b64fb0c03b9f215bb2b92ce1bc283fa3585e32788d01ee796d422,card_payment_fee_charged,card_payment_fee_charged,True,1.7939000026672147,False
340,c6ed4f9d58af854fd5063818514e7ab4029befa8fc4fb3990d7bbd4f37ddb4a2,automatic_top_up,top_up_limits,False,0.3316000002087094,False
566,4cc377cd9db3923025421abb4a83821957aaa24dfd66c2fac7b881b26e1ec00c,contactless_not_working,card_payment_fee_charged,False,0.6910999945830554,False
220,c95f959fa1fb4c4b971cdf1afed77233ddfd18f355efe99b0f4b373fe839cef0,pending_cash_withdrawal,pending_cash_withdrawal,True,0.2910999974119477,False
932,a0644c6f09fbfff899423ffe549268a14d04588b11285e4bcf40a077f2920928,getting_virtual_card,getting_virtual_card,True,0.23430000146618113,False
1961,8d960f0c39db346a7260ca622324c73a37af1eaea024e52b540d689a84979f58,transaction_charged_twice,transaction_charged_twice,True,0.9532999974908307,False
550,f82fd6fcd919da387c89cbe6f575480e15e6979bdcba3b509ab0c3fb7c7592d7,pin_blocked,pin_blocked,True,0.2528000040911138,False
1484,311a2310f66b7b8e843d076427c36ca299594c25b7b2355dd78ac62ead57f708,direct_debit_payment_not_recognised,extra_charge_on_statement,False,0.24649999977555126,False
1909,b9a21435a6e72e94c49e2785f10eeeba43357bbe9c314a04144263fae20e99ec,terminate_account,terminate_account,True,0.1984999980777502,False
1272,f5f07cf5453639dec038eb06b38ee6fb97636641cb6b554c035ebafb36b6b706,get_physical_card,get_physical_card,True,0.22670000180369243,False
645,c5e9b2a9dca88130916001a684efb27e4b710360fc84a2c0a6b1634f9e7d0fd1,pending_top_up,pending_top_up,True,0.20010000298498198,False
2799,af60f3e43b4b98534ca0173b35f35cebc9109037d110e02c9b72f5e6583117ca,exchange_charge,exchange_charge,True,0.24029999622143805,False
163,5695869dc881eb4708bdf467a814a711ba218cbc4618138582d09b0c92f7ad4c,extra_charge_on_statement,extra_charge_on_statement,True,0.3293999980087392,False
1983,788a8f11192ce56ece4292eff85120ec84460972d46b80a2b96b278c80ea604b,transaction_charged_twice,transaction_charged_twice,True,0.4816999935428612,False
354,3efcff6f73d4a5c1f68ba12c7a1f4140e7fd77f178219e3db75133dd3ad51185,automatic_top_up,automatic_top_up,True,0.3339000031701289,False
349,3fc634d52b17f21e8945930070819acc354c4840bb0a7443b8a73703f59f76f4,automatic_top_up,top_up_failed,False,0.6593999933102168,False
1506,af4c034f199d60474069385e7c3dfb1921a9984cd25f034cf5a326ffdc6b7aea,direct_debit_payment_not_recognised,direct_debit_payment_not_recognised,True,0.36589999945135787,False
271,58558727159d2c89e92201631304056acc27434bb1b44afe0d426d94c4269112,fiat_currency_support,exchange_via_app,False,0.18060000002151355,False
834,f88c583220f0455eba51462e6f6b6a19e60254a9aa07b216d9e8543ef45c90af,card_payment_fee_charged,card_payment_fee_charged,True,0.3324999997857958,False
881,5b6d405b9e96131d1a30c88d311ef9b1b592142e099b6df2cb7398c12f571153,supported_cards_and_currencies,supported_cards_and_currencies,True,0.308899994706735,False
504,16bc1487ef767b7c04b69c6f6531d179042a18165c1c68f15e778e1a6a63d697,age_limit,age_limit,True,0.49759999819798395,False
377,e574e91c27413c05af452ed93195ab0ff14f8654652af10a6763e5daa489d81d,card_not_working,declined_card_payment,False,0.691299996105954,False
70,56629430ef1b876998176d64daf6fb71c5c2840aea89a679be439163590533f9,card_linking,card_linking,True,0.3606000027502887,False
2899,8c618c60adb6e1eddacdcdc9434ae3f7e9988eb36e2083263f1a44ba91f5478b,cash_withdrawal_charge,cash_withdrawal_charge,True,0.3858999989461154,False
1965,f3f803eea88e32e6abd6fccfe3811cd58ad151e635940e577a447124d31b6627,transaction_charged_twice,transaction_charged_twice,True,0.28670000028796494,False
2944,0dff8c0f51ae34321ddfec3d715b8c68ee78ceabb1e7bed40f1a5ce4ac08c3f2,card_about_to_expire,card_about_to_expire,True,0.37339999835239723,False
770,16d712fb711b6943219ac9349bc845bcbd05e667141fc24f8fb93ca642a3990a,wrong_amount_of_cash_received,wrong_amount_of_cash_received,True,0.651100002869498,False
957,ae39e5c745359b003e1abce8c3146a1b8d5f2be94416366ddd932e7e5c9aac55,getting_virtual_card,getting_virtual_card,True,0.2440999960526824,False
2916,399bea37592a821cb24150a31e0607c468dd479404ef9614ff8ae28579318906,cash_withdrawal_charge,cash_withdrawal_charge,True,0.3023000026587397,False
1637,30c1dac4065534516d34f2d2128317fb655a7959bc3095801f5545b849c83083,pending_card_payment,pending_card_payment,True,0.8121999999275431,False
2371,c13e8004350b1a8e7f99a2148b42227038849337747ffc3b4a0f114adc7413ac,verify_top_up,verify_top_up,True,0.29859999631298706,False
2818,48cb0313d9c3f1a1c3482416a8dd3baaea8f63ece1db1b1b661c759e042e0eeb,top_up_by_card_charge,top_up_by_card_charge,True,0.38610000046901405,False
2508,46f0405185e7668819713ba04afd8957bff5eb27834e50013b20f92749220b11,order_physical_card,order_physical_card,True,0.21869999909540638,False
2894,87915dfa5499e78dff49e9165728dc3564dabaecd3f65cb13a83c650e2cf0784,cash_withdrawal_charge,cash_withdrawal_charge,True,0.28610000299522653,False
1798,4025664e8472ae218e6c6e688dfda2fb45a43746a8c865a5d6560b344f7565f4,Refund_not_showing_up,transfer_timing,False,0.7689999983995222,False
3043,7baf3183821be9216fd09f2defb8e32d6ce50e0a7b609ad54f64559af7b277fa,country_support,country_support,True,0.40729999454924837,False
2734,7fb21bccd3783e55c0532af8cb32ea8caa2aa4c92f8c3746ccddc92108c28fab,cash_withdrawal_not_recognised,cash_withdrawal_not_recognised,True,0.7292000009329058,False
2309,ac476367b665d6ced7e2957ee3bb82960795a265a232643b7e71b5998a5ca9e1,failed_transfer,failed_transfer,True,0.7212999989860691,False
1146,cf5b821d0e11f34ed7ff46c9f344ec57ba1a842429235c5d0421e609d28baa35,edit_personal_details,edit_personal_details,True,0.2671999973244965,False
1710,3c84de6a345ca1a09d496f9f2440a66436d7fdd3fb53b28c86badbcb5ca493ea,request_refund,request_refund,True,0.5737999963457696,False
2906,b95686a0d4c1c2c48c797a46b9e32f1de0928c67e274586736c6a5a4f8d65c47,cash_withdrawal_charge,cash_withdrawal_charge,True,0.3488000002107583,False
2096,f8affa04cdb60de13255edfdfe5501650cc66d4f361f10a7d295e99e239b5f40,reverted_card_payment?,reverted_card_payment?,True,0.29850000282749534,False
338,6f7b012c9e8f89d96e77752cae7db85e351294a1b6321dfb7fe26ec24752d0e7,automatic_top_up,automatic_top_up,True,0.22909999825060368,False
260,f7b58433e9b211a8270c85b0cbe8fc39e889f4a65e1fcf76e403711515d52d0f,fiat_currency_support,fiat_currency_support,True,0.2883000051951967,False
339,ae1216fc9184444b69a56b81584b33328a6ccda91887baf5b21afdbfa5fbcb85,automatic_top_up,direct_debit_payment_not_recognised,False,0.48209999658865854,False
186,699aa0e60b4355101cf11d0c4814032d592ffcdc49d25910a4631fb09090e0a0,extra_charge_on_statement,extra_charge_on_statement,True,0.5221000028541312,False
215,400a9414f5015c757281a14962bf186e7606871f28eaaace364bccaf205031b6,pending_cash_withdrawal,pending_cash_withdrawal,True,0.23719999444438145,False
1313,b5084220cef0181a876ddb14b343f56c8ab9a9e3e36822959863d88039cd2679,visa_or_mastercard,visa_or_mastercard,True,0.28140000358689576,False
1094,e4404b9b9631bb55502eccc49cc2ecaacfa39238bda14259baf57e66eb304540,card_payment_not_recognised,card_payment_not_recognised,True,0.240400004258845,False
1131,fb07855d48aa3a768097afc2d181458aaee01b1d7eb9c615dd015a0cd32ed58c,edit_personal_details,edit_personal_details,True,0.2519000045140274,False
1119,ce2efb6aae522acd823cb94a26697bda6704041a7a764b6fb96f19782ab07a66,card_payment_not_recognised,card_payment_not_recognised,True,0.37009999505244195,False
894,689c9138e2ab5c2da892d2c98bb4abbe2c918ba6ab94cad789e7c9553fdbbd18,supported_cards_and_currencies,supported_cards_and_currencies,True,0.35629999911179766,False
2710,4520f0457e92c0b4d09b7c2baa392d9c9da3683dfd323508041ca5ecda185aaf,balance_not_updated_after_bank_transfer,balance_not_updated_after_bank_transfer,True,0.7480999993276782,False
487,f8ef619d2454835ef547d23b592df7a39875f7359269cbb4f58b1e81807e4bc9,age_limit,age_limit,True,0.3595999951357953,False
1897,dcb1dd72744bb08b83de09de51ea16a6ecafb8cd2779f7e9a28c5978a503d692,terminate_account,terminate_account,True,0.400400000216905,False
2806,cfa1710bd1413dd080f75a5a146423103465982696c621eaceb4f7b194d0e017,top_up_by_card_charge,top_up_by_card_charge,True,0.24290000146720558,False
1971,5e91d61cd530b9f97f623feab16a96fdd207950ca2af09a20781d15332fb0faa,transaction_charged_twice,transaction_charged_twice,True,0.21050000214017928,False
1113,e836b3104852fec0c140c27ffbc6f05d6cee8b6be657490ba9196a3e1bbeca89,card_payment_not_recognised,card_payment_not_recognised,True,0.7777999999234453,False
2201,0c2e9f6deb52265356193618a4a786a060baf4e943ffdc8a8effb8ed923d1946,transfer_fee_charged,transfer_fee_charged,True,0.2806000047712587,False
664,81e00bbc34d609bfa9f06a6bd57644ed7d081ff532ab5cfdd508a807c60b57d7,pending_top_up,pending_top_up,True,0.5457000006572343,False
1298,85567d46f17237d6623f6343101c4e17da50a68ef2ee885b4d493ab64ade79ae,visa_or_mastercard,visa_or_mastercard,True,0.2565000031609088,False
1979,4100881bd909909141bc2d61abf6ce98a88496f085f0b437cf9b2864344d5977,transaction_charged_twice,transaction_charged_twice,True,0.40970000554807484,False
774,a656702a2d88988e990f2ff93624a07945105ce091a1ff12709b69d54f50cfea,wrong_amount_of_cash_received,wrong_amount_of_cash_received,True,0.32440000359201804,False
507,5ce6570dc64852ad7d3267abe03a237fe9d8ad8ab23855fe221fa3f7e0f01b04,age_limit,age_limit,True,0.34449999657226726,False
903,aef13152c91a93699ddc7e96e2e85f08b1f068eeab34fe9396ece83cf356a246,supported_cards_and_currencies,supported_cards_and_currencies,True,0.46319999819388613,False
2107,f18c35877a948fa9f56bdd8a3406a2a5a2668833fc1a4f268bd682337ccef7cc,reverted_card_payment?,reverted_card_payment?,True,0.2510999984224327,False
689,83d9e4f39ebc8996a6c02df142cf3a8be60ae1f813cc62d8aa32df8810d10615,cancel_transfer,cancel_transfer,True,0.2175999979954213,False
1464,5cad81fd0711bb773fba554cf14f044b4107b7bd4d5727e1b8bdc2fee934c375,atm_support,atm_support,True,0.23559999681310728,False
2148,3acfda492a5cc981d9a21d52345cce955628b2db7dc86103d3b537fea1242d92,change_pin,change_pin,True,0.25299999833805487,False
2251,55b9eac4fcff5ef2ecea37ea3c0a0ac735f9db83190ea6f1a76fa20423d72b89,receiving_money,receiving_money,True,0.22339999850373715,False
3008,8fdea89e467b9ae912a32b3f2433866e9441506a00ab17d317635621e896a129,verify_my_identity,verify_my_identity,True,0.36700000055134296,False
1632,848e19d060b8fe891a413b681a592aba7e985e6d8cd400ab25cd2999d96a7805,pending_card_payment,pending_card_payment,True,0.6495000052382238,False
2757,efcb338c25913aa3d4c8c2d945f1e77c62bb04ffb0eee2c58f252200f534c6c1,cash_withdrawal_not_recognised,cash_withdrawal_not_recognised,True,0.3761999978451058,False
2697,70954a6ebf9dfe886f453cd970119aa311238a5c3ce15d57d4a4e913509c797c,balance_not_updated_after_bank_transfer,balance_not_updated_after_bank_transfer,True,0.3312999979243614,False
1068,c1655ee6a92ebbc7531971dbb67f9e82f88a3c94e0f828a7e0d1b96b95b2d735,balance_not_updated_after_cheque_or_cash_deposit,balance_not_updated_after_cheque_or_cash_deposit,True,0.44609999895328656,False
1633,06a9057a2454b7481f226fba9af06dec66f9848766d85d0922cac58662a304e9,pending_card_payment,pending_card_payment,True,0.4468000042834319,False
1984,90c6e4e0875bd09000b606ae66554e638ceabe92f5a2fdfec9826c7ce6cb3518,transaction_charged_twice,transaction_charged_twice,True,0.865399997564964,False
1986,199c8b0b79b04351ea75fec9f932593d4395423876bf2bddc01cb901b873e930,transaction_charged_twice,transaction_charged_twice,True,0.4274000020814128,False
2865,bee4a18ca8747ba4c90922800ca3be5670dbf3455e2331ebf78f0fb58278e42e,activate_my_card,card_delivery_estimate,False,0.2499999973224476,False
2921,13fdd3517796cf02f323ec79b12667ab29a007396cab05e9f6431087b265244d,card_about_to_expire,card_about_to_expire,True,0.3423999951337464,False
719,947e7b2917fb31e854405e30b579681ee9ee774c15ffc666d95c19257e141e17,cancel_transfer,cancel_transfer,True,0.305499997921288,False
415,a8ea7bb83dd7a46f954993eb9445eb6866ae3a6e57d2785d27bd8460e64f025a,exchange_via_app,exchange_via_app,True,0.28790000214939937,False
2692,91c65a929411bb4aeab753c1a2504760fd2790e7e7dc87b6303945879408a65d,balance_not_updated_after_bank_transfer,balance_not_updated_after_bank_transfer,True,0.8978000041679479,False
2329,8d7d0233037c0564a0a507d75856a04f0f08ba34527736b336d53271743b7fbb,transfer_into_account,transfer_into_account,True,0.2873999983421527,False
346,664412d2c37dd38b3a9b126a10ebdd8c6493f0bca3e0e77ccc467921420780d9,automatic_top_up,automatic_top_up,True,0.4191999978502281,False
2784,c312af252ab88a568905c2be3a2511fca640c078bffeeda47f542e59d81f29ec,exchange_charge,exchange_via_app,False,0.30670000705868006,False
2934,0045def069a89b2924cafd0684e57f362987caf7a54650ba02c955d8496f2aa9,card_about_to_expire,card_about_to_expire,True,0.2815999978338368,False
2345,108af0d0016c227e3c8769d89191151e8552d3200e31acc2562e00c335eefb0d,transfer_into_account,transfer_into_account,True,0.6175000016810372,False
745,50eebce817b83e4f5970d3644aa07dfb313a1a508a3e9db857a7f830ee7d4b3e,top_up_limits,top_up_limits,True,0.2813000028254464,False
663,530197f001bcca4f38d2a54a0e8b470a4bc63be221ae54f4504883136efe0191,pending_top_up,pending_top_up,True,0.25430000096093863,False
158,d01884eb8afa50254c9346d94d305e87ff6838dcecf237b21ab14fdacd2da837,card_payment_wrong_exchange_rate,card_payment_wrong_exchange_rate,True,0.5899999960092828,False
1918,9ebedb53d1b815350255bb62695224f0e63c3aac4312073d88270164a94ae2fa,terminate_account,terminate_account,True,0.2950999987660907,False
2261,5934f576caaf9d8f559c55059831d627602ccb87369e92441f56d3fc6bd0330d,receiving_money,receiving_money,True,0.2738999974098988,False
498,2277a22e3682e09170e43db26b3674d5fff567f22f7e4039cd04d66e51920877,age_limit,age_limit,True,0.30449999758275226,False
632,c4454c234fbd8aee632b11d346d4112a2f0197aef3f08dbf51654730a0d4f8c4,top_up_by_bank_transfer_charge,failed_transfer,False,0.2960999991046265,False
743,40804c4ee8ac41dd6bb20986060b77192fef2da74ec0b7777c8e670e24c78d46,top_up_limits,top_up_limits,True,0.228899996727705,False
1331,0efa711dd9b51f2a50536aa56f6e44da48be18619f27f06a842f032404dca017,topping_up_by_card,balance_not_updated_after_cheque_or_cash_deposit,False,0.49530000251252204,False
1137,3b702dd0452b9c4379ebabc4375b44d7ee3e368f9f1af98b3c856f37a3cf1e4e,edit_personal_details,edit_personal_details,True,0.39960000140126795,False
1714,f908f664359444cf593a2adf3ad307d3a6ee8af9ef1232716ea19ceb4acc90d1,request_refund,request_refund,True,0.8995999960461631,False
620,bf73a2621409daa277e30385148508f1727ac233aa36fb4918998e71baa7d842,top_up_by_bank_transfer_charge,top_up_by_bank_transfer_charge,True,0.41539999801898375,False
261,3bc3c51550c59b531b94ebc6c2bb8c04461f64ecae1efeb051ec3574afa0dc6a,fiat_currency_support,fiat_currency_support,True,0.415000002249144,False
1795,0c092d3bab798d12fcf0439bfd59b72fa7072d69e64d9774cd7e01f18bb429f0,Refund_not_showing_up,Refund_not_showing_up,True,0.6445999970310368,False
1526,c32989a7999a7ea0fbcc2d440e30643138354f699bf2d6f8655e7fd6b7cbefc3,passcode_forgotten,card_payment_wrong_exchange_rate,False,0.22539999918080866,False
3052,3d5eea5abb7b01469d279bc60669beaff209ac38ec086fd5070fa6320d6d54e2,country_support,country_support,True,0.1973000034922734,False
535,61253937f324d9d64443f3b7d06839bcffa1f5c00f52e95cfa8f4e56349cabb8,pin_blocked,pin_blocked,True,0.4105000043637119,False
582,bcec5f58c56957ad51febcc8296ac48fd387df9d8e8227fbbd19756cf7bcfa30,contactless_not_working,declined_cash_withdrawal,False,0.5798999991384335,False
2542,9437290b015a8ceba785d273eef5196fef9ecd48c4de33229bcb79220e75401a,virtual_card_not_working,get_disposable_virtual_card,False,0.3236999982618727,False
2085,95155a71f9221611749b00b6211187d1ed63e6dbe89fb4cc37960b999c74f7cd,reverted_card_payment?,reverted_card_payment?,True,0.27100000443169847,False
1395,aad7a57423d1755f1863df78d9c22b09f8ffed28934768700a700879087ccb62,disposable_card_limits,disposable_card_limits,True,0.28960000054212287,False
2350,2c07a740ab386acefc22bc0243ac4c002253f45e44e156febef5e9debb641211,transfer_into_account,transfer_into_account,True,0.45149999641580507,False
2947,321282eb95a639bfb8c55ddbec7af068b18889150e41661adbb98eefa5e5fea2,card_about_to_expire,card_about_to_expire,True,0.32419999479316175,False
402,9cbf785c19109671ccc5389d64c0624e0fbc61c479805291bace868f67b1ee09,exchange_via_app,exchange_via_app,True,0.27400000544730574,False
2298,995bb797fc6ddfae1103d7809d62ffe890294721a458ecf50ef94f81af7645bf,failed_transfer,failed_transfer,True,0.6646000038017519,True
113,9dfbb45a5ceaad8ff8cb88c56966d14386723e148d9479190e455a2ad378160d,exchange_rate,exchange_rate,True,0.2851999961421825,False
1510,6b8eb01ea3e142ca51b8f80767f758441eebdeba1a136cb762c48532bea25f7d,direct_debit_payment_not_recognised,direct_debit_payment_not_recognised,True,0.9227999980794266,False
1303,b65c4c1d976273d133f6f6a31fb5a53f895d8c499466e0fc4d70bdc38c8671b2,visa_or_mastercard,visa_or_mastercard,True,0.40180000360123813,False
2839,e5370fc9a1658da1bf24d469e251e4219373419d1ba8b993b44577747f6f0cb4,top_up_by_card_charge,top_up_by_card_charge,True,0.374700000975281,False
1025,61a98e04cace4c91bfc0cb8ab88570f73e63f4bb694bfcea8739a3f60a2166f3,top_up_reverted,top_up_failed,False,0.4102000020793639,False
2873,e61e7d14a23a00c77fbdd66caa521bfed11723f2d447af32a0ad03576671c12f,activate_my_card,activate_my_card,True,0.4881000058958307,False
1001,f3cc1eff85469c0f23b1b083827059a11005b3551f45831c5768107bf1d256f3,top_up_reverted,top_up_reverted,True,0.29099999665049836,False
651,3c32cbad153752b47b87c25f8b0082b328e4f6d4cf81001696295d77561c78ba,pending_top_up,pending_top_up,True,1.0380999956396408,False
2430,04c1dad35cc55eb011e5c4635b75209ebfaadabfa5e020c06b2f5582b025cffa,getting_spare_card,disposable_card_limits,False,0.26790000265464187,False
30,455d7aa3644b440858b6ddc3315677791883813c4ac17bfcebfbf1bbe1c821b7,card_arrival,card_arrival,True,0.2565000031609088,False
898,cc06e579ec1d1b4c8d74cbf63f3cb6c6026db4e4373d9ad64cb7ca68f0a2a8b9,supported_cards_and_currencies,transfer_into_account,False,0.3671000013127923,False
1671,5d4e8712e60476c6a7e4f051a5ac9b738b2593b4d205e35ba6da62a4973f0f4e,lost_or_stolen_phone,lost_or_stolen_phone,True,0.18139999883715063,False
920,38f3d70f6905732f3b7eb2b8664d1b5949ace19df6b085b9638c58e688bb77bf,getting_virtual_card,getting_virtual_card,True,0.25610000011511147,False
1948,dce1c71d14caa61e98a89b430f7a786008a98a0cb2e6077bdbe1a2c6f999f0bd,card_swallowed,card_about_to_expire,False,0.2989999993587844,False
2498,52b16b161a17ae582c6898dc74b4cf1b7e4700a3d9feea643a8df77a52e2d7f7,order_physical_card,order_physical_card,True,0.26889999571722,False
2110,d6d8da943d6d8f87517b77aba392fa3195619d35ec5b22dcbc21ebac151bb1ce,reverted_card_payment?,reverted_card_payment?,True,1.3383000041358173,False
2765,846bbcc89713aec467d01c087197a9ee91e4fefc2c5b93f391dee24963ce088e,exchange_charge,wrong_exchange_rate_for_cash_withdrawal,False,0.5224999986239709,False
798,1b8fe51ff2b1cb14dfb41fc377144cf54bda65f645445f9b761921c5dfe48260,wrong_amount_of_cash_received,wrong_amount_of_cash_received,True,0.2626999994390644,False
1187,6afa331f43ceeb69cc29ee4edc6d2f48e7c6f80b225f140ee2669786efba22b7,why_verify_identity,unable_to_verify_identity,False,0.22499999613501132,False
1335,fc1b115059d30759a9268197ac0a0fa380ee7cf44ad36d4903d24adb0e14353c,topping_up_by_card,topping_up_by_card,True,0.44999999954598024,False
2253,1c419711f2840e2b577d658acb3dfc9c37686a4b63e6e96f55e40522392e0cee,receiving_money,cancel_transfer,False,0.399799995648209,False
1211,d8b3a822603160ae2e2701480974b7dbc28a8c2154158b0ecf6088f288e8ca73,unable_to_verify_identity,unable_to_verify_identity,True,0.22429999808082357,False
2488,14f23ef89e3c6d244e3a771dac1c207e6745dcd0fd7b96d2a7704afff1703481,order_physical_card,order_physical_card,True,0.22290000197244808,False
748,cc9242ad3d579ba388c87cc287506f0aaddced4ff9f2e7d4296f70e8c79eaef3,top_up_limits,top_up_limits,True,0.24530000519007444,False
1268,746b391ee37c1e66a5e7ca76905a03cf247bd48097a8b292b27044d513c17d69,get_physical_card,get_physical_card,True,0.2291000055265613,False
1542,1dbdd335cbc51e5c3f8c6fc35538c16bab9fd522e88f55bf1fd7d82c04d1cd53,passcode_forgotten,passcode_forgotten,True,0.22489999537356198,False
1330,102aea88aefc17bd2dbf2c10b7e3485bb493cd028a5a050ff58ad571004b9873,topping_up_by_card,topping_up_by_card,True,0.5278999960864894,False
1520,0182174c7daf28cc2131f16e958f85c5ed1bca0ea6eac2dd7c5560cca7bb1770,passcode_forgotten,passcode_forgotten,True,0.3070999955525622,False
1875,8437ddcca2554fff017b48168ba54ed7673d3c8582e67a1ce0df4b96bffe1732,pending_transfer,pending_transfer,True,0.486999997519888,False
1045,019023c6e7dac24bb4a6ba1fb9e34c24aab38905cedb6d74929ea600b460deca,balance_not_updated_after_cheque_or_cash_deposit,balance_not_updated_after_cheque_or_cash_deposit,True,0.1993000041693449,False
1173,9be91fa86b81401f67b717113da4180f278ab79d70c21da3dd70b97d57645651,why_verify_identity,why_verify_identity,True,0.35319999733474106,False
782,ea6ccfa4146e7e05212cb005dae2b75a375acc1efffa2c1d8f93571a2bcbbcaf,wrong_amount_of_cash_received,wrong_amount_of_cash_received,True,0.34559999767225236,False
2280,5d4d17c84c874b92786be19cf7742d894717047739b4e8ca676965308db0cbe1,failed_transfer,failed_transfer,True,0.21220000053290278,False
804,36ad5d0e1d67f8736eca01b1374e995455e8ca4401bfbf5ab06907dd8d8767d5,card_payment_fee_charged,card_payment_fee_charged,True,0.41149999742629007,False
2258,5ed1717bf0f987ca2f52414d6ddc894207bd54942a596045234215b5b30c04b6,receiving_money,transfer_into_account,False,0.290899995889049,False
1237,5e4a3d37008a35f70e57249b51d86fe2f98bbb57fb96c3f257fe5ae8626e058d,unable_to_verify_identity,why_verify_identity,False,0.24459999985992908,False
569,d1f93f11d18f70eae141a5fc3da925a27cde4abec4a734430a4dc17199396156,contactless_not_working,declined_card_payment,False,0.5758000042987987,False
1762,fad7b26d3e88893bf9277dcc9c10a50daa2e5fe00b619cca8b79f2f6dd095849,Refund_not_showing_up,request_refund,False,0.3496999997878447,False
2044,e5801080bd59c34c58a09be83bee076ba02791c92e2fc3d62c59b1fdd8cf946c,transfer_timing,transfer_timing,True,0.38839999615447596,False
482,19b78d76a2f9d742fcf4ceedc1967f1a91a2983d6a709abf063db1a9f0612b6f,age_limit,age_limit,True,0.24000000121304765,False
1623,b24e5aa354e9b1b18891f7c236217caa81a99d79cd16eedebee386187cb3276f,pending_card_payment,pending_card_payment,True,0.18049999926006421,False
2297,0de9ae8d365c0e3186eb80dd70537e9a0d9574817d9fe261ca5686897187ea5d,failed_transfer,failed_transfer,True,0.4948999994667247,False
2796,4331a0e7f05799c2097edd8ef29d0b726e19918b7ab0eb2ac1a623933a5f1108,exchange_charge,exchange_charge,True,0.4267000040272251,False
674,0fd41fa6ed6ca756296a54b57cdd82673e53d963a2a735fb42bd9ed7e5cb9269,pending_top_up,pending_top_up,True,1.4239000011002645,False
2827,add12a997f8b6aa164d26acfdf325fcb1c3db20d7fabb37a8c9114c6c5df3ef0,top_up_by_card_charge,top_up_by_card_charge,True,0.720500000170432,False
282,94164c80584aca5f7ac3c0ab8d2b9de9afe8ab1944dd4726cf2d69a245df2d03,card_delivery_estimate,activate_my_card,False,0.23240000155055895,False
962,e181429bee296771e9c9f67cd56fe0f894ecfd3ac8a4f8824e9eea7097f43d06,card_acceptance,declined_card_payment,False,0.36810000165132806,False
65,4748827e80b091d45d7a8039ea147ce9b09b2b87fb538d73f73e462dd5bb31a0,card_linking,card_linking,True,0.29460000223480165,False
1243,07a50b12081a24bb98d90db4915f04a7ef8350537c9b1db15624ef820f9246a3,get_physical_card,get_physical_card,True,0.15829999756533653,False
2850,d9ea58c822998c9b5f9ec1a3766c7f346133861bbd92a2e39cc01e34180af7ae,activate_my_card,activate_my_card,True,0.24760000087553635,False
1340,a339b3927e79cb46893be48ada104385283eeab8d4bf329d94320ef845af4ab4,topping_up_by_card,transfer_fee_charged,False,0.40180000360123813,False
1683,3f8aebe7dc6eb70c6377321355561e4b7a2f27695ab571defaebd801f8470b22,request_refund,request_refund,True,0.3614000015659258,False
2701,d250b9c48e8dff47411cc37eff6c04564b8f422bc31b5a98e67578c0a1dc57af,balance_not_updated_after_bank_transfer,transfer_not_received_by_recipient,False,0.3448999996180646,False
846,8cba5b00579e08faefdf57fc806cf23428c13ef17d49659e3188e9ce1ab6e4b6,transfer_not_received_by_recipient,transfer_not_received_by_recipient,True,0.27680000494001433,False
414,d70aaa5de16ee0eb03024503ba1bf479b1f7c4573f56c431e79f48b650501637,exchange_via_app,exchange_via_app,True,0.7805999994161539,False
2736,7b751cbda9bcce5bb35203ef7f93c87edce01fa762609545c8f02b121a8ca2cf,cash_withdrawal_not_recognised,cash_withdrawal_not_recognised,True,0.44630000047618523,False
2491,c14eef3e7cd2de5527d1dd0b06bbb7727de7a4507264262722f712db58ced997,order_physical_card,country_support,False,0.28560000646393746,False
2603,d0544fae514c4e01ab231620da566f5b7fa385f5b98b785cb61aa26baff056a6,get_disposable_virtual_card,get_disposable_virtual_card,True,0.39039999683154747,False
1007,20e352b61a4b04f19927b1e97efb641c9f5168d7028e2edd2bf826534a8315eb,top_up_reverted,top_up_reverted,True,0.7982999959494919,False
2552,c7f2a22d437353dd4f88d46bfc53d95bbceed30bb30134f1cf20389a7d24b68c,virtual_card_not_working,virtual_card_not_working,True,0.3269000008003786,False
1245,86758dd48e9f1071f58b1a0fe758f30140d3946259117b95cc92327f96cb3aca,get_physical_card,get_physical_card,True,0.3507000001263805,False
2527,0042319bc14805c4db6c8b2a3767fe7695f84e505e8574924b7ddd5165c0d54c,virtual_card_not_working,virtual_card_not_working,True,0.2722999997786246,False
2033,c2c357d2ff24d74b9c6c8a751813b6a8490be707b03556b9b4cd52cc3428a8b1,verify_source_of_funds,verify_source_of_funds,True,0.2967000036733225,False
198,97bf496140b3083d5d317d4458a67e3f324faf049954e4c68bcba087b6cae520,extra_charge_on_statement,extra_charge_on_statement,True,0.9583999999449588,False
1508,ebc031fec73238886934379bb3dfc2508fd987250c79c0e19f4c2df1907e13fd,direct_debit_payment_not_recognised,direct_debit_payment_not_recognised,True,0.2798999994411133,False
462,99c8f457da2b5930429c18b3b24db8bc2f285deff82738df8b9020e1fba61c5a,lost_or_stolen_card,compromised_card,False,0.6051000018487684,False
2685,9bdc75ace3c45c494d2fc0b97c10e125c332cd19e2d971f8eec21878f211e616,balance_not_updated_after_bank_transfer,balance_not_updated_after_bank_transfer,True,0.37349999911384657,False
108,3b4ad9f10e4faf9cc1c214c091508a8e0b0c69b58d5b2d5b41e59bca978ff5ca,exchange_rate,exchange_rate,True,0.22809999791206792,False
1987,c43f4f1be9988dff88e271ff5688b68497f42a87f6886ffb9e1ff89182789ba8,transaction_charged_twice,transaction_charged_twice,True,0.3846000035991892,False
913,b8feda4a057b9434ca264df7d064dbac157ce7ae65e361ee07f478e1b95c11b6,supported_cards_and_currencies,supported_cards_and_currencies,True,0.2711000051931478,False
837,53e5ce1ac7882d38e89f3e3d7bcc661cbf6ea7b6734eb7e19a92c42efd7a960c,card_payment_fee_charged,card_payment_fee_charged,True,0.3028999999514781,False
2230,1080e7db2b284c9f79c1a2a443da24c87def9ce2298b6699848dd8d6612ee9b6,transfer_fee_charged,transfer_fee_charged,True,0.36250000266591087,False
427,9f4873384ff7d88d3d3c8176ad3e166c3e7173b02b6dc90f02561b8bc0bb4503,exchange_via_app,exchange_via_app,True,0.24670000129844993,False
1366,da3dbfbd92bc2a0274618f0827a56e96e5a149d53f88396d4ffed33e740c31a4,disposable_card_limits,disposable_card_limits,True,0.29150000045774505,False
1848,c1717f7eba2cbe9adbc3ddd2e335b6627bde3b8ddee3c7c6361dfae9950a04e6,pending_transfer,pending_transfer,True,0.30270000570453703,False
2187,c95faa0005412ebd53d75ed9c7c514706e8b26aabd87c9882b5c877bf6c22975,beneficiary_not_allowed,beneficiary_not_allowed,True,0.27260000206297264,False
1392,fe1959e3c491abb6025493d07379175ac123e7f563f014adf338f4750673fd85,disposable_card_limits,disposable_card_limits,True,0.31370000215247273,False
1697,62b2d30902c712f865a79ea4e0a52178a046f4e91d69d1660ce45383552f2ddc,request_refund,request_refund,True,0.170899998920504,False
1843,6f50fe4fcef221b9ba1df3b51ab9da034811b86a6a0a0c55151a47cdfac04599,pending_transfer,pending_transfer,True,0.19549999706214294,False
2363,59e91be883a451cf899593dbdc782a72c82b49b6b4542e91cf99402071d01437,verify_top_up,verify_top_up,True,0.34579999919515103,False
729,746232e99d0fd4b6040861d86c0ffc09b5d5ba6130600a4cd7a4967444f5bd99,top_up_limits,top_up_limits,True,0.2683000057004392,False
1730,a869163a2dd0dd8c013602f0e55621ce298aed600dc591cbeb6a0364c2837d24,declined_transfer,declined_transfer,True,0.4555000050459057,False
1026,2cafb4f2929c8ad257f2b0b317ec1e02a524c7251cb2148769be1b7d3912ec5b,top_up_reverted,top_up_reverted,True,0.2311000062036328,False
181,b705f3fa6c42575e2af9704f8301bb9afbbe66ea8c5c138393015701cf8cb54e,extra_charge_on_statement,extra_charge_on_statement,True,0.3101999973296188,False
848,3f74ba2891beefcdc954a9dc93dee08647df4090d8f047c284bb49946cda33c8,transfer_not_received_by_recipient,transfer_not_received_by_recipient,True,0.2609000002848916,False
2530,e87f7793f5533669b369a58c4a0268b5fb4ac6aaab101fcf9e335860c5eb2b9a,virtual_card_not_working,get_disposable_virtual_card,False,0.2545000024838373,False
2094,7362072acaeec320202080f457e1caedd14849403e60792bc43433921aef5afe,reverted_card_payment?,card_payment_not_recognised,False,0.4048999981023371,False
1878,fcc23166b7e675fdd0a83f7ffd048982c263ee9a4ae9c20e5f034c7deabe8990,pending_transfer,pending_transfer,True,0.42409999878145754,False
2324,dc3d71960347b7469dc596fd5e7c3cea5687c6cb839533104333c9bd28761ab6,transfer_into_account,transfer_not_received_by_recipient,False,0.5283999998937361,False
38,46d52c0be72c2f357dc96c7094e0f731019213cc50160e1b9f398dc8d4dabcb1,card_arrival,card_arrival,True,0.3760999970836565,False
2049,3bdd2965b8fa3e14c1147fd285eecbff61d28696061da08e2160c525ee9b62da,transfer_timing,transfer_timing,True,0.5032999979448505,False
1867,438830a29a7a20f8af5b36a4a93a1611e21220af385ab478ade324937b70e630,pending_transfer,balance_not_updated_after_bank_transfer,False,0.3425999966566451,False
1852,161bb75e9104dfa330d2dcb5855ff90a3bfa12cd29084cca3016c3cfe0ff5c0f,pending_transfer,pending_transfer,True,0.28639999800361693,False
217,e376a9a7d91af31498010572b2c539e6a3de9b4aa2c3a55b10de6301eee11da6,pending_cash_withdrawal,pending_cash_withdrawal,True,0.440099996922072,False
366,b851a6caa24b9187d61b6c6de047f58741f996ddd678876d95c770ad34e403cd,card_not_working,declined_card_payment,False,0.2358999990974553,False
1384,4c33ff16026d3b284abf92db5d6f3985257908270e4aa95424bec1a1dd7a6aaa,disposable_card_limits,disposable_card_limits,True,0.4622999986167997,False
208,3983d5498fe8c629fa42f778351d3afc0ac8603ec8c75b1e2e1ff95b39a73d1e,pending_cash_withdrawal,pending_cash_withdrawal,True,0.23019999935058877,False
304,1e9dda6b3a8896b5d448363522da660c211b69a15cdd77652062ac3d7e4341fe,card_delivery_estimate,card_delivery_estimate,True,0.2032999982475303,False
1642,20f93735c05fcd6389a95267d17dfd688ce2bbee54d941ce5e5f99ef3d0527b9,lost_or_stolen_phone,lost_or_stolen_phone,True,0.41309999505756423,False
861,a091d5c373c3a6513225e16d251d70822ccb54bfaaba96ba57076c6988921997,transfer_not_received_by_recipient,transfer_not_received_by_recipient,True,1.0762000019894913,False
1851,94e816308b2b7fb38e5ef899e982c0198a2c89c906d5efb00c154ca8befc28b4,pending_transfer,pending_transfer,True,0.28589999419637024,False
2447,a250cc449fa3ccd82d5429b2bd900b8161220c9ec6184a68bd6030b9d97a8997,top_up_by_cash_or_cheque,top_up_failed,False,0.5395999978645705,False
715,fbe8a288b3ee0a33534aba009f139aaf5bab8eeff5a5f234e6c1075bfa475de3,cancel_transfer,cancel_transfer,True,0.5772000004071742,False
1162,1c5279cb1b2d2a07168d1fa2a4cc96813b788008001fc36fec21f5dbbb97a73f,why_verify_identity,why_verify_identity,True,0.38919999497011304,False
51,818990fe619995419580237cbb520260fb2adf2b82ae0fb3bc7b143bb48b65e6,card_linking,card_linking,True,0.2297000028192997,False
156,2dfb7e3e09710e4f6a936de38251c7e9ad6fa9e5d7cf0eb6261c921d15fcfd48,card_payment_wrong_exchange_rate,wrong_exchange_rate_for_cash_withdrawal,False,0.36470000486588106,False
1887,d6ae184e713de430768c16a12553ea73ac7bcf6faca6e4b80ebcf88c80db859b,terminate_account,terminate_account,True,0.22329999774228781,False
522,7c7097ce2a72189a62d731c25c174616022cc65652dd6d7ed24b0ad0df273f62,pin_blocked,get_physical_card,False,0.20770000264747068,False
1184,4320e779bda97f9d80dce89a573586f1771b7e78670e84905c02c292229bb163,why_verify_identity,why_verify_identity,True,0.3806999957305379,False
1008,5f77dd0370213f08d955437af03c1eeca812e4046ce9f8f2edf86a4dc42a3304,top_up_reverted,top_up_reverted,True,0.5376999979489483,False
3053,fd6bcb3f0e0709386938134c95aafb7b45fb8323f3912e79f91e07496814fd76,country_support,country_support,True,0.3369999976712279,False
50,c06084db301ef0171768d939c3bb587c12e1130b31cbfeeae73253db638a3d3b,card_linking,card_linking,True,0.25240000104531646,False
1033,48186533d4b12ed6ed2c0f9d0e471f6d84805d6aa6406e6bb13ab3f67367693b,top_up_reverted,top_up_reverted,True,0.18049999926006421,False
1913,8b4bcbeb2c3063b4af85b2d7dcbd7e813492b83399697238a81748df8183f1e0,terminate_account,terminate_account,True,0.39739999920129776,False
2682,a7311a50449af7bdf43c7ddd6a1e33d5ca8116d5929a0c3b2ffc4b8c2c1ea5e4,balance_not_updated_after_bank_transfer,transfer_timing,False,0.37770000199088827,False
1691,a3997ef7728295c537243de0edec532d7d3dfecf0839cb514f22d534593548df,request_refund,request_refund,True,0.17750000552041456,False
129,677a6d94c75fab387a0793ecc6e5429a17e4e1375e3989337edcae3059cc777b,card_payment_wrong_exchange_rate,card_payment_wrong_exchange_rate,True,0.4772000029333867,False
1666,60f4161423af3e6a5b94bc25cf5769020f4e7e8b7de09cfbf753a4e7e366a180,lost_or_stolen_phone,lost_or_stolen_phone,True,0.2535999956307933,False
1599,7672573fd514cc94d3570b1752a2124d660bdace93920395e920388fc796f874,declined_cash_withdrawal,declined_cash_withdrawal,True,0.23220000002766028,False
471,900fde923e86c6e4aef1f8bdbdc7825c6d9a54975496e567aedfa981da6b2219,lost_or_stolen_card,card_linking,False,0.2705000006244518,False
1603,53b33debf0b1840882077ff91f4b9412a42c2b268a741573a114c4cb118a2681,pending_card_payment,card_payment_not_recognised,False,0.21769999875687063,False
1709,1c5ca73bfbcc5a53fcdbdcc63d3774f8d30e4828c57b6045743fbfc5ade67a4f,request_refund,wrong_amount_of_cash_received,False,0.30020000122021884,False
33,41451be92a01c8e501b1ea35140f51ce845621e11b575238d76ded4b55e3a283,card_arrival,card_arrival,True,0.3226999979233369,False
2341,f25d936a11b70b370e2f179af2f0d7955de4ffc15fe9bd802ea47e25443a1d1f,transfer_into_account,supported_cards_and_currencies,False,0.3256999989389442,False
1460,93b23c5c03b164e7830bfed464fc79ac8e5db4824ee776bfcd69f5803b8e3aa5,atm_support,declined_cash_withdrawal,False,0.2762000003713183,False
1904,66285263ed08ec33f93637e108fb3e9564f89d79b4158125669d357d1c99f1a1,terminate_account,terminate_account,True,0.17330000264337286,False
1699,fcdb81f982957043f07de055123d1a971e5e8027db84506d5f402be9bed06ad8,request_refund,request_refund,True,0.37339999835239723,False
2762,610205627097198d4eb3d6190c6b80f0370a447dd7f60be6295face1c7fd3f07,exchange_charge,exchange_charge,True,0.2351000002818182,False
483,fd486cce751684cd9a9195138a0d0d090cfb018e1d21962aaf42607716d0d966,age_limit,age_limit,True,0.27270000282442197,False
1980,125b5752ee6d2348ea6110b07ed38985f16e78045f7e440badb5a677df3a0a17,transaction_charged_twice,transaction_charged_twice,True,0.6382999999914318,False
1817,a357b1cc5c4fabd5baf720802f3d0083e60ec37098c19b3cc89f7d6f9f695148,declined_card_payment,declined_card_payment,True,0.3279000011389144,False
2481,e4a681a80a2220a8d0b06d868dec7270ae8d53046ac8b12550fc4bf8deb2fb4b,order_physical_card,card_about_to_expire,False,0.4893000004813075,False
817,91744989369f07b33cc9df9235bc6acde91dd0699bc8da69ff7d2fd3424949e2,card_payment_fee_charged,card_payment_fee_charged,True,0.3408999982639216,False
250,7160101d73d695f039739171e505370a484669b97ea60398a43234d42d43c25b,fiat_currency_support,fiat_currency_support,True,0.3068000005441718,False
1924,e1b59a708aa54506b297611a7cd4461205139e78db5c950bc64bd7527ad152ee,card_swallowed,card_linking,False,0.5286000014166348,False
426,3df1941d11ae365b94e9e277f67b3ee92cd4e6402b371d35934931c15bae968a,exchange_via_app,exchange_via_app,True,0.3361999988555908,False
2482,d68e3ae2002aa5d42c58c6b6b2ee6e451183a0dfe3022c4dce6e09fa30947fc6,order_physical_card,order_physical_card,True,0.48039999819593504,False
262,2f800819a1cd75a9b03da534f8e8e417eb93781c76ba3bd2fe675b5467b79525,fiat_currency_support,fiat_currency_support,True,0.5032000044593588,False
100,30a9c5b7be5a25fbcaa99213058f04cea30803966187936c5910938910d6705a,exchange_rate,exchange_rate,True,0.6362999993143603,False
1727,4a4b9c9000a6a447ee359c571b157f766620294bdb13d5cd1ed500bdbcf35819,declined_transfer,declined_transfer,True,0.3749000024981797,False
724,8e9dc23a50d9861a5af3d6897b1c7759c9e0695491a81467d45c4aa69d29e1f1,top_up_limits,automatic_top_up,False,0.4475999958231114,False
394,fd7c737b7e72b5f8431c96e43f8245278500f7db54f32bda00e2e76a102abe12,card_not_working,card_not_working,True,0.4197000016574748,False
2597,6af75a33809dcc0eb9261858e75d9555ee014e2be50f03a7df0b155b63df92a6,wrong_exchange_rate_for_cash_withdrawal,wrong_exchange_rate_for_cash_withdrawal,True,1.0914999947999604,False
887,45df9e6e5f806a67e696780593daa574552ebe37169861f817d28e2576a0c085,supported_cards_and_currencies,supported_cards_and_currencies,True,0.3899000003002584,False
557,52ab762f451a5ef8648c3da4d9364e32bb0c6a87789fab77c6758e9b2722b79f,pin_blocked,pin_blocked,True,0.36100000579608604,False
484,b7b63685b1e9a0083b7aac31107e08ca15de8b72dac949eb09dfde8b6f03a037,age_limit,age_limit,True,0.2505000011296943,False
886,b4fe71d88b6a4e15a173c10350439b27ff82609598d1085d0a422df9bf59c9b7,supported_cards_and_currencies,supported_cards_and_currencies,True,0.44290000369073823,False
399,1a034bec3ea1fe004c5524dea2bea0a35c781119d13bbcf34affd47ad23fc46d,card_not_working,declined_card_payment,False,0.35930000012740493,False
1553,7a50faa38c38a11c7cb1504dc42accb6241a1350e605a616be17f1f626e3f03a,passcode_forgotten,passcode_forgotten,True,0.2777999980025925,False
164,f89ae683a27b9b0caafa6ca8dc2a4f1f0abbb7b48826691306c69037cbcc7048,extra_charge_on_statement,card_payment_not_recognised,False,0.3536000003805384,False
1794,d537240408d719a62f3802fc1798a01788491cbd9c63eea465fa127e3258f54b,Refund_not_showing_up,balance_not_updated_after_bank_transfer,False,0.4415000003064051,False
375,17f10b198561191908a7307c68c352dcc368855a290c9378af488073e83240f1,card_not_working,card_not_working,True,0.22489999537356198,False
2300,6f2ff955aafaf302175742c78dfee01930d5bb14a0efd4bbab8afb0c113d994d,failed_transfer,country_support,False,0.2589000068837777,False
643,006b49fa8e69003a62b3ee27ee31e869c597f87a9db248540e5d7777fb7139a8,pending_top_up,top_up_reverted,False,0.27090000367024913,False
316,5ce15a2a105853f5c70f26c83868ab2f24aba93cd980d1cb45344b81f451f273,card_delivery_estimate,card_delivery_estimate,True,0.2058000027318485,False
2609,072eda4fd1b338d0883f67fcd851a3d40ed4a5835ad0c8015a50537a554e0d7e,get_disposable_virtual_card,get_disposable_virtual_card,True,0.35940000088885427,False
1615,809a65dc7a0a5a27080686bae37a55cac6ae4e9f1a1fb1dd730da4c6391ae50b,pending_card_payment,pending_transfer,False,0.34050000249408185,False
1573,185ccb2e9363bfbaff8a1523616368203818922fc68081c6d5eb6252b06307e9,declined_cash_withdrawal,wrong_amount_of_cash_received,False,0.28980000206502154,False
1348,325b139eeef618e5ff7e4a18bd42d766b3ef8840516ca7134756c232ea3cbde1,topping_up_by_card,supported_cards_and_currencies,False,0.28040000324836,False
1202,0c8d8b61955d0fa90f15d71cf3bf84e61964d6d20182b12e67787ba40eaa2e14,unable_to_verify_identity,unable_to_verify_identity,True,0.3319000024930574,False
1150,72946ed11c06641c870f91368b135e1e7b062162d961d05de1de2f615bf680bd,edit_personal_details,edit_personal_details,True,0.17289999959757552,False
2327,1556068b86ed6d14afb823387a35eb80ede3e5581ccd45094102b2d260097416,transfer_into_account,transfer_fee_charged,False,0.4893000004813075,False
2923,5e4177e852236430282e00c39c5a448f95b9e408d27753e69d9445b24f72a391,card_about_to_expire,card_about_to_expire,True,0.24850000045262277,False
952,03c9ac1bef0073af15556b2b01e27466bb2195729f604d4030240de0e34fdbd1,getting_virtual_card,getting_virtual_card,True,0.29599999834317714,False
2805,4434fabd0f11903d123be8479ac1fd78b47381bbb8f840763bc41bf3b14056fb,top_up_by_card_charge,top_up_by_card_charge,True,0.28309999470366165,False
879,564190b87de7f1aa1200389f5ad9ee86d5f541b30cc257bfed1fd2ae83adfc4b,transfer_not_received_by_recipient,transfer_not_received_by_recipient,True,0.3648999991128221,False
1659,942942c92be193b77cbf7ca3eca5a58c9258d1c43ba5044ef4cf27a225648262,lost_or_stolen_phone,lost_or_stolen_phone,True,0.2590999938547611,False
1380,00634192faf6400ee24e584728d1b0af87958bd2b81760f2959bb9102dc59c68,disposable_card_limits,disposable_card_limits,True,0.3578000032575801,False
207,5a6b1aa558f491fb65360c685f735949f5fe7ee597ea41637490443131a9ceb1,pending_cash_withdrawal,pending_cash_withdrawal,True,0.6794000000809319,False
2908,95d5eb67fe1bac1eb3614243037a7c71430108289c8b13def25dd3e41780fbdb,cash_withdrawal_charge,cash_withdrawal_charge,True,0.48179999430431053,False
2677,7aa55527d468afdd98b91f35fe945226f0ec4bff629e12bbb83d083e2ba320ef,top_up_failed,pending_top_up,False,0.38270000368356705,False
19,2df450ed3032fc038406e2315d3820c2a2d28caaed40c7c8a79d20c114092014,card_arrival,card_arrival,True,0.3980000037699938,False
384,e6d923ae92dc0d6990f4063edd7f8017fce50f429575cbd81f14841952dc3a06,card_not_working,card_about_to_expire,False,0.2415000053588301,False
112,3a470a6623831b6851c2a0a185265d9de4d1b2e387efcdd18dbf6e52be13b77d,exchange_rate,wrong_exchange_rate_for_cash_withdrawal,False,0.33350000012433156,False
2584,f06e52861d28f3b3bc01aac4180c667121c563c5489eece82d0745e91f3e94bc,wrong_exchange_rate_for_cash_withdrawal,wrong_exchange_rate_for_cash_withdrawal,True,0.5926000012550503,False
9,6f78c993a75175a67ec080e1d4f539b2f815d029607aa0321bdecfa4f751567d,card_arrival,card_arrival,True,0.45980000140843913,False
1549,c1fe2d9af21664e84e05e2eb470c0f9ee6702ba04fbd7a64b472eac90a69affc,passcode_forgotten,passcode_forgotten,True,0.3576000017346814,False
551,df5859b13c75f59d425f4f6efcc07e695790e10002bef995c921f4423ef90689,pin_blocked,change_pin,False,0.2297000028192997,False
3051,3410fc6c3148d1479c12ce7c1b31354bc06019a5203d80c364c1e25afb59c3d0,country_support,country_support,True,0.36189999809721485,False
189,768b5d6b9ec3fbc2790a77c2630a83574297ad8a41aceefada8a0498d7d7d288,extra_charge_on_statement,card_payment_fee_charged,False,1.4641000016126782,False
55,cffc960d07b972fb4d49baebed6f0f6c472c86dc13d0e93d92efd663c0af9570,card_linking,card_linking,True,0.8873000042513013,False
245,a7f22d072605e1268bb9b8c4d14f692741ae40c522cdadab894acce5281b2a7f,fiat_currency_support,supported_cards_and_currencies,False,0.3632000007200986,False
263,2800c6d28d04a2af4eaa2aaf8f32c9852c8b636875d43b9c0bca9633e4f276cd,fiat_currency_support,fiat_currency_support,True,0.2860000022337772,False
505,795f396308ee88d69c574f2e99e601a12547b3ded53ccf129c25c989c9bd76f0,age_limit,age_limit,True,0.3453999961493537,False
1183,dc85e950d2b69ce18d3f82ede07f06863e533a07c817cba1b0fd0886a17ee098,why_verify_identity,why_verify_identity,True,0.2870999960578047,False
2968,62ec8d48b2cce3e38f73f8d73f84933e16079c434c433b1cee3b6de4b7215f81,apple_pay_or_google_pay,apple_pay_or_google_pay,True,0.3203000014764257,False
2041,2aa82c4da55512def4c11d8ac101472f920aae59756e70f51482895ef339383e,transfer_timing,transfer_timing,True,0.34020000020973384,False
1080,0ba52839d2cc120ba3d074e62b226139e1b1851cec5003795d382d00d859cfa2,card_payment_not_recognised,card_payment_not_recognised,True,0.2766999969026074,False
1973,a8fde470f5944fc68552a0e5e32b305cbbaab6755262505fdeeee0893c439a63,transaction_charged_twice,transaction_charged_twice,True,0.8816000045044348,False
1805,0731ed9c2e76efd6ea8b9be840ad973b6beb9bf51adcdc13b61a776903163c6b,declined_card_payment,declined_card_payment,True,0.25550000282237306,False
1345,0f1416b4e0b98859713cb17ab5f7623f35b6aadf8e833b015be1d6e16c219f8c,topping_up_by_card,topping_up_by_card,True,0.3313999986858107,False
1700,7a475d6445b9338fd9f55db69d9c6a745dd2cf14d7d42848d2f4f817bdf341d1,request_refund,request_refund,True,0.19600000086938962,False
2275,06aec922231566d6aabb30086f2337ebf846b32730b6533973a11bfe3bc50953,receiving_money,receiving_money,True,0.27660000341711566,False
3,03f3f243313805de8594f1b838a57a13da757314efac767e9cc9ad58ba6163a9,card_arrival,card_arrival,True,0.3572999994503334,False
497,8cf1e46a92f5a6e5fb2514d161f06916228e56396e07611d21defaa47a5e2fac,age_limit,age_limit,True,0.3215000033378601,False
1574,85edef0d8d1afad49437c933f861971a2deaab4ee29854fd8d36fb69923376bb,declined_cash_withdrawal,declined_cash_withdrawal,True,0.6678999998257495,False
3016,7991e635b817ec251049221827d359b9b104287b7f8bca45e64a6d48dfe37970,verify_my_identity,verify_my_identity,True,0.4304000030970201,False
2218,3c4b837843641724a9e9338c02d79f3607e55da8a3ce8e381bf1b863af6b4486,transfer_fee_charged,transfer_fee_charged,True,0.21179999748710543,False
1309,5fb31d7eb697d5bec989261e1644ae00803d63c338a734d12a0365a936721ce6,visa_or_mastercard,visa_or_mastercard,True,0.3809000045293942,False
309,f5115f9f145fce17d514098ca6e494a1017f461f86535f24505928860255982d,card_delivery_estimate,card_delivery_estimate,True,0.2630000017234124,False
1673,1f5e08240b62528a0eea5bd38284d273702622a1e24acecbda6380a40841a099,lost_or_stolen_phone,lost_or_stolen_phone,True,0.4298999992897734,False
728,8c2b6a3088e1784edfa942008924da033f0db5f4b86c9eb8fb4dcb861e5a0d8a,top_up_limits,top_up_limits,True,0.3817000033450313,False
847,aa459c8ef4f56adce3490655c3a8c3353e524fd53f5d29f6400fc4fe7ae55f9a,transfer_not_received_by_recipient,transfer_not_received_by_recipient,True,0.45559999853139743,False
2270,8eb3161e2eac43b7c1694334c6468957f419fb7656b768e3dd4185bc72c53b1b,receiving_money,receiving_money,True,0.3296000068075955,False
2466,1ff1ba41b78b875a031d81b374bebd8e61c67c1d1e3eb5b8dcb50336fa3bc64a,top_up_by_cash_or_cheque,supported_cards_and_currencies,False,0.32890000147745013,False
648,e8ee0a8d9e49b42de4dd363a6ac53750345e3a8bc6ee8d4f0a5eb62e6b81968c,pending_top_up,pending_top_up,True,0.6374000004143454,False
2489,4d4f93c3f6ceb57e90eb753782a4cc5c0bc038487d177ed30f9145f327d3c9cd,order_physical_card,getting_spare_card,False,0.2674999996088445,False
1434,230f4e0eaee699f2ed6f892eccd71e1d2f4ce7f8fd0946cb4728ecdcf3af40b2,compromised_card,compromised_card,True,0.3388999975868501,False
1134,cc0a850a39aa20f781ab06ad862c3f9235759ee3c5428a2b12cbd79b2141abda,edit_personal_details,edit_personal_details,True,0.2717000024858862,False
176,bd8aa1fa1c356d77adb4697ac9f5c536b63e7c3a6e23377f0bf6de3310b248bb,extra_charge_on_statement,extra_charge_on_statement,True,0.36639999598264694,False
2502,1a176916db44f884fb403dd5d567d365686247500f369d25310c05fceb88e303,order_physical_card,card_linking,False,0.29659999563591555,False
2516,b2b8459f31ec39e577efe1ad159134cdbc78d49fbe2b3d3da564c77dde7fd354,order_physical_card,order_physical_card,True,0.20360000053187832,False
942,933f0fd31bf6f857cadfb6fc50feb15dbbc4dcf2c8843ea7830bef05d9194d47,getting_virtual_card,getting_virtual_card,True,0.25859999732347205,False
1093,3f13b5ae99c12f67694df2d1631fa032798847aa4a1029a95fde6aacb2d6ce75,card_payment_not_recognised,card_payment_not_recognised,True,0.3932000036002137,False
2379,b5868be0201720eadfd5d09bd8b5c7382207fe5420a8f9bc3a2e42defbfc62fa,verify_top_up,verify_top_up,True,0.3892999957315624,False
2224,c15dd0104b32835be7e5d9372fa401f71cf15408c1dd08f90d1a89690c3315d1,transfer_fee_charged,transfer_fee_charged,True,0.3116999941994436,False
2506,a7f81356b93b6d1575a5aaa5ac234c42d7b4c147461ca711fd05c4155caedaff,order_physical_card,card_arrival,False,0.564500005566515,False
2399,7a92c9a74b7d28d3d2f7ebff38a9ca2be97e09fc1cf9e56fe99695204683fc23,verify_top_up,verify_top_up,True,0.4149999949731864,False
2657,732aed59860a2313d2c32eabb3ab760b2bbfb861ff921eea4f3306587d1b70f7,top_up_failed,declined_card_payment,False,0.2782000010483898,False
890,b6068a9a64f04cb82d92bd552d8c7509dece705728746bbe46281e8131f60823,supported_cards_and_currencies,supported_cards_and_currencies,True,0.6309000018518418,False
1811,a436576964a72f3b7e43465f6d3f56741f4801e57752f23e729032c6975f4e49,declined_card_payment,declined_card_payment,True,1.0806000063894317,False
1373,3534d49cd98e0686e75ec2bd722d24879265ca1266e014d8ac12725559f26bd9,disposable_card_limits,disposable_card_limits,True,0.7072999942465685,False
2863,7e31299ee448ac75158f039d41f64e36562027b23dfb9ed89571d965b4a1cf8d,activate_my_card,activate_my_card,True,0.2521999995224178,False
1193,756ce49e22fb95f05102206732d0b37d70a73b26e28af0bc64f6248cd05380a5,why_verify_identity,verify_my_identity,False,0.24540000595152378,False
20,c38b5df859c70a53480f621d332cacf0f0dd849cfe13a6e3005ce745ec224031,card_arrival,card_arrival,True,0.3279000011389144,False
1877,cec7e675d63683ae636e9a96f76efe79f3ffa0ace48193cdb9100f356b5802bc,pending_transfer,transfer_not_received_by_recipient,False,0.2595999976620078,False
1062,7e6a4756e2d84203498990e1416f71d104ae9a4f846223834d170c7e174a52d1,balance_not_updated_after_cheque_or_cash_deposit,balance_not_updated_after_cheque_or_cash_deposit,True,0.6340999971143901,False
2747,3dd32c112252fa257339a87be3ad2b4525fe78ae5c14f153f598d51c9746098f,cash_withdrawal_not_recognised,cash_withdrawal_not_recognised,True,0.42969999776687473,False
851,a9e397453b7ca42700114b69690853bf2c1a6f3054a29af7c1818077699acef6,transfer_not_received_by_recipient,transfer_not_received_by_recipient,True,0.22199999511940405,False
921,0ec2bdf5f18cf40dd8dbab183d9d610463eb08894bac4cc9f4c179e14ae51ff6,getting_virtual_card,getting_virtual_card,True,0.23719999444438145,False
605,2d09560a2a1b1ed96c086b15816f3c7d5efb8e48d016111efc1a141504ee1c78,top_up_by_bank_transfer_charge,top_up_by_bank_transfer_charge,True,0.18220000492874533,False
2817,2c8266155a88de89c161d5ffbb74626eb512e7e0cf5af6081ee048f7ea006ea6,top_up_by_card_charge,top_up_by_card_charge,True,0.4104999970877543,False
1302,4ba544a17b01abf07eb6e46e7ed954ae07921b078c3cc045502011dfe9d19d16,visa_or_mastercard,visa_or_mastercard,True,0.3116999941994436,False
2631,c22669bb1f49b8fe0268d8c47281c8260f4c0bab02d0739e6f62e82c9f71ed84,get_disposable_virtual_card,get_disposable_virtual_card,True,0.3071000028285198,False
2892,dac210c6eaad4c202204a537e806cf042202feff3bc5ad66df369148cc9870e9,cash_withdrawal_charge,cash_withdrawal_charge,True,0.37140000495128334,False
1800,0a62524666331d0890a27d90e1c6f818ad69243491828a745d92009f331c8c9e,declined_card_payment,declined_card_payment,True,0.20529999892460182,False
1885,c62cbfb653e5695b1e90ce906a8f410ebe511ab5dc4b4b963c3c13fbc91274c6,terminate_account,wrong_amount_of_cash_received,False,0.41090000013355166,False
1693,e990947e10d892b34e84e3c23545903a4bba622fd603548155b801925439730f,request_refund,request_refund,True,0.25019999884534627,False
2907,2c2879ee72da92ab261301ac85a2ac4ecf2d9558173a019fda65e006769b4d1d,cash_withdrawal_charge,cash_withdrawal_charge,True,0.25299999833805487,False
1939,a1e76642cccd104f99066a2035e7dc6185ae196d9fba5dcc780049dc566691f4,card_swallowed,pending_cash_withdrawal,False,0.20290000247769058,False
1170,eea10d68d46c2ce75259823eef9faa09facc52d0471c71eac39ebf42428224d3,why_verify_identity,why_verify_identity,True,0.32110000029206276,False
2524,e0d5b57dcda0376e6c4cbb53305cd3a341e06a6dce3b6fe4ae1753383a17664c,virtual_card_not_working,get_disposable_virtual_card,False,0.5258000019239262,False
779,41e976e51cc86a3fe4ab06af22d40806f4d7edc4e7251c321a2718020be47efe,wrong_amount_of_cash_received,wrong_amount_of_cash_received,True,0.3052000029128976,False
2579,69ca393912cdabf8d34f9788c8f0d4cd770f0463887f3a2f1648fbff65e790de,wrong_exchange_rate_for_cash_withdrawal,wrong_exchange_rate_for_cash_withdrawal,True,0.5023999983677641,False
1407,d426caa2a3778b4a99058e024b3ce9061f804692ff16d7648c53116ad96873df,compromised_card,cash_withdrawal_not_recognised,False,0.5940999981248751,False
1518,9fc673028598ea94d4cda71017a9e164f1bb2143f1b17142fe6de1a82271d79a,direct_debit_payment_not_recognised,direct_debit_payment_not_recognised,True,0.3146999952150509,False
1796,c440635e99d5e35f5f3176eb8d30b2e78a9b41266477b360f842ffe9d975d5f6,Refund_not_showing_up,Refund_not_showing_up,True,0.778499997977633,False
1238,eb7d4ee992766b8dd0de3849e7791fc62e767ab7d4f445e1938d03b8540e1477,unable_to_verify_identity,why_verify_identity,False,0.25829999503912404,False
285,68c66021525f2e114b6c328d45d145c50b1221771f4d3276c6f8d0d9c235c2c5,card_delivery_estimate,card_arrival,False,0.2406999992672354,False
2720,18b34858c03229097c4b798ec62da69803148c0358b38f3a7cb984bad7312621,cash_withdrawal_not_recognised,cash_withdrawal_not_recognised,True,0.3798000034294091,False
1358,23b4fb4ced101b7c19b389f50b30212a787771353791803b2cf479e1550eee9a,topping_up_by_card,top_up_failed,False,0.4324999972595833,False
15,4cd07a84e7d9e4a5ccd26114fe80b42434c91afca85f9a1b7634f641f808b162,card_arrival,card_arrival,True,0.589600000239443,False
3029,0e8142f5c4a7dafba810e0b17748fa170730a1225bdecb65bce0ec10a3dac851,verify_my_identity,verify_my_identity,True,0.3122000052826479,False
429,0108447d8dd04cbe759b31b9ec97b9455d8e4a79202006154e3c2d222854fdf8,exchange_via_app,exchange_via_app,True,0.23299999884329736,False
1554,a57896852e8ca495870246993cabc15a18c67552da2b2cded5405f4ce0a60799,passcode_forgotten,passcode_forgotten,True,0.21049999486422166,False
1539,bdc4ff616de743807fb622853b51486c4282060e3eec17a5f85775394c33f74d,passcode_forgotten,passcode_forgotten,True,0.2808999997796491,False
927,60b499740593fff2386eb7b1e47058454c72c8e0490e8f32fde1dccd77259a46,getting_virtual_card,getting_virtual_card,True,0.20870000298600644,False
85,7fca9ba37bc804a3ea73552ac5ef540e05aad830474ac041ea20e2e819b6e4ff,exchange_rate,exchange_rate,True,0.24310000299010426,False
638,de3f4744bbe652f8b5b842da9f521a192e93f2f6dc745f91e0e4c7dbf026053f,top_up_by_bank_transfer_charge,failed_transfer,False,0.8105000015348196,False
1247,178d677470d857287514a81cf118bdef66a7a7132b9e998f8c7ea9b7cdacf4e2,get_physical_card,card_payment_not_recognised,False,0.6114999996498227,False
1142,79e3c97ef8fa6c6465fa1c57068ae54c28638c56473e81a6064270afec0c6995,edit_personal_details,edit_personal_details,True,0.7856000011088327,False
2296,a50aa6d1e435459744b878df81ea4ab022109843208a9559b53f9e2edda68c9f,failed_transfer,beneficiary_not_allowed,False,0.5629000006592833,False
1180,231ae72f809abc6fe4ba856dd5b4a99bb1c8489d185fe1afbdc339e7744b3c20,why_verify_identity,why_verify_identity,True,0.6293999977060594,False
2283,b6645df3c3e955387c727bfe3a9de7cccd38e186ec98d74768cd72b9cfb76f27,failed_transfer,failed_transfer,True,0.7681999995838851,False
1278,8240836b707fddf25b6559726ad2e6a19bda65c9183bb49e8eeef47dda17aee3,get_physical_card,card_not_working,False,0.367300002835691,False
2870,192a74df501ee02d74e24fb1f439b4c43a7a5561c61218225f1d1007e17701d2,activate_my_card,activate_my_card,True,0.4225999946356751,False
1935,cb3c6a89d629f670f84a56892b41f31875a1b58032da6e43bd4510e7a4bd4e9c,card_swallowed,card_swallowed,True,0.20619999850168824,False
855,f0c01a0e4ec4161721cdbcc9a823e0448b195a65912d76cb65624cbdd28ed53e,transfer_not_received_by_recipient,balance_not_updated_after_bank_transfer,False,0.2625999986776151,False
2445,b6dc00b4331c3df988237a3f835cbc02a7dcda68aa58ee7b635baf531fb9ac29,top_up_by_cash_or_cheque,top_up_by_cash_or_cheque,True,0.3302999975858256,False
1602,97b5a2c8c72d8e7f459bacd950c3b0a31af8fd97833182f719f2dbafe38e8b6b,pending_card_payment,pending_card_payment,True,0.23099999816622585,False
2431,45b8fd33cc8940184d0c0c58586a44ae6c123dbd392c1bc867dcbef108f90bc0,getting_spare_card,getting_spare_card,True,0.3212000010535121,False
2021,4e2bccd87dcdcb969dcbbf36a79c32ec477d2fc4110dddaa7a50a00d9bf33b0e,verify_source_of_funds,verify_source_of_funds,True,0.2851000026566908,False
86,f0808ae75f3a148662005a373cec9424c7335488209c439eabeba765513c5ae4,exchange_rate,exchange_rate,True,0.2640000020619482,False
2473,a0010240bb3d990b734a3b401aeb523f4f888d52119386b505234bc927c7eb0d,top_up_by_cash_or_cheque,top_up_by_cash_or_cheque,True,0.3012000015587546,False
534,8da47ce5a9f876b591603190700c99acd745d5f5e07764ce47d8cc38b109a4d7,pin_blocked,card_not_working,False,0.4417000018293038,False
1827,dfb72c71ac6274a54f11ec0da232552b7f92e43f921cbe2a3fe87b567f5999db,declined_card_payment,declined_card_payment,True,0.25690000620670617,False
1600,d14e1129c9ad0d230422b72c5100f41be100ada4dbd6851a3e8f3707722a5677,pending_card_payment,pending_card_payment,True,0.3259999939473346,False
301,831a794b8de3676ddd49179dbe7a42b98c2687f02b6d899f8df9337b30615c1f,card_delivery_estimate,country_support,False,0.28450000536395237,False
1556,2207cb53392927d26bfb79d39db0b66e699fbe44c5152869a3a1faaa2242024c,passcode_forgotten,card_about_to_expire,False,0.2043999993475154,False
1966,85f79d98d7f669db4debdc211b3708f8eebb287dc25c60bd81e1558812c0766f,transaction_charged_twice,transaction_charged_twice,True,0.5813000025227666,False
444,2e6feb80a4bc8b8e1cfd2e10bf6d368113c319b137760e73599c2ec52dba6671,lost_or_stolen_card,lost_or_stolen_phone,False,0.2652000039233826,False
794,c915fac855e14d835c8703ec48d0a541e7b95522bacd918a227177b68c6d16ad,wrong_amount_of_cash_received,wrong_amount_of_cash_received,True,0.3288999942014925,False
255,a37d16758367c278d3369583c30d5eb84b49120642d4b60e6f56083589a092bd,fiat_currency_support,exchange_via_app,False,0.25349999486934394,False
1447,7f6222635c667a8f860a65fe63a304dd5bf8de5f43eb77044ddc4a90dfb732db,atm_support,cash_withdrawal_charge,False,0.22739999985788018,False
2068,26b160f30f0b371b87c02ee0c54dbc3f6f2b67e96f8c2c1aa37aa529a1ef894e,transfer_timing,transfer_timing,True,0.3397999971639365,False
229,9a6f9c858946e6099676791c4e214eb90633f729edaa8ab17c30df37ed38f4dc,pending_cash_withdrawal,pending_cash_withdrawal,True,0.5776000034529716,False
1488,86a108ac3ee27ece3fe2dc928e7a636fa37d7c368896d893d88664e047a92ffe,direct_debit_payment_not_recognised,direct_debit_payment_not_recognised,True,0.39459999970858917,False
1541,ff38347b837c533065f6e04356cc143d15e0ceb5cbc551768cc4a3435751e839,passcode_forgotten,passcode_forgotten,True,0.27690000570146367,False
1688,76b9e363e71e31d4f9521bd056c909e7254a4d5199fdb70776c26d05d1dea38a,request_refund,request_refund,True,0.1923000017995946,False
969,caf6d9d7d8a41c3759f1f7b0e49ca07d184999db679618b231d746d2e40ecee5,card_acceptance,card_arrival,False,0.3000000069732778,False
1111,e3eaf7d02b9b13dfea95f5ecb3f93097c2ce9f5784fd2cf712ebb3f4a62b3a13,card_payment_not_recognised,card_payment_not_recognised,True,0.5042999982833862,False
667,2e8ea27e250c08fbdebaa58b97e4bcc599f048fa5d7e6fb7b8c0739e89168040,pending_top_up,pending_top_up,True,0.465299999632407,False
2001,2e4590f0096a1d84fe61242ac29d7578aaa8cd8a766a546cc7b864cb1e8bf9f6,verify_source_of_funds,verify_source_of_funds,True,0.2764999953797087,False
704,f4c8754d846489fea831343756dd16299d9f9c0ee49186017ae8882f491758dd,cancel_transfer,cancel_transfer,True,0.22629999875789508,False
859,ceef708ee6a93f9586c01a636241c0a1f9042c2604fe7ad50d29cd8e8084d9b9,transfer_not_received_by_recipient,transfer_not_received_by_recipient,True,0.27749999571824446,False
1921,4ebbbfa2edcc69f2c2ac8a93657d7ac6bdcc3d14d433c680e356012801bf4604,card_swallowed,card_linking,False,0.2975999959744513,False
1718,a90292e114a9e44839e52d5765bffd7c850e6cdddd0e64312c5463b624a3cd92,request_refund,request_refund,True,0.24929999926825985,False
2470,8a0830b0ad9d3568f61313c266b0a66c9915aae6198a7b08c92b78db4d16ec0a,top_up_by_cash_or_cheque,balance_not_updated_after_cheque_or_cash_deposit,False,0.2697000018088147,False
2844,2dec9417b819f0799e2492592adbb48484da7033e0d6046ec0023369b64ea052,activate_my_card,activate_my_card,True,0.3178999977535568,False
999,824458e2fe76b4dcdf4676485e8b1e6ccf170c9f38bb6c30eb4b6234d25551de,card_acceptance,activate_my_card,False,0.1751000017975457,False
594,17c9dc7751eac7f369c14d7077f0eec655aac0ef8bac7bffb218fbefba1d36a4,contactless_not_working,card_not_working,False,0.3515999997034669,False
635,6d2ae90a03fed375c12545b12227cbe4e603212d99f243568ab445fc48be8f31,top_up_by_bank_transfer_charge,top_up_by_bank_transfer_charge,True,0.647900000330992,False
1477,1fe98bd61913d2227d5b3f5eb2f7ea35a8131169a8883f3f9af3981d764e6b6a,atm_support,atm_support,True,1.007699996989686,False
2170,054e0443d94173d87bace645947d8f7cc8511e5c6bc8b3741f741b3ca146ce02,beneficiary_not_allowed,beneficiary_not_allowed,True,0.6448999993153848,False
2918,4c1c155d5622b071b44fa00355dec7d77e32d617ec261dc8566365643e9ea992,cash_withdrawal_charge,cash_withdrawal_charge,True,0.7518999991589226,False
2781,ef83c70c3ea18be9fe737f0f388859b340137b66530f49531e312fd52698a22d,exchange_charge,exchange_charge,True,0.4993999973521568,False
231,3908be79a023a0af074e74b8dd3e1ac76d12464f1edfacfa621f7f791ed428b3,pending_cash_withdrawal,pending_cash_withdrawal,True,0.7082000010996126,False
711,04f991c470e8b0e6759302327f6f25f02e9a2c32453d0497ec6ab3133ef4c540,cancel_transfer,cancel_transfer,True,0.6742000041413121,False
2403,8347efaa9cf7c702f0170d0affa8663733c63d62e6fbacdf35af14de42bbb35b,getting_spare_card,getting_spare_card,True,0.23769999825162813,False
568,a44419f4a4f1cad336ac3c7f4b6677d5f68b36e68e0d7de6b6a8c04d4886a453,contactless_not_working,pending_card_payment,False,0.3006999977515079,False
1568,4116637023ee919647f1b659e2c4ad5b7722f1f9289d4939fd589a9c1a489ef7,declined_cash_withdrawal,beneficiary_not_allowed,False,0.34220000088680536,False
46,aa7625310dabb42fc1ecde9dfe26869c30821026b4db162bc315c0fa05d348b7,card_linking,card_linking,True,0.32810000266181305,False
1453,ccda7d714d033f0f2d22a5b606f528766aa75ba7f6e8254bf2d06d9ee948ae76,atm_support,atm_support,True,0.33850000181701034,False
2320,7cef5c414baca7b8fb85d3d6cd41c0e7a18d363d8bd3e2bd20b5d98e0cdf2c1f,transfer_into_account,transfer_into_account,True,0.5553000009967946,False
290,16e70a6320dba88e96d6d963297f2c86cf11e4d905a70dc505ae9fcac931dbcc,card_delivery_estimate,card_delivery_estimate,True,0.2806999982567504,False
2507,5e93a6c077ef1f4c534ca1acf1106ae43070adcf25d276173abca08a0f8352a2,order_physical_card,card_payment_fee_charged,False,0.4085000036866404,False
1406,43118cb2d6c560294aaf983b5c2270e356721fbb783081bf26e1003f6f679477,compromised_card,compromised_card,True,0.5200000014156103,False
10,7803bd72bf22b45c0ada285a09098facf13d9c2dd618863e70bd198526064bb1,card_arrival,card_arrival,True,0.2623000036692247,False
3024,affcd8d07eb2d7a61aa92e85e46442d8c2ad8a5899866c2b454a67c3ba0eac37,verify_my_identity,why_verify_identity,False,0.3741999971680343,False
949,6daa3ea90faf4d2f26e43d6c429c8ec6d73183c84652c0a0bbc5cfb4d14a1572,getting_virtual_card,card_arrival,False,0.6289000011747703,False
3071,3479a1e99275f13c0e3e1d8cfee2fedddc8fdfca63b1416a32a951ad75fc8079,country_support,country_support,True,0.189200000022538,False
906,9d4526a1d3d523edde872330190b3024d80d99a457c08cf82ecaed66a38b7e5b,supported_cards_and_currencies,supported_cards_and_currencies,True,0.2693999995244667,False
7,42571d78b7078520b38c9261af379c72cc75fc78f463f3c6d828ae49d33365af,card_arrival,card_arrival,True,0.22679999528918415,False
803,edc60195ed584bdef90fcec677fc64f37727b5f26de1cfcd0e574c5c9d873e34,card_payment_fee_charged,card_payment_fee_charged,True,0.3983999995398335,False
1141,7e86301902eccca07ab1afa9d9af0c26a6a0c9b1bbd1a4280e37567c90bd10f0,edit_personal_details,edit_personal_details,True,0.3423000016482547,False
1430,84a599aee9b5ae4d7da75ef002d8ab808c7bc9c0bc49191263c104b12e44a2d4,compromised_card,compromised_card,True,0.282899993180763,False
1233,1579954a325fe204bc023455f7071a0db779f351ce7338dc103049801c37da22,unable_to_verify_identity,cash_withdrawal_not_recognised,False,0.2162000018870458,False
773,99a058583608de80f5081bf5a2f83042e46aaedc35fd0b3f62e1055e9fe5b675,wrong_amount_of_cash_received,cash_withdrawal_not_recognised,False,0.4859000036958605,False
528,30a00f30114df401f312fac29ecbb7ed89a89d241e9d8e1ba7999d0f6f23f86d,pin_blocked,pin_blocked,True,0.5977999971946701,False
1833,a80c6056e36e603c59796f6783785b2aff304820a2abd89bfe7bc475279b8d98,declined_card_payment,declined_card_payment,True,0.7383999982266687,False
679,f25293e58145f6af32cfadc097dac0bc1199d344103c7476546a35c543b5ab2a,pending_top_up,pending_top_up,True,0.6016999977873638,False
91,6f69ccd900ec4d1090b118e0716283e19a9b6e50e2e85e229d37dd908ae61021,exchange_rate,exchange_rate,True,0.2836999992723577,False
1900,05118e633f3b4c795f7f001ac4349460ff2e96a579e7e16872daf214566c615c,terminate_account,terminate_account,True,0.40469999657943845,False
330,c7b49da58ee4f2d213f639db36574b9bb5f4f2a607a0671e8591d59eec8e158a,automatic_top_up,automatic_top_up,True,0.44049999996786937,False
2959,46fc4a139894035a6f86e22a5d8dcf856ef339d77f7c4516cfaa49ece114701d,card_about_to_expire,card_about_to_expire,True,0.8775000023888424,False
2536,3337d8bb1e46297f9ceaea9fe026b174838f06c823148eecd0f49d7eb3b51eca,virtual_card_not_working,disposable_card_limits,False,0.5861999961780384,False
2208,7edd5c6af0ffbeb14c6dd857f2a9a5dec04afd96d1c5f46258a65ead7c6aa563,transfer_fee_charged,transfer_fee_charged,True,0.9973999985959381,False
2988,97915fd771ec560aad65d89eadc0f9ec72e4f8439753f7219e1bfd545540e4e5,apple_pay_or_google_pay,apple_pay_or_google_pay,True,0.8748999971430749,False
1934,a1ec184e434ba88bcaa342a548dd4f3d9531882a4b3fc19af4deb5cefdd7ceb8,card_swallowed,wrong_amount_of_cash_received,False,0.7878999967942946,False
2725,fd598543fd0cf5c196b45a48a2695327f961945f4348ba54b7dd394b674a4479,cash_withdrawal_not_recognised,cash_withdrawal_not_recognised,True,0.562999994144775,False
197,a085ee7e75dfb529399185562d39f905568f990a6e93af83db05ed598a3e791e,extra_charge_on_statement,extra_charge_on_statement,True,0.4056000034324825,False
2064,4276516a374afb8714ba00d15139bb4dcc006d53cfef8581cc5b9cec25c93406,transfer_timing,transfer_timing,True,0.5709000033675693,False
1027,556302faa10e36501b4af6c8ac1a10897cae425b8cfd7b5cd2c2bf2776493328,top_up_reverted,top_up_reverted,True,0.4394999996293336,False
336,d3f6a24d3d441588e869f61c72f4563335878ff253a1c09042043d5052ff6b62,automatic_top_up,automatic_top_up,True,1.0550000006332994,False
1858,0b5646674c22fd1dfda321016567b6328f14e6fb9cdba9dc6dde6c047a249edc,pending_transfer,transfer_not_received_by_recipient,False,0.7811999967088923,False
2200,cbf68e6f1b5bd83eaae0eafa5a38e4ae1820ef5d5b0f8a22b8cca71b3fdce046,transfer_fee_charged,transfer_fee_charged,True,0.5237000004854053,False
382,5cf596bd8f29d16f24425073b85ff48d6cf3a62feab8aef49cb1512eeeafc5cf,card_not_working,card_not_working,True,0.2887999944505282,False
2286,1c13c083422f3c95f06795854b3ce72c4ba926722b6e00bc3a899e84eb1a12c5,failed_transfer,beneficiary_not_allowed,False,0.5075000008218922,False
2614,cd7422e4a4dbab642c874f59b6e715effce1bbca7aaccb8dbf7fcdc5342bb1de,get_disposable_virtual_card,get_disposable_virtual_card,True,0.5387999990489334,False
2705,4d4d03a2d83bc5a19bdebfd65e1145b265ee17f0b76d4478a91b1fb7134c6e43,balance_not_updated_after_bank_transfer,balance_not_updated_after_bank_transfer,True,0.37010000232839957,False
1756,2db215f7267b7821df4288a01fec3d433d2655bbdf8c157e21a7d789f5b0faa5,declined_transfer,top_up_failed,False,0.6223999953363091,False
224,251225293356b31383dcc4c8ef534aa2be03e5ef8e5a626d06d0799817bcd3d8,pending_cash_withdrawal,pending_cash_withdrawal,True,0.4413999995449558,False
1751,4ef157457280521f587818f2fc4e8cbddd13bc90ab46ec2f50ba09194f0f2474,declined_transfer,declined_cash_withdrawal,False,0.28000000020256266,False
101,7682b3a92509cf5cf8a0cb16d5ba149a76a1ea1ff22410e2108f3c6df5edb46d,exchange_rate,exchange_rate,True,0.24619999749120325,False
155,a6b285f59a150f05dfa96d0deaba4ca346a9ab1efd02c2e49cf5bfc3bd29bd3a,card_payment_wrong_exchange_rate,card_payment_wrong_exchange_rate,True,0.37140000495128334,False
1588,271c49f578f0c081c1bb9bf894e8b8ba6ccb2c1c38c3db6dcf76577992742f65,declined_cash_withdrawal,declined_cash_withdrawal,True,0.2266000010422431,False
337,dea7b4b2ed49dfd98689a15c87160da305043059994ad5661d279a4530067db5,automatic_top_up,automatic_top_up,True,0.2998999989358708,False
1792,1c9bbf4721cc16ea736215a66dbaf97c0c505681736619e63385b459efb4db75,Refund_not_showing_up,Refund_not_showing_up,True,0.8783000012044795,False
1110,7fb0d2655d71eb74a74e559f6083ddb73cff38853c2375d07c2f3aff081bda4f,card_payment_not_recognised,direct_debit_payment_not_recognised,False,0.5602999954135157,False
896,4030ea6aa170a0d7a60c154d353e1c3f613a844aee4b169e98f55044cfc601dc,supported_cards_and_currencies,supported_cards_and_currencies,True,0.21629999537253752,False
2079,117571adbbd77958fd52549461ec2519950060e60896c125506027d1850eadd2,transfer_timing,transfer_timing,True,0.2836999992723577,False
2493,d457ca2116bd2d233910731691b4a8ff2f0a25a83d892515f6c2ffc35758e3c1,order_physical_card,card_linking,False,0.5879000018467195,False
1003,ac88e97e855b0ae897a8886d99a6385a7f75508245eb87a29f441de9391d9a72,top_up_reverted,top_up_reverted,True,0.5297000025166199,False
2426,6f69578c5cfc45aad95e6560aa60f3680f547a3eb80bc30ac5deed8cbf687706,getting_spare_card,get_disposable_virtual_card,False,0.5292999994708225,False
666,af7cd7d38ebe7594c3e7c5063381b2819844936939731d0a668eb1c3360741cd,pending_top_up,top_up_failed,False,1.0924000016530044,False
2644,5353e1fbd60d623d27bf7707a2d98eb1a3b2da563d3805e9a64d7d821d983e8f,top_up_failed,top_up_failed,True,0.3932000036002137,True
2136,7d7071694b143d2da3daf95a87d14f86cb593ac47dda112cf9fbe11d81d513dd,change_pin,change_pin,True,0.39590000233147293,False
2223,c412e11215c0404582175ed66e35c370bde8f7938e3e8d7f3c9627dc0c46f1b3,transfer_fee_charged,transfer_fee_charged,True,1.1270999966654927,False
2976,32b6de05a0e1a2cd856a962a402c9952126c363d864140abfff8cf9328092fc0,apple_pay_or_google_pay,apple_pay_or_google_pay,True,0.7139999943319708,False
2370,df85d1867eeba6d21157a912bd69dfd2f32ee28145ca03d8be537b4bd380a2ca,verify_top_up,verify_top_up,True,0.6894000034662895,False
2993,fddfda605a725cc6120cc93a27d544009dd5671e1eb13affc72336a391d02eb4,apple_pay_or_google_pay,apple_pay_or_google_pay,True,0.4530000005615875,False
2937,feb99345c62675ab3e1e55b6786063fdfcd1c5d177ec67ee1366aded49a61490,card_about_to_expire,card_about_to_expire,True,0.7082000010996126,False
1874,e1a73deebd2e2aebd9e1fbde6566933301c9730aacebdc231212b1c00f64c8fa,pending_transfer,balance_not_updated_after_bank_transfer,False,0.2795999971567653,False
2549,d368f21a7ffd5b07d92ec645d954c10dd2d7885c0480aab87ed7f24f9e5a5aac,virtual_card_not_working,virtual_card_not_working,True,0.26359999901615083,False
1737,19f1aec403a86f93f58bccc5478b13705a2a2a642ebcea384277cc704f03cb0b,declined_transfer,cancel_transfer,False,0.2590000003692694,False
2000,50ca1bf52d564281e4041fc28293d70daccac2d33da83f2d5f9916d90b37eacf,verify_source_of_funds,verify_source_of_funds,True,0.4409000030136667,False
2210,979bba28cff28b55a98104d10eb0e1262dc610eae2a730fe7f7e2af2ce64c783,transfer_fee_charged,transfer_fee_charged,True,0.6272000027820468,False
307,fb6e02f1cfe536761b07e7e4dfdc423c0d010b1f193e39fd992d86546415a69b,card_delivery_estimate,transfer_timing,False,0.5013999980292283,False
1859,8548d62876d470a51b4f78238280fc33a256fae9365676a9812b58b06ef7abb3,pending_transfer,transfer_timing,False,0.2936000018962659,False
1432,b10046dfb87370b231f96bafb1f46114dc1189533891265c4ac81cc9bec60a5c,compromised_card,card_payment_not_recognised,False,0.6862000009277835,True
141,e072ea7f6741c26f5b9d2de47a8b805e58c080ec4dd9c6a15d845a491ba1fc18,card_payment_wrong_exchange_rate,card_payment_wrong_exchange_rate,True,0.6570000041392632,False
2622,f9d970fd238b72cb1af56811f17514fffe8f5ea8528667a4d4096d836c3c9bcd,get_disposable_virtual_card,get_disposable_virtual_card,True,0.2424000049359165,False
1729,a0bcf2d1eef54002d0ddd390e077dca2cb0f355c04d30e1fa345e3d6ba1effb8,declined_transfer,declined_transfer,True,0.21550000383285806,False
252,59f6a7de35a9436d998925005596c5591336ad56ff309cd237a12f9a8b96cc56,fiat_currency_support,fiat_currency_support,True,0.21579999884124845,False
1397,e114ff6e676ec409293f8ff8686e83a3b52d410e61e896b9a79de9aee1b1adb6,disposable_card_limits,disposable_card_limits,True,0.32279999868478626,False
1502,befd5c4f55c1af93a20a325f57fa67408c1f13165616221a4a88a4e9550f7c92,direct_debit_payment_not_recognised,direct_debit_payment_not_recognised,True,0.30310000147437677,False
1831,f238c71231032f7e726557c0fe6664e7a8eb4b804a2c79c133123921b6cef803,declined_card_payment,declined_card_payment,True,0.21329999435693026,False
2586,8a156f1210ff3082bb00fa33d68c742b7bd0697506ba42ac3bb31f15cb41046e,wrong_exchange_rate_for_cash_withdrawal,wrong_exchange_rate_for_cash_withdrawal,True,0.3253999966545962,False
1121,522e69b7e5c243f42678d459dd4eae084f75108d6c7294910f16109e9b17389d,edit_personal_details,edit_personal_details,True,0.20390000281622633,False
1951,bab5d5f677d6c0786fc5160248a92e49d5e19b3c9969e9aa992f2cb4d22094ef,card_swallowed,card_swallowed,True,0.35790000401902944,False
1440,01d9a5bc59acbfb4b9692c6132644340eacd4bc58a946dd26b87dc3f18e430d6,atm_support,atm_support,True,0.2452000044286251,False
24,2ee3ef0544ae6d2c3584c10dc694210b61e0912a6918d881cd3aa18d44fdfa9e,card_arrival,card_arrival,True,0.30759999935980886,False
2723,a73bbd1bf685885fd75ad586827fa5169a552e1c1de3c7b98cfcd7c1cdea3d15,cash_withdrawal_not_recognised,wrong_amount_of_cash_received,False,0.41459999920334667,False
1342,f6c02989fa408561e05de1a100bceb9b8d105d66206cb0f7e60289f6e0af8526,topping_up_by_card,topping_up_by_card,True,0.432099994213786,False
682,3904452d927490559284013d43bd6c0356937a7f03e00e8b5fdf0aca39b003ba,cancel_transfer,cancel_transfer,True,0.1999000014620833,False
1021,0653be518e5d69c93c4233bd63dec51169b9a58fe19fa84905f8124ebf72f21b,top_up_reverted,top_up_reverted,True,0.32410000130767,False
959,d01c44f58bbdbe44b2e0cc6a4248bb1ebcabd64e7e9def29e83544ff470fb318,getting_virtual_card,disposable_card_limits,False,0.28220000240253285,False
157,d3bf5359d1232a937a8e269eac847298523b3fc40f7dae3a513d7d4d75987287,card_payment_wrong_exchange_rate,card_payment_wrong_exchange_rate,True,0.3404000017326325,False
2269,7c7da7bb184d41ab3d6610af07becbb6226967d179af936cdf99ca3428dd422d,receiving_money,receiving_money,True,0.4163999983575195,False
1894,9f1a439541383c579dc9f97cb85b0ed1676940bc86623e7425b412819b49de2f,terminate_account,terminate_account,True,0.486999997519888,False
819,4e40e63b2c7a95cf7ebad158d439fec543a6a402270550b8589d2df84093a337,card_payment_fee_charged,card_payment_fee_charged,True,0.5485999936354347,False
2876,bc5c2475255d89268cd2ee977d2cd439cc022bb39557a9f53764e0c1fc27df76,activate_my_card,activate_my_card,True,0.4096000047866255,False
383,802a1fd761b1b285c9098e6cdeab11d22fe7603789045f84ab31f6a1e7feb7cb,card_not_working,card_not_working,True,0.225499999942258,False
1826,c7ad6f01ea4a453af647fd91f29e169192adb71df60fef069fd6f802f6a56e06,declined_card_payment,declined_card_payment,True,0.48639999295119196,False
2020,818742dde7fbcba3a9d70ed61a86a5dc837404cbceb49ace727f58ac5f175d90,verify_source_of_funds,verify_source_of_funds,True,0.33540000003995374,False
2812,4b2de35e04ada0b469fc1f7cbac305c5ac7236a8359494cd58d79f71fe5b43b3,top_up_by_card_charge,top_up_by_card_charge,True,0.44600000546779484,False
1207,a4407c3ad735c75741a6399283abe60398d27a7967522abba9ca414de677e756,unable_to_verify_identity,unable_to_verify_identity,True,0.2837000065483153,False
2338,fc2359ee55a74113ef9a25008b58a395cb4f3e965c6d395e553c7e9126850443,transfer_into_account,verify_top_up,False,0.32639999699313194,False
506,69f3ac1296cf558ae8182284ff3a2d2f630d4fbf09200254996503ffa90373e1,age_limit,age_limit,True,0.7779999941703863,False
544,8a139923759fc9175cb019162e685c1a34bda362c793f4614e0cd6ee6e433f76,pin_blocked,pin_blocked,True,0.5554000017582439,False
542,24d63aa013f62aa19a9bed760aec7898d16cb1e949238d340e344d89c5e3800c,pin_blocked,pin_blocked,True,0.5510000046342611,False
2127,c9a51a0187a36a2082f7bb37cb7d9a01fa8666e8d9e9f3d290a1291f3730e3f2,change_pin,change_pin,True,0.3304999991087243,False
1559,f2ec717bb379a1827b143f64852d1eae32a42d969aac3f02cfafcfd28aa261b7,passcode_forgotten,passcode_forgotten,True,0.34720000257948413,False
993,31b0a067d086048cfa7632bcae8e0ee1fb5207691e2612a5f35f25035b6f40d8,card_acceptance,card_acceptance,True,0.23940000392030925,False
144,ad2895346bbe08dacb6f16e457326ebc0728459cdb97ba82ba1dda01217f913f,card_payment_wrong_exchange_rate,card_payment_wrong_exchange_rate,True,0.49420000141253695,False
2659,a217f618b6d5e99a16c2831973216afa7235a8a605dde5d9511ae44524b989b1,top_up_failed,top_up_reverted,False,0.3319999959785491,False
1860,106eabce8cb39c44d3931fafc69318a2e11ae71f800e74b6c1ed18979dd7f8dd,pending_transfer,pending_transfer,True,0.32559999817749485,False
2165,8b139df7308c18d026ff1855d2efd81553532f8e618847de914b7051cfc77d01,beneficiary_not_allowed,beneficiary_not_allowed,True,0.5851999958395027,False
219,e3ca73aa8458cf51e516aed8c967c19463c5ce3809edc4c3e9417c6493fe9d0f,pending_cash_withdrawal,pending_cash_withdrawal,True,0.8130999995046295,False
1621,a941077fecc5a825f5b9916ccce55fbcc55556231bacbb9429447af32491abc6,pending_card_payment,pending_card_payment,True,0.40269999590236694,False
1618,a93e28d67641c93621852f9067bbd23b6f17918ecf4f09438fcc21b1eb4c59bb,pending_card_payment,pending_card_payment,True,0.3040000010514632,False
579,04df2d2dc1671f149c82344e042f30029af3f38a6e6136b62444f01bb559fcde,contactless_not_working,pin_blocked,False,0.22559999342774972,False
1023,f730f85b4c95e8945a6654005e299c9c94afc27bcca3f1f2b3dc813efa67c838,top_up_reverted,top_up_reverted,True,0.3068999940296635,False
2522,3ad784d3303fa183d2f42dd0913b585672b9defee4143d0f8c9eb4b16ba5a3b7,virtual_card_not_working,get_disposable_virtual_card,False,0.2299999978276901,False
1589,037c5a7f2d9f937ab830ec3ea6da192e4f2f3f3241ac5818e3eed64dcbba7b52,declined_cash_withdrawal,declined_cash_withdrawal,True,0.30079999851295725,False
543,60ca339a6a76fae80966dc6018d30ff7141700cee4f705b27a23f0ebc50bb08d,pin_blocked,declined_cash_withdrawal,False,0.20000000222353265,False
2829,e5e75a1685ab2192d6c60215e725f627da77ca3bcd2f041d769ea2a0fefe6289,top_up_by_card_charge,top_up_by_card_charge,True,0.3260000012232922,False
1377,b17ad376b0234b9ebb21a29918f02ca6a0d28f8bf1781ff3fdc8285da65ca933,disposable_card_limits,disposable_card_limits,True,0.2626999994390644,False
3072,ec08465ff955d29ace0c6c8ff07fdcc4ec2c8bcc6d9f1c17a0cbb6db1edef2c2,country_support,country_support,True,0.29550000181188807,False
1123,c837cfb3b356e5a5b3853397c196d0624768000427f883ef532fc65206e90183,edit_personal_details,edit_personal_details,True,0.20280000171624124,False
2436,99e24021a8828c01a297c16261bcd68298a8eeb1524cccb8b090fc97d99ffa50,getting_spare_card,getting_spare_card,True,0.40920000174082816,False
2132,f8f35842032f14b86c6ab4508de676fde357ab405f0061d13e9870b23f1d5fb1,change_pin,change_pin,True,0.2795999971567653,False
2179,0c3617e1c90f05325b4bfe2e0898da1a7401320d60bdb0ed8746d2ea886c434f,beneficiary_not_allowed,beneficiary_not_allowed,True,0.276099999609869,False
116,d3ded0c89191b4231e97d0612be2c78569b88c916d89060dfe6597e288170219,exchange_rate,wrong_exchange_rate_for_cash_withdrawal,False,0.40130000706994906,False
83,837957676330dd48a97a527b51c90e91b21d5b0aa5fd4ccc622361eb11796d8a,exchange_rate,exchange_rate,True,0.2668000015546568,False
292,0a09344ac51ed0a202ee301e098912c42272b3ecbda62eeaa47347e203824702,card_delivery_estimate,card_delivery_estimate,True,0.3293999980087392,False
2118,f96b1d8862f11b6a8f7ebb053894d6efbf1e91781501919c3f041c6e38970abd,reverted_card_payment?,reverted_card_payment?,True,0.3219999998691492,False
2962,99b45bd41a2fdcf846260acd14b0b5e96e1769b00ce704711c8bb91ec6b8fe14,apple_pay_or_google_pay,apple_pay_or_google_pay,True,0.34929999674204737,False
2932,da2e64892c3445088ab59bb62e64bb75a1b644e6ef1c0caedd2e80e1a1cd3bb5,card_about_to_expire,card_about_to_expire,True,0.5990999998175539,False
396,ae739fec6a9b7baf440daf2bfcc79b6310916a762ab0e7582a361afafb48cc5b,card_not_working,card_not_working,True,0.5601000011665747,False
1063,a472d122b46d73004e1d3b743a9a6e3c48f22bf5fb4068dbfb2d9d4f7dff1a23,balance_not_updated_after_cheque_or_cash_deposit,balance_not_updated_after_cheque_or_cash_deposit,True,0.5436999999801628,False
1748,e332143dab5e6092926362904a0613fb6485b1a24788fb953b0a90881dd723e0,declined_transfer,declined_transfer,True,0.4923000014969148,False
3037,38bd2516a8a9199ac9a6bb81c7ea101b046296cb92bfaf9d6f7aed4d6364a995,verify_my_identity,verify_my_identity,True,0.3797999961534515,False
2004,1a5e2c656d659a1b9e08f6303a2d22f5bce90472570f3e95936b0197eb901ca5,verify_source_of_funds,verify_source_of_funds,True,0.21279999782564119,False
971,6b14eade2ea82a296b8af01210ffa0436b2e3772750c574940ff2034ad3daac2,card_acceptance,card_arrival,False,0.3608999977586791,False
214,3184843af3fd3c9620439ca0dc4ea3dfe445285a2c8ae1839052f372df48c9ec,pending_cash_withdrawal,pending_cash_withdrawal,True,0.4078999991179444,False
660,f27dbba63763ab5ff54e41e2c7ee6e10dc1d67c42b1cbc37d2fdc71dfbe174bd,pending_top_up,pending_top_up,True,0.3181000065524131,False
1087,e0f1c61dab75a76b304ae385203f2987a251a330e139b60d554b3364ac8ceeb7,card_payment_not_recognised,card_payment_not_recognised,True,0.29150000045774505,False
1361,e1f8894be8eef36a0c9ba924811cd284b5ee04a2031cd63239620daf2db44029,disposable_card_limits,disposable_card_limits,True,0.5443999980343506,False
2252,aa9981d1270ed2f1b4c6b46a1c06aeebdf0c34d01e43988e5b84f5339612baa6,receiving_money,exchange_via_app,False,0.9359000032418407,False
823,148997186d756ad220751b8c4b25d95901584b67b4efed0bf864e293788e374e,card_payment_fee_charged,card_payment_fee_charged,True,0.9145000003627501,False
1254,6d267d6eb2a037ce37dfe85a797ff4f5fe827043a6e91eebf3184e9532078f58,get_physical_card,get_physical_card,True,0.39370000013150275,False
342,8f369f465126e6e5eeabad32dedba9e63f0f3fc697f34d26dc5c871825820f5c,automatic_top_up,automatic_top_up,True,0.5318000039551407,False
776,93f027227ffcaf41fce67b420e8135fdc2b1e1055560bbfcf3412fd6795cc21c,wrong_amount_of_cash_received,wrong_amount_of_cash_received,True,0.7059999988996424,False
980,c08df18c1d3c1d1299820573980235f352a63db18282b7868ecd5719ceb94222,card_acceptance,pending_card_payment,False,0.44100000377511606,False
2852,ba05653578242f42224c4796d8f295f4418523a258d7a92eabd2c88b234036ed,activate_my_card,lost_or_stolen_phone,False,0.2893000055337325,False
759,5b49af4990c097e8bd2aaf56c4da3c752d02112c06a0dd4009246e6a04088b8c,top_up_limits,top_up_limits,True,0.2336999968974851,False
1654,83c41b775c20e050b7b9065ec64d6f4bb5304b100e67c4427eaa7a904befd655,lost_or_stolen_phone,lost_or_stolen_phone,True,0.4368999943835661,False
88,bf46073c069818bc4ffbfca7d25b8c04016dc6f3b7f9cab66a53e7a176919e93,exchange_rate,exchange_rate,True,0.22760000138077885,False
781,940d4c76144ef1a0e4ced5960b0f53688465b0541923760c1d4c80e89cb3ae78,wrong_amount_of_cash_received,wrong_amount_of_cash_received,True,0.335000004270114,False
1888,ca35d007d5706b0f423dc117c46b349ac480a0cbb3aba715133e9342c1eeb9fc,terminate_account,terminate_account,True,0.31820000003790483,False
573,e75d002d0aab9bfe0c111114e60c6e2693762b8392a47758f33e3d6861f453b7,contactless_not_working,declined_card_payment,False,0.5039000025135465,False
2154,9d92837599ad5c79bef4fd86229edbc4aca54d07ad08665a4e8331c13bb97e56,change_pin,change_pin,True,0.20229999790899456,False
616,bc24aafb2e4c060d40e57fb8651503b231eeddd6fe383bce19c26b15994c990e,top_up_by_bank_transfer_charge,balance_not_updated_after_bank_transfer,False,0.48769999557407573,False
1774,b300d12c54213cd03c9a774c0aa18a97e82bff44456d21eec916acab5e6f22b0,Refund_not_showing_up,Refund_not_showing_up,True,0.8757999967201613,False
1055,77c3699b55204fcebb9244c200b2c6c94296c2298800197991737ef91e79a1a6,balance_not_updated_after_cheque_or_cash_deposit,balance_not_updated_after_cheque_or_cash_deposit,True,0.4380999962450005,False
2669,294d0f513ec419f0742ab8ff7c56a92f20b2cf62044aeb18af3b6ef93dc15e51,top_up_failed,top_up_failed,True,0.3597000031732023,False
232,22c17d39745f8c935065b453b90d0a9510efdfb6134c1477b427a62b5ec8eca1,pending_cash_withdrawal,pending_cash_withdrawal,True,0.7436000014422461,False
558,dfcb15fbd116a0b6390d059dbf544c70d244b8d5d372e12b4557fcfbbe3a7933,pin_blocked,card_not_working,False,0.3223000021534972,False
105,7f98d6db59e4c324c8391832cdfe5aee6e4545587d7fb1655f1a20bc77173ee5,exchange_rate,wrong_exchange_rate_for_cash_withdrawal,False,0.3144000002066605,False
2534,5a60701755f20a2858e76f7a5372727c44660e96d79d7fdc063aade1066f7ec6,virtual_card_not_working,card_not_working,False,0.35539999953471124,False
1663,d7d28e42a910aa7a319d7cd2c94f8ec6a93e62e5a6eea6cd4472a5fd27853086,lost_or_stolen_phone,lost_or_stolen_phone,True,0.5441000030259602,False
98,b931a1f625d69a5d645032a1f60c7bb952adcdbd478003b31f234cd851f3dd43,exchange_rate,wrong_exchange_rate_for_cash_withdrawal,False,0.34869999944930896,False
1485,ed7c88bbe6d523a153fc0ce81c2749a6fa3f4edddfe15240a3f03000a4e55f07,direct_debit_payment_not_recognised,cash_withdrawal_not_recognised,False,0.9686999983387068,False
1612,f1cc14801d091cdf5031cb5bf9b3589947cf21e3d3794b60058ef9e6bd87effc,pending_card_payment,pending_card_payment,True,0.2668000015546568,False
2030,0cd101ae1f2a9b8b93344fbfe7bc92f2aac3754bfb2d35adc93f021416ec47c1,verify_source_of_funds,verify_source_of_funds,True,0.3203000014764257,False
1144,a9ae596a17cf28ee1c790c99a71f629a50c7fca981be2e971d1630284331881b,edit_personal_details,edit_personal_details,True,0.2266000010422431,False
690,76f9c089254b2805f9d7e7c1be611d3495682bca60e54d46fbeac57e5582788d,cancel_transfer,cancel_transfer,True,0.28640000527957454,False
425,bfbf11a43298dc3129097e967abd437d06b24087a0e453e5d16a057584fecf9d,exchange_via_app,exchange_via_app,True,0.1353999978164211,False
463,fc053640b0c1257900792efda2fd718e6fb5514c4a18482f97699f61f9e0faec,lost_or_stolen_card,card_linking,False,0.2466000005370006,False
593,4371e65a51457c3bcdc980009db37c82c08abcfab858fb99c11d6cbf70401565,contactless_not_working,apple_pay_or_google_pay,False,0.32079999800771475,False
1049,899bad773dfe790c415cca02e4e9dbcb7f36da9382002b492270b6ea9c680f26,balance_not_updated_after_cheque_or_cash_deposit,balance_not_updated_after_cheque_or_cash_deposit,True,0.35790000401902944,False
1454,6304120b92ce52f0d036d7184e93dd6f07400fa154920b68ac96b32ec3bf7c80,atm_support,transfer_into_account,False,0.19830000383080915,False
2124,f7b1f38d8e1a4e6359f7a7517196cee40a6a9f62a5efc368d908242e1852fbbe,change_pin,change_pin,True,0.28190000011818483,False
1092,32418feed5f317fabcbcb18257cf718c12d8dece35e2dd876704d1823c95bd17,card_payment_not_recognised,card_payment_not_recognised,True,1.1440000016591512,False
1750,538cde0a6fc01a042f400f6762dbec98a586f5961579a492985080a6a628ce70,declined_transfer,declined_transfer,True,0.6270000012591481,False
2111,3ab25d486080ce61db93f740775af9d2a642f065de626446f8a558aeb1c80a90,reverted_card_payment?,reverted_card_payment?,True,0.42269999539712444,False
341,79b6cffc5c8308d9ba78da6a86fa4e58dddf689c7adecbf64033c137f65368da,automatic_top_up,automatic_top_up,True,0.6890000004204921,False
2135,95dbff8bfe1ad9bf287c650611b6f2d5a4ecbc5dee593b8127cd6ef98a155e9d,change_pin,change_pin,True,0.39290000131586567,False
845,4149b00a0600574c4fc6096319beda050855813e0ec094184c478298ae9cd20f,transfer_not_received_by_recipient,transfer_timing,False,0.6426000036299229,False
378,2b201f8cfb19e9df342a492858e7710decb41ab05e3fe69332ef5ef60c851b15,card_not_working,card_not_working,True,0.4977999997208826,False
1058,379c9133bb0b28d19c5771d5d3666cfae0d6d9f7dd5ce33a0c0a0e479538d100,balance_not_updated_after_cheque_or_cash_deposit,balance_not_updated_after_cheque_or_cash_deposit,True,0.8857000066200271,False
1982,436c43f42a9758423e810f218d5532652d75b4ed1523466798b3625319dd2a86,transaction_charged_twice,transaction_charged_twice,True,1.3288999980431981,False
2461,9994f582384f7a024015d41537c069a1190fbce38539141ce162e42bddde39f3,top_up_by_cash_or_cheque,top_up_by_cash_or_cheque,True,0.4895000020042062,False
1972,963c65c388204869692f946cb9a02ad3e8c878ff25ab1afad75aa8a41b6c6f02,transaction_charged_twice,transaction_charged_twice,True,0.654499999654945,False
134,83d2b8c83461bb875f24a4cb23f83103bef21b0dc7831166a74f69651a114cbc,card_payment_wrong_exchange_rate,card_payment_wrong_exchange_rate,True,0.41119999514194205,False
193,4cd6abec9f5b444162aa2a889b08dd3f7bf7cb71036dddfc8babb941c09cca88,extra_charge_on_statement,extra_charge_on_statement,True,0.43400000140536577,False
673,778834e10293fa34b32dea94e3fc636b64cb7eefc2ddff87a19d538573dd7388,pending_top_up,top_up_reverted,False,0.28529999690363184,False
199,95e62b1bf1df297429573f6c8b6ba8a3c8a6e57ea9a3a30bc2748c45085611ce,extra_charge_on_statement,extra_charge_on_statement,True,0.4426000014063902,False
778,8a5463ce28c36ef7294a95456ff14ba2ef2e0588cf10d6a4c6e5ea552b49f100,wrong_amount_of_cash_received,wrong_amount_of_cash_received,True,1.0643999994499609,False
118,1e08ed16371e753b9cead241b8e2a0dfc2d869c9d14bf544752cf8d2c4585f28,exchange_rate,exchange_rate,True,0.41620000411057845,False
2212,5d1d41463ae321e2cfa27132138589cd98ba6ac78e02b1e39b7e529013bf4868,transfer_fee_charged,top_up_by_bank_transfer_charge,False,0.5445000060717575,False
2398,9c29204f6d7a93592c7e7067c638c5767731ff212ef6beaf330b6043b5fe1ebb,verify_top_up,verify_top_up,True,0.8038000014494173,False
298,1625e56e2316cce1fb6ec8815283ffac75220a8059d63ea1519b5c0178df7dc9,card_delivery_estimate,card_delivery_estimate,True,1.188700000056997,False
180,3973137dfd1ee3069788c984a1fd6503e3c24a9d354b7cacafba50caf6b57227,extra_charge_on_statement,extra_charge_on_statement,True,0.8266000004368834,False
1419,3e982c827ad0cad3305da8c364ab370b353e5067ffff3fa9b38bfb45dbc05e01,compromised_card,reverted_card_payment?,False,0.5679999958374538,False
2308,f2a4fde18c3f2a498630b808a106e963cd2235f085b1e8a252c7632ca23b4f96,failed_transfer,failed_transfer,True,0.5881999968551099,False
1000,b96cd2de014007d01c1cf93f661d490b3af4d4cd2899235a1c178c26822cc4b3,top_up_reverted,top_up_reverted,True,0.374700000975281,False
2618,bec87247b11b7c8a008bec0138df5de8d8b6cf15e3d040f8e52a67a25ac96542,get_disposable_virtual_card,get_disposable_virtual_card,True,0.33849999454105273,False
256,0547c912420b30093fe97bb538e08d29ab42eb7bf6f416e64cefc019ac495afe,fiat_currency_support,fiat_currency_support,True,0.3479000006336719,False
2146,65cc32d5aaa72cbc438924f5225af00024d62282a3cd1aa3c3521a94db40e11a,change_pin,get_physical_card,False,0.26219999563181773,False
1289,70f35a58897a1284a06f7862e65819ec5441fbd193537a477578c75f0a6ce7cf,visa_or_mastercard,visa_or_mastercard,True,0.19529999553924426,False
1104,d4b9e02ad0acdb889f77c8b63cc7031bb235fb6e7a206cd999c4226d6fc0d47d,card_payment_not_recognised,card_payment_not_recognised,True,0.33740000071702525,False
128,79d1b55fd05e791096c0e434f178b0d40a3cfd3db1fd3568be64be8b8eafb5a1,card_payment_wrong_exchange_rate,card_payment_wrong_exchange_rate,True,1.095500003430061,False
1650,7c3f624cd3d65a34e40d9a0b9e2a7178e36f4b4a4dd9696b5d6ac702bdd46995,lost_or_stolen_phone,lost_or_stolen_phone,True,0.8889000018825755,False
978,6f162b8a0bb16c502db6e02ce5fcc4c633860514b79f41490d15047b54168ef9,card_acceptance,supported_cards_and_currencies,False,0.3521999969962053,False
1,81ccf0c11fdfd3275eb01f371abbf38920cbbad5851de604fd33cc3552c69cab,card_arrival,card_arrival,True,0.687400002789218,False
334,ac53ae4f20186150be6d8856bfc933b5f986099c65751a04dc7366af37043227,automatic_top_up,automatic_top_up,True,0.3569999971659854,False
525,d81c0581ef90e666cba02342c1e4e23390cacbb9c0ffdb8adc825c38f42c379e,pin_blocked,pin_blocked,True,0.9685999975772575,False
416,5d0082a1bcf980fa0472b19288f308b90d260236ad6b6e41c97fe7784035ddc5,exchange_via_app,receiving_money,False,0.3884999969159253,False
508,c8c84181c07bc5b393777af0d4926195b043e2324b09e4e217fc09f866f53595,age_limit,age_limit,True,0.23220000002766028,False
577,991326527e2edc1920a374a12fc6323084cf79517727cf7f830f89a05a040204,contactless_not_working,activate_my_card,False,0.35660000139614567,False
1255,31e00585a04f1cbf9d7a6aed882c8a62a7c6b36ddf9dbf396acea52ab116f48f,get_physical_card,card_about_to_expire,False,0.2721999990171753,False
2874,265dd346f8a2d7875399a9b40e1b3b44be24aefdbbee84026c68ee7010001702,activate_my_card,activate_my_card,True,0.4594999991240911,False
2155,eaa2b1993d1272cf271eeb13d8c156cac146ed25bc6dac8b0a3896510dfb58a5,change_pin,change_pin,True,0.65080000058515,False
1662,ee185ab3eaae19ad0706fc33279da52f2f5daa067d14f9e4009d0c609502008c,lost_or_stolen_phone,lost_or_stolen_phone,True,0.5593999958364293,False
2774,8e1d3f0cf12edc119c90d7753454133679260d14d702f5dd27d01ead9b02c708,exchange_charge,exchange_charge,True,0.5113000006531365,False
2587,89ddf2cceed875ba94c9de251e1f71f7811223d188f95bf8501c79c130168458,wrong_exchange_rate_for_cash_withdrawal,wrong_exchange_rate_for_cash_withdrawal,True,0.8235999994212762,False
1975,201c33de4f7d24a686d2b4b7dff0e222f7fbc3852ee907d55aac4c3c09bb6eb7,transaction_charged_twice,transaction_charged_twice,True,0.5737999963457696,False
2243,e9a17ec6a392c618a868fd80bdb61dd6b2f39fa563947ee5d20d88a935025fcf,receiving_money,receiving_money,True,0.29119999817339703,False
1412,b781506e9af7e03652cb9f0610e5d4b4b8286e2d7a57944d267232e6639735d6,compromised_card,cancel_transfer,False,0.3546999942045659,False
81,a03a263b5814087dbd8033b581c9efd28014c9c18ee5940fd280f3b1cc652d77,exchange_rate,exchange_rate,True,0.26190000062342733,False
152,9fe1d26500d1d2cd3e21f61d7610e686f4c6316174ceff3d8dfdebd07ed8451a,card_payment_wrong_exchange_rate,card_payment_wrong_exchange_rate,True,0.46920000022510067,False
403,29c3c7be2839be8631ee8de5c44ca26db598c572af1e26f77d6e042786bffea1,exchange_via_app,exchange_via_app,True,0.2683000057004392,False
459,20dba58c8a3cf9b9164f28ed1c79dfeab0cd243b4e0cbee594b4ca37fee04586,lost_or_stolen_card,lost_or_stolen_card,True,0.2566999974078499,False
2116,a236ddd90dd6788744b3510a57e4a531d7f6ea3ca1d124f583614af489773b2b,reverted_card_payment?,reverted_card_payment?,True,0.34070000401698053,False
1755,c7efa080f026a0b65f0aac98b40d9b40e57efb198e6240d81b5c3bab3d960037,declined_transfer,declined_transfer,True,0.6752000044798478,False
3061,f4756796efbc3f98a60bf5e995ca18a93a0feb54ec1fdfafdf12c3c3cf00f72d,country_support,country_support,True,0.42519999988144264,False
407,d84841855b98316382d3eb81213f9aa63c5ee5da01ce143725bcb31d202a16a1,exchange_via_app,exchange_via_app,True,0.26449999859323725,False
1143,5837bd15c928bb819f1af559d2fc9ea1b46b726752e8ccb775a4d3de0a1925ad,edit_personal_details,edit_personal_details,True,0.3592000066419132,False
2393,b2f0c190f9d0d4806f60c0d45654e6ed1821994fa800adb97084a36acdadd229,verify_top_up,verify_top_up,True,0.26339999749325216,False
698,83f6517ef658807d7b9104cf39e6da6858f79d875fd566eb17de2d43889029f9,cancel_transfer,cancel_transfer,True,0.25100000493694097,False
699,ceabfafb4e62cb0c70f14f309f5a02e3d38a2aefd712edebc9ba3603eb8f5bfd,cancel_transfer,cancel_transfer,True,0.31579999631503597,False
1179,b6313b3bdca4dbb228105ebbae87f33772bd02ee8a9bb9fdb7590f374078027d,why_verify_identity,why_verify_identity,True,0.30449999758275226,False
2495,31b475f731ddf62573ddef261a0ead32ace2a7a5a791d184dc65e59564727d80,order_physical_card,order_physical_card,True,0.20219999714754522,False
2354,dc30d349ad38f8c5c12a14cffc41c46b323038422d8cabf43fef2ce14f544343,transfer_into_account,transfer_into_account,True,0.47279999853344634,False
763,ac9da0e262e7bd207322e4f170a659bc7088ca787ab55ffa2619378aef28b031,wrong_amount_of_cash_received,wrong_amount_of_cash_received,True,0.3469000002951361,False
1680,3f8c6e37b74ea44914f28d9010cb908d0c5826e3d9de2ed555da03ff4c336f1a,request_refund,request_refund,True,0.6888999996590428,False
1607,80f8e005e4856fcaf2bb49847db7124456ef6bad5cdeeb9c2d3cd68e64ccdcdb,pending_card_payment,pending_card_payment,True,1.5209000048344024,False
1442,b822a88a5c2139d56ad0e0da6d482168e205cb5d4808a457ceb7ffc2817ee9cf,atm_support,atm_support,True,0.4838999957428314,False
1175,1126c9d44426d57c5bc1770221942d9c2fe1c8efedf455d23d78181f286f39a3,why_verify_identity,why_verify_identity,True,0.7001999983913265,False
2356,055e99a26977a190b40710f2f2db559eb977754237408ef59e31b8ec3e10cac4,transfer_into_account,transfer_into_account,True,0.34919999598059803,False
299,85c4ac24b790fe0c2cf06c9e804bc15881412ab11c74f9834d0022f64f8b11e1,card_delivery_estimate,card_delivery_estimate,True,0.34020000020973384,False
983,c903805b6066aa209736a90597cf77232863ddc3e29296a24ce099801a30000a,card_acceptance,get_physical_card,False,0.20619999850168824,False
1140,d206e1fdf9cee3351f5d4a18ece92fc718da61380b3edfbc83a6ceb4890bdeae,edit_personal_details,edit_personal_details,True,0.34830000367946923,False
2640,b2d90d7952cecff693e98a2d7d1429101af72c370bde0fec13cb36439ecd0799,top_up_failed,top_up_failed,True,0.23559999681310728,False
1436,f057b16ba7ebe169b29de7e4aa0faa0b4e957988d3f4eb2f2f95b5723a55b5a2,compromised_card,compromised_card,True,0.4288000054657459,False
1791,5d278a14ba71ea89e0c95c2132baaf4c9980b8458e83900a646c7c745e7e5324,Refund_not_showing_up,Refund_not_showing_up,True,0.36579999868990853,False
1019,d6dbeea59405882a0e4569f4b0533224cfa379395ed83d33a696df2185163b7e,top_up_reverted,top_up_reverted,True,0.4369000016595237,False
2963,d1cd899ce2aabf814d9394dd4d7d000bb403fef1a0d8f1ce7a0c39df5093e9ff,apple_pay_or_google_pay,apple_pay_or_google_pay,True,0.2641000028233975,False
329,e75337439e27ea5701c26098edf04af29b7597d013a37935f05b7aedbb0c38c0,automatic_top_up,automatic_top_up,True,0.5138999986229464,False
1822,9f0b5e657dd33dcebecfb274dc56c21d93e8875fc4b8759a6eb31eeb6dea259e,declined_card_payment,declined_card_payment,True,0.37200000224402174,False
477,3bc5bedc58942313c42ba77d44b6fb42700d37e8827f0152dc1ae0d434ef0a7f,lost_or_stolen_card,supported_cards_and_currencies,False,0.2494000000297092,False
2595,ae6c1c03442e6576c05e7310ccac4e96d39f722c39e42fbb8386b4e2d495bdec,wrong_exchange_rate_for_cash_withdrawal,wrong_exchange_rate_for_cash_withdrawal,True,0.4382999977678992,False
2238,62beb9ad51c0d671528ed0c5957a4a0c55062311b3f75621ba3fcb4dfdb39b08,transfer_fee_charged,transfer_fee_charged,True,0.5930999977863394,False
1646,ab29175d942369b7c21d8caa43599e4939e8caed1c19330363b812b06c1fc90a,lost_or_stolen_phone,lost_or_stolen_phone,True,0.4633999997167848,False
3025,8e11a61e9d5d72ea329faaecd0805818ec5baf66ad6eecb26f973e971a18bb5a,verify_my_identity,verify_my_identity,True,0.24470000062137842,False
928,08d9ac60177de8d0bdeb1ab70fb65674db3834854c4322e8168a9980e464d4cb,getting_virtual_card,disposable_card_limits,False,0.20589999621734023,False
2922,8cd687dbf52f1b571f3fd1ab4d557ac53cdcc3b934f0d8a4be9c776ed8936a4a,card_about_to_expire,card_about_to_expire,True,0.2927999958046712,False
473,1cf7f65ae38f8a2ed7e3a8e44d69e740e177e7b972a0031b19767cbd28be3f14,lost_or_stolen_card,compromised_card,False,0.26280000020051375,False
1386,4ae0371efaa70beca5a458d9002a53158d171a68dae8a0bdbafa26ee52b54108,disposable_card_limits,disposable_card_limits,True,0.26310000248486176,False
3047,ce1cb41083207e89e1a8d0b35e6b4d8e0661cdefdef56a433235aae0d0611374,country_support,country_support,True,0.4853999998886138,False
45,104868a5ee7e894d45476ddec8e635119fcf352bf6e1094819f8892de1f0ec28,card_linking,card_linking,True,0.48409999726573005,False
2386,8adba75c4fe5121c388dfb746f46e3eb59378655415bfbc0cbe74728401898bf,verify_top_up,verify_top_up,True,0.2601000014692545,False
2013,8d923de3fb65ac19c54f40ab3a0c3dd4d5069f9b6875449f827c565cdd2a9cc9,verify_source_of_funds,verify_source_of_funds,True,0.25829999503912404,False
1138,283d3377b1367b816050cfa64639c7f69f102b960b41fd0b968c7b45ffbd0fef,edit_personal_details,edit_personal_details,True,0.22960000205785036,False
1186,024694b30d3678f59cebceec772f3e1f815aa6f2791841f416b6a3f2f00d1ba1,why_verify_identity,why_verify_identity,True,0.4000000044470653,False
2525,407d2ac86ec91ac6cba4ef167d627f5082c8ca6943fb469bcd769f8bbb8c4837,virtual_card_not_working,declined_card_payment,False,0.26539999817032367,False
596,8ca371078c7a60ca1e14c16c7d56efd6b6b2243b87f28a58be2ab5b5e032ae46,contactless_not_working,apple_pay_or_google_pay,False,0.2342000007047318,False
2786,4129e955ca0a2ec748a1982b2ae47f520840dfafc384b0f786eaff8c73abdb49,exchange_charge,exchange_charge,True,0.32479999936185777,False
1594,409773860c89b797c4d48674e04fb68f07f28ef7568fd72a659f72d2b2934c8e,declined_cash_withdrawal,declined_cash_withdrawal,True,0.7576999996672384,False
421,da69a60a53b2c00e7051299ad01bc7e5f81a62e687d8fcdc2620449566234f7f,exchange_via_app,exchange_via_app,True,0.3069000013056211,False
110,b4798ab0d0c28e83a784346bda53f71f567b20ffd1abce5d711f779ba32ca9f1,exchange_rate,exchange_rate,True,0.31149999995250255,False
2654,234acb658f076658b8780d8d5965e51242bcb02ded47ad397ff37a59f769cad2,top_up_failed,top_up_failed,True,0.2832999962265603,False
725,98fb38c9dbedf43fc9fab5064b2e3bf0b536c9d0e75a588f0edcbca6b5ec6173,top_up_limits,top_up_limits,True,0.25520000053802505,False
2406,786009e2af16992bc3a0e9e49b94fb9f8c36c6c8c8361688d16330906e0cfcb6,getting_spare_card,getting_spare_card,True,0.33909999910974875,False
1898,a2a07bb2df60f23c948926f01acfa0de115bf287bdadb9a0861e3bf5da336745,terminate_account,terminate_account,True,0.15529999654972926,False
2248,3bed51766d960a6b86919b8ef6ca31d53867c65b45446dfc27e60be64d1c7940,receiving_money,wrong_exchange_rate_for_cash_withdrawal,False,0.40209999860962853,False
2565,cd47a2d5fe2bdf4c1a57992f0c8d56229309f96d30ab3a214571283675cb626f,wrong_exchange_rate_for_cash_withdrawal,wrong_exchange_rate_for_cash_withdrawal,True,0.9369999970658682,False
1933,74e97f44f08b2a4669faf18339ac19acb8b47976055240420a63651baa2ef959,card_swallowed,card_swallowed,True,1.5847000031499192,False
1857,d65d659efcb6d981bac35bd6370e337c350e6df6b98e19ffc00b54f393c16ee0,pending_transfer,transfer_timing,False,0.6847000040579587,False
149,45c2b1960006dadc7eefa08ace2222a66d991ce061c0bde01a1d3cec186daaf0,card_payment_wrong_exchange_rate,card_payment_wrong_exchange_rate,True,0.7407000011880882,False
1210,c5edc01be114324f1175251c10221fe748cf5dba3a6b9f5d33f2bd457f0f9f05,unable_to_verify_identity,unable_to_verify_identity,True,0.4544000039459206,False
1529,5a351b7c1ff89c20a0e049199ec5c3818638a7d9a02db6fccfc4e3702f09dcc0,passcode_forgotten,passcode_forgotten,True,0.451300002168864,False
2388,333bd2fcb1f532be54329ee7cc819f67a5cc23ee05a23ade46d7456e0f0d96d3,verify_top_up,verify_top_up,True,0.27180000324733555,False
2521,e17eed6db42cc89fc933f84c599b5e8ee2fd9d6e73dea634b0d779e4719df6fa,virtual_card_not_working,virtual_card_not_working,True,0.32310000096913427,False
126,7811a3154c0a03e5f3d772f49b972822d923404a309e60320767b9a03e913926,card_payment_wrong_exchange_rate,card_payment_wrong_exchange_rate,True,0.32410000130767,False
2255,3b77ace662a61a1128f7e612f84b94da1403efc8d13e48c522201e0df9c337b1,receiving_money,receiving_money,True,0.2993000016431324,False
1954,4d122e7d434ec754c56e7238b7bb5f84e9fc876259849dc3a574e5a9d62d0df7,card_swallowed,wrong_amount_of_cash_received,False,0.33409999741706997,False
2458,ad423ee44a89621904fcc27d140f35ff36cec03b3e90836f69029dd1b7a900b0,top_up_by_cash_or_cheque,top_up_by_cash_or_cheque,True,0.32469999860040843,False
844,7af8ee7fde13309e800e489cd1680beb119565bd674853c426b98e627dcf1b7f,transfer_not_received_by_recipient,transfer_not_received_by_recipient,True,0.42519999988144264,False
1581,aa2807fe2e17928e3b4daaa9b6de24024673c88f151b213216bc298492b08853,declined_cash_withdrawal,declined_cash_withdrawal,True,0.294700002996251,False
870,13f2fe03858807dad6b81f9919e959487a7ea59e73f6756db628cbb1c41d43a6,transfer_not_received_by_recipient,transfer_not_received_by_recipient,True,0.6133999995654449,False
706,fa6069372127a48c0f393ef7f8811871df06a9ba7c5ca20c510905287217299f,cancel_transfer,cancel_transfer,True,0.7473000005120412,False
1744,8e536fd7143c2532638cda687c0cb2877c37e2a176eeb1253134633f0ef615e8,declined_transfer,declined_transfer,True,0.1908999984152615,False
1664,709f661bddd698416915dd6dc5f67a10b81a6e9f392709d78da1a8c919ec5cfb,lost_or_stolen_phone,lost_or_stolen_phone,True,0.34299999970244244,False
1940,f83df914b2e7da4ab927c144d241e48da8455446fb7be38dc35e238f3fd6075b,card_swallowed,card_swallowed,True,0.320400002237875,False
2960,36276c463189b9fa5121eb6e4bcaeb6110ae160de6b640b037cf33942852c63a,apple_pay_or_google_pay,apple_pay_or_google_pay,True,0.3591999993659556,False
621,0008e1389f266628c39e686fc3c649127cb898b433dd79e80d735d1b41d78650,top_up_by_bank_transfer_charge,transfer_fee_charged,False,0.2745000019785948,False
451,b35ba69810b5f3658e1e9a6ec690acabcd3390da4d26e82504a317e99b0ddb73,lost_or_stolen_card,lost_or_stolen_card,True,0.2787000048556365,False
274,fc6fa04235da004187835a9859477fb5982a085e6256e386b1322cd621d3ad8d,fiat_currency_support,fiat_currency_support,True,0.2111000067088753,False
2185,019f1bb2eb3ef82b8cb0c2e22386637a397d7b62f08e1aea4d6ab7f122b0c006,beneficiary_not_allowed,beneficiary_not_allowed,True,0.3654999964055605,False
268,c7962f51462f9a1e9ba62aed7206a5ecd18d725da2c78c9c5ecb2d95b4ed725a,fiat_currency_support,exchange_via_app,False,0.35370000114198774,False
476,8fbc5de9edc2d4f9f3cae6501fccccaa50184ce1d2ae7d63caf208a5a53266f6,lost_or_stolen_card,topping_up_by_card,False,0.25809999351622537,False
2340,1c0e294480473cf77da8874a194b09fc27d414268b58f042dffede9a6d1391e5,transfer_into_account,transfer_into_account,True,0.36530000215861946,False
1439,fc9a835ef2eef59612d682f1056d56f8b13fa66c38ca81592b82a31f02946a12,compromised_card,compromised_card,True,0.4498000052990392,False
2415,11a74b12ac2af13371b13f7d54326c0766fdc99e463f37ae9bbdeeb4def1cab3,getting_spare_card,getting_spare_card,True,0.3074999985983595,False
3017,855cc79bc84596165499a30966a8a1db3fafd8899505ec4658a330035a05d9be,verify_my_identity,verify_my_identity,True,0.3041000018129125,False
2629,e6bc272bf8aa4d41f5329ce958f999f1c639bdc32fcf6747e27986dec6f4f971,get_disposable_virtual_card,get_disposable_virtual_card,True,0.33480000274721533,False
1077,0d22b27cf3030908be41f623e253c65ed58c02a70ad5afd54f4d82a17f263e96,balance_not_updated_after_cheque_or_cash_deposit,balance_not_updated_after_cheque_or_cash_deposit,True,0.39229999674716964,False
1165,8dafcd85cc248660ef71b4dbb9a903796f7f85e1986c8e5f7de9be9922b998f6,why_verify_identity,verify_my_identity,False,0.276400001894217,False
2925,67e13a6379edb2c16e65f1f1b5b0a621c08b91fee83df4c88a2d78b366ac26dc,card_about_to_expire,card_about_to_expire,True,0.2673999988473952,False
821,1d93c1edd7ad30de38732cc98ba114d1d0a7e84815e018338d4e7aa94987962a,card_payment_fee_charged,card_payment_fee_charged,True,0.7420999972964637,False
1754,6f0de141baf50f9a97c4aa91e19a65b446bec283ae72a1e76944f3be30b154d3,declined_transfer,declined_transfer,True,0.6517000001622364,False
571,7da958498c2359c4633d7f8194ff30dfc07f976c1fec8d4190fc4e9f1c171610,contactless_not_working,declined_card_payment,False,0.3856999974232167,False
1242,d43bcb40c18037eee1b23e01cfa9eb165de9a41c0693ec87f1bb8608cb14b8af,get_physical_card,get_physical_card,True,0.2803999959724024,False
1849,76f7ea71ef53252a1c5cc9502f5961ac00239ed9aef61f626fcb0dad1c9fa76e,pending_transfer,pending_transfer,True,1.4627999989897944,False
2887,2926f32588fc239ec8db6a99b0ba5e8baf0a6cf7f6c145f295914b0fe0212620,cash_withdrawal_charge,cash_withdrawal_charge,True,1.111499994294718,False
911,832a30e05d02b9549453037985cc4eff71aea9e689c4e25cb13890b4d7025281,supported_cards_and_currencies,supported_cards_and_currencies,True,0.36580000596586615,False
523,b28984be6cef9b49f7e3a524b270ba69b15a56585a06b3513a0d45dd5e8905ed,pin_blocked,pin_blocked,True,0.33830000029411167,False
460,c04c2829387b6c6acaf0a705972f68a3047d98835ad06505054077bba3e75b54,lost_or_stolen_card,lost_or_stolen_card,True,0.24149999808287248,False
2304,361c470f0e9737b1949bcda58fedca84b3aa27a8d14552a36ae0e55db78fd2c7,failed_transfer,beneficiary_not_allowed,False,0.24599999596830457,False
16,6d6aa7b31c1953fbac52ba87d32774cb1b30e1b042059c1842973ba702913a3e,card_arrival,card_arrival,True,0.3865999970003031,False
2698,ad18a0a1288beff3ab2a067d44a24ee968f2403b1c8ecba7e515e4e7500e0196,balance_not_updated_after_bank_transfer,balance_not_updated_after_bank_transfer,True,0.28420000307960436,False
2331,f40ae1ef04d872b1172bd7e9d744864d6a8563085dbbcf467a997694f6eb6432,transfer_into_account,transfer_into_account,True,0.46019999717827886,False
888,4f2a4048414027a3f8d8eba6e3474b983e862f428bcff2270fcce6fa6bcebe42,supported_cards_and_currencies,supported_cards_and_currencies,True,0.32949999877018854,False
786,342b3cc4f27656d57fcc0d90cabf939296ea68e60f1c0303b0cf45e9ab356e55,wrong_amount_of_cash_received,wrong_amount_of_cash_received,True,0.30639999749837443,False
1570,1cb06e97eb0acd83ca666a37cb2cf49e94786923fa7c1c606c2732b7bf2211f4,declined_cash_withdrawal,declined_cash_withdrawal,True,0.6686999986413866,False
1531,374ac668b822236e2753bba44bdf42afc3df59f63812250097b60c55d7657035,passcode_forgotten,passcode_forgotten,True,0.25409999943803996,False
2328,db05f08355cab651639e0e722b9abc8df0d31d32a9925ed593e89b343e807c10,transfer_into_account,transfer_into_account,True,1.215800002682954,False
2195,6074166c7062dbdead70883b3fcdfb51131cb24aa2af1853e5ac62b310560e18,beneficiary_not_allowed,cancel_transfer,False,0.5805000037071295,False
1781,1792fa3c75551940892c521b90716a6965a69028655703666728e915dd9e1734,Refund_not_showing_up,Refund_not_showing_up,True,0.49030000081984326,False
2411,e2c7c3a636eedf3f80363595774fcf8a09f9dbf0876ba5c7f25f030738d6f63b,getting_spare_card,transaction_charged_twice,False,0.534399994648993,False
2617,d6756d82234a9d4c42c142b8ad5a973db98be3f37e2bf5934504130e5a8c5c06,get_disposable_virtual_card,get_disposable_virtual_card,True,0.45250000403029844,False
137,103aea9e215bd779485ee370d67f5ccd69d25277e66c6647bbf1de93e03fbcea,card_payment_wrong_exchange_rate,card_payment_wrong_exchange_rate,True,0.3588999970816076,False
1099,6a19fc6d0cb715d1ee4fad71289d3d56b86fa017d60aab3a023afd5b8a8e6d5a,card_payment_not_recognised,direct_debit_payment_not_recognised,False,0.25610000011511147,False
2069,5cd7d0ed21f0f833fcfb19f01a8d5450ad12478c6ef20b94eb3f36e2c83e891b,transfer_timing,transfer_timing,True,0.7072000007610768,False
1096,7e466a41c9b087cda82c80ae9d52c725ff4fc661f5bf05a7403178efc5ef4672,card_payment_not_recognised,card_payment_not_recognised,True,0.735100002202671,False
2505,20b42b8e3fbce42a1ce6727e851802c5478e242310f0074d06537284f4bfe5ad,order_physical_card,order_physical_card,True,0.3116000007139519,False
1199,1a030a5afe32884f962ae506a9f991d104b9275c05e6304173eb5aa6cb4b7fe6,why_verify_identity,why_verify_identity,True,0.2565000031609088,False
2772,59665b2548ea2d6ebe59d85d46d1b2fb9e6a45d34a9e19f14a21ba2762fa3683,exchange_charge,exchange_charge,True,0.35200000274926424,False
2199,1dc433ece45a59a07bb9626e3212ec0e59754de5e10f24334ef5f4872c3f4983,beneficiary_not_allowed,beneficiary_not_allowed,True,0.3119999964837916,False
2352,4c0520b8563b09ece428ec01cbf623d63dabe65952ba47fa267aad84d93129a2,transfer_into_account,transfer_into_account,True,0.553600002604071,False
611,8c871c6a7ec9f31f6c471cc6095fc5fcb44fdb37b44b67007e4ac01497157408,top_up_by_bank_transfer_charge,top_up_by_bank_transfer_charge,True,0.29099999665049836,False
428,d489dc0ee2c8d27a71b5a05c209911ec0aa51051640a827b5b278043647ef551,exchange_via_app,exchange_charge,False,0.26190000062342733,False
2378,fa49d89ad5361a9202b66abdb4e7598c45ee2830fdd6fc1f25986df59414c68b,verify_top_up,verify_top_up,True,0.3359000038472004,False
2884,fe58eb8d438bc4552ebc92f635fee0de94b13c1c4a92337a8dd0a3a669712165,cash_withdrawal_charge,cash_withdrawal_charge,True,2.1217000030446798,False
3077,c675cf175f3cd9f948e6321234207d59397a0d517afb379e590464aaea56070b,country_support,country_support,True,0.45139999565435573,False
1651,efd904b6e4bc88a2b3e721de5216f63cbcc3d026190698c2fd96bffc3081b0bf,lost_or_stolen_phone,lost_or_stolen_phone,True,0.672199996188283,False
2112,2e1c01c8568bdfeeff95874ddf049eab657512034f6ac75056c9b078ef0a03de,reverted_card_payment?,reverted_card_payment?,True,0.563599998713471,False
858,935599efbb36984666d8413f35098ed13ffac1e9c8ce66418eece4325ce666c7,transfer_not_received_by_recipient,transfer_not_received_by_recipient,True,1.9358999998075888,False
1416,c2429a38ad28a75fd72fd52cc6bbed4afb0e9ecb6f00ac5839e77204fbcf61ba,compromised_card,lost_or_stolen_phone,False,0.6188999977894127,False
1808,857eb3e46fd9ecef4b01fc9ec287373ea6d81eee31fee188f3767fd58e870c66,declined_card_payment,declined_card_payment,True,0.455000001238659,False
1203,bdba507629c463742cb975b9fd4f49999d607c26ace2aa8e0b6863c7840b0e7d,unable_to_verify_identity,unable_to_verify_identity,True,0.28339999698800966,False
1893,4eb73f08cbc4de1213ba2b1cc98f7af6512f12c99ba2027510b110e75c076d22,terminate_account,terminate_account,True,0.32130000181496143,False
766,430dc986a400366590ed72016a09a97278979e213bcd4add531e3d585729a412,wrong_amount_of_cash_received,wrong_amount_of_cash_received,True,0.5391000013332814,False
1862,a6b14304eae2ed90c4776d01954380e443c5a20a648b6580cb823ffde408c79f,pending_transfer,transfer_timing,False,0.2449000021442771,False
1031,5157711870fd269d01e4db16ff9ac59972dca84c8295d633cbf8f83895468549,top_up_reverted,top_up_reverted,True,0.2373000024817884,False
1991,bd90573309543b75d66a9fc6fbccdd93f552563d83685a4326ed94506cee0c93,transaction_charged_twice,transaction_charged_twice,True,0.1871999993454665,False
2929,2d1127996da07b7a657c3aaafdb55eefa0de3fd99529a6863f7ecc49f16d1d6b,card_about_to_expire,card_about_to_expire,True,0.5108999976073392,False
893,a555925babe52460ce0072e7fd1b7791d54653bc713e88c9e1aff5dfa411390d,supported_cards_and_currencies,supported_cards_and_currencies,True,0.23359999613603577,False
2846,d6e79ae063d09769cea890e96ee8169dfe3262f86e687502174eb0268ec1270e,activate_my_card,activate_my_card,True,0.3065999990212731,False
36,af7b6c0ba7ce21ec33375ed471548122308d19f26847a332201109537e383ee3,card_arrival,card_arrival,True,0.5190000010770746,False
1337,27bab1a58cd56af5e94793402fd6cc71bfbdb646764ee2733de93677d3043c3a,topping_up_by_card,balance_not_updated_after_cheque_or_cash_deposit,False,0.45929999760119244,False
1636,0fee444c797b202a77f3365ed6f12a8205ace158e330eae00338c0cecc9c235d,pending_card_payment,pending_card_payment,True,0.24049999774433672,False
518,b2603afe6fa5b65e815c5a29b1a90e150e68b7c8845e2b55d95f3c97635fb5ba,age_limit,age_limit,True,0.3529999958118424,False
2596,92d5007eb96ac627f4cbdee7e77850791e5018122fde94c75c9ba33fffa4c12e,wrong_exchange_rate_for_cash_withdrawal,wrong_exchange_rate_for_cash_withdrawal,True,0.5231000031926669,False
503,1f0d8700984534b901e02f0c32521e59577d72c2af52705bb91a0042bd2ea599,age_limit,request_refund,False,0.4222999996272847,False
1204,bfd4d49b77fac71d6177349da833a4263df238aeafb6f265bff3bf55bbf87d9c,unable_to_verify_identity,verify_my_identity,False,0.26730000536190346,False
513,eb5568ad7bbdacc05938b2208fb3e2fba04c951bb8a51adb8b08e15a6bc854ef,age_limit,age_limit,True,0.3938999943784438,False
2474,4f4ae5db1c743f86124ce55d0d27a31989b86db07890fb2b5f32cdaeeede7381,top_up_by_cash_or_cheque,top_up_by_cash_or_cheque,True,0.28559999918797985,False
912,82e041ded29bb4ea104a0dee9c274013054c61bab680e7019047e822252a97bc,supported_cards_and_currencies,supported_cards_and_currencies,True,0.31099999614525586,False
3026,6349577b8c1ea4ef896214a38a06c8798f9342ba6ea3fe655d78f16b1c5658ca,verify_my_identity,verify_my_identity,True,0.3588999970816076,False
325,11f5389f21dce7e29a7032100250164c8d9052496c9586475caf0ecc866c91db,automatic_top_up,automatic_top_up,True,0.4149999949731864,False
3045,2a46d3f6d7011e20edde8c29043570674eb48b6ee831710fc0d1dad10b872ca8,country_support,country_support,True,0.298099999781698,False
603,da4650121cad865d41231698a677b0d741ffeb4e4c8ea6b4714c6ca339aeaea3,top_up_by_bank_transfer_charge,top_up_by_card_charge,False,0.3781000050366856,False
2076,84053ee3aa87ff3803a89f65aafa04703adbb6e633f428d41a49edbe6c5b8ce1,transfer_timing,transfer_timing,True,0.378400000045076,False
2750,48bdef476461ae481098d40a205f5a98b5293d562828d195965cc275e1042c64,cash_withdrawal_not_recognised,cash_withdrawal_not_recognised,True,0.26649999927030876,False
1196,0ae1db74d3b856e7a8115427cec561f7e9a4c956e703a98798c3cfb0b7d49cfd,why_verify_identity,why_verify_identity,True,0.32049999572336674,False
2745,99559e4ecce276beb43bd4366c0f8ccfbc246de266c12eade891be0df461a54f,cash_withdrawal_not_recognised,cash_withdrawal_not_recognised,True,1.0884000002988614,False
746,e6985d06dfa9e3aa2c0586bdb6eee5d0fc930b21392bbaaf22504e5326ead461,top_up_limits,automatic_top_up,False,0.5544999949051999,False
2779,0e21d26469699e7125f6cb87ba4f75865a230e9bbffa61f53be692a577f78eef,exchange_charge,exchange_charge,True,0.6524000054923818,False
1946,84f99bc446a0dd1e7c242ef642228e2e4a45bd9281539bd4d97c8be868fe77c6,card_swallowed,declined_cash_withdrawal,False,0.47849999828031287,False
644,9f4e3b580659712662a7a7ccd46c9ce307f5a338a9cd7d233a489ba3b992c795,pending_top_up,pending_top_up,True,0.9629999985918403,False
93,3e7e7b37fa51e37330064e56fb2d27e415ff7c686e56eac8a59b967817cc887d,exchange_rate,beneficiary_not_allowed,False,0.6176999959279783,False
1042,003233e27c6b193d61beedc44148e9c29860750e0c16df2f2dc521e89348c489,balance_not_updated_after_cheque_or_cash_deposit,balance_not_updated_after_cheque_or_cash_deposit,True,1.1186000047018752,False
2322,37895016dedacb1db8da4ba1afa1fb28a0a94175af206ef0ac4844e50818f830,transfer_into_account,transfer_into_account,True,0.8133000010275282,False
944,166adbe802298051f12a56d9af40b7c307c07f8d8807a5ab88c177ad84b22ac1,getting_virtual_card,get_disposable_virtual_card,False,0.5843000035383739,False
1604,3f484ababc6a19dc8eb17b6a107bf523750c31524fdf531a1aa51c4c72c8aa3a,pending_card_payment,pending_card_payment,True,0.6080999955884181,False
2010,3b6492030b7798714addfcb6334be1771bb2f86752e5b19e8d4e32d62cba0898,verify_source_of_funds,verify_source_of_funds,True,0.5157999985385686,False
1450,3c3cbc120769b19a1614bb745e88b4ed4f12bfd23bd8198fb69a8d1b22d2d65c,atm_support,wrong_amount_of_cash_received,False,0.3921000025002286,False
760,cf3722e6f84db0eb3b05862fe75fc41513cf7b29188795cb907d1603794390c8,wrong_amount_of_cash_received,wrong_amount_of_cash_received,True,1.291499997023493,False
2611,474ea66e10809d1b897ad5be2aa16aeb0b6c9c3ab8eb266b2f6afe26f8185ae3,get_disposable_virtual_card,get_disposable_virtual_card,True,0.33940000139409676,False
1764,cca4b1ab40bcb494d456154344849487ad22545d92566e1b783a8896668e3bcd,Refund_not_showing_up,Refund_not_showing_up,True,0.2826999989338219,False
2373,20c6a39f5e3e3142c8172e2363d0169010273b304333ed46fed0c1dcab4f4973,verify_top_up,top_up_failed,False,0.38689999928465113,False
2953,11e4a9bc665998fc3f1dc42e64dc8ae81f606ef642996e515e96f838de7382d7,card_about_to_expire,card_about_to_expire,True,0.22120000357972458,False
133,edfda318e519d3408b207c48633d504fd0bdd409af85263355c395aadfd21e4b,card_payment_wrong_exchange_rate,card_payment_wrong_exchange_rate,True,0.37429999792948365,False
885,a313d09d9dd99ee7bac45afed15daeb1f7334e0dede59c81f9e10e729259d7b5,supported_cards_and_currencies,supported_cards_and_currencies,True,0.32929999724728987,False
323,1d96c9cead0c4152668dc4a1d2e8d133808aa8f9f23a3e6fb1f9528d2fe5d803,automatic_top_up,automatic_top_up,True,0.33350000012433156,False
1660,1317997e1acb61e1b5aae0db2a820a4d8f0898ad8fb70277eb736b8642d6e965,lost_or_stolen_phone,lost_or_stolen_phone,True,0.33710000570863485,False
2754,5d56be007d80a4b46be2fca85c161d33ed81bfa6900211b1c8f145fcbec92951,cash_withdrawal_not_recognised,cash_withdrawal_not_recognised,True,0.64080000447575,False
1571,47cea0556b41be87a9d28610cb6a3b08056736e6eb25dce1cc56e37d09c05cd7,declined_cash_withdrawal,declined_cash_withdrawal,True,0.8148999986588024,False
1740,bb46dea7b8b9aaa495437e954661bc31f259aeda5dc9164bcfb25a28d76eec2c,declined_transfer,declined_transfer,True,0.3276999996160157,False
812,97951db9688d348c43f15dd207dad904e79f2d737c83369e5432818b1cada7f9,card_payment_fee_charged,extra_charge_on_statement,False,0.2824000039254315,False
1253,b0014e90610c5ddcae643148700746617a962e5a7f42d38e1967b009fa8ae1f7,get_physical_card,get_physical_card,True,0.36669999826699495,False
71,363823f8243d520507c2c7d87d1f682248c831157177a18cba302f383d87297f,card_linking,card_payment_not_recognised,False,0.4048000046168454,False
1344,5722e08bbea2b2795b5b0dfd720300a620642396b8fbded68cd165013e302447,topping_up_by_card,topping_up_by_card,True,0.4512000014074147,False
1036,7b3ffd0d88e88d8d39b7e06f71ee7c9438499cb627cb84e1d840e7e1fb892b1d,top_up_reverted,top_up_reverted,True,0.46719999954802915,False
789,bb5cbc778c68e5a608a3fa45dd1f2c5275bf305c0d665b2606f229317efa42d0,wrong_amount_of_cash_received,wrong_amount_of_cash_received,True,0.4059999992023222,False
2347,da6b5ff78df126cb75b7fdb8237ee49d0a12331fd57c9617dbbb628440978da2,transfer_into_account,transfer_into_account,True,0.29910000012023374,False
1653,1b152b813ff6902cd1724d91ec7b8065c1b394498902f60dc3cbc773f458401d,lost_or_stolen_phone,lost_or_stolen_phone,True,0.2939000041806139,False
2119,edcc9cfb5b6b49f6a9fd51ead8b5c8dbc30648711d5ae0ec13b36557305a4fb5,reverted_card_payment?,reverted_card_payment?,True,0.20679999579442665,False
1855,2be7d5bba0961e8f6cc577f99d3c19909b67da78f58b019675b53f3f09fb2ae3,pending_transfer,transfer_not_received_by_recipient,False,0.338400001055561,False
168,647d773214c935d97cdf7663ea43944d7f4c3c1cabc6847ba42f2ed7e6ebed16,extra_charge_on_statement,extra_charge_on_statement,True,0.2860000022337772,False
2684,5c656b74b4079585254663fe13e856394c18da2055aba6727b3988b7bb87e09e,balance_not_updated_after_bank_transfer,balance_not_updated_after_bank_transfer,True,0.283499997749459,False
822,80f2e53c24aa35c22bbe0486d89eff58aa56fd94a21217f7b0c8aa21b58b5e71,card_payment_fee_charged,card_payment_fee_charged,True,0.23180000425782055,False
828,0f97170e1ab55a5b4669d79952f4cd1ccfb402ec4112d3655081cfeac589be04,card_payment_fee_charged,card_payment_fee_charged,True,0.9986000004573725,False
792,2a1b1596dc4cee9aa39452c2cf48b9b17c4b466e6e6225eae722a7570936a220,wrong_amount_of_cash_received,wrong_amount_of_cash_received,True,0.7167000003391877,False
1613,acf83b56927c0370818de657ee5f1277b2d049ea91326e3d1b8099f88070fe66,pending_card_payment,pending_card_payment,True,0.8273999992525205,False
2984,6de306b555607ba7bf7ef4971151a335d604237f631e34b2dcd13bddc95f0462,apple_pay_or_google_pay,apple_pay_or_google_pay,True,0.36950000503566116,False
2972,70636c69eb3a3d69ffb01bfaababc47e563c200ccb42ea3c69cefde808586f42,apple_pay_or_google_pay,apple_pay_or_google_pay,True,1.8851999993785284,False
570,f122e5b5ed4ea24c9fef9cbb996893eaa831b86749b5c4f5d3e8ac59250b96cb,contactless_not_working,failed_transfer,False,1.6532999943592586,False
2706,ac6e6555de0468f2f74e116765040a6094313e1387b1ebe1e0f92c564ab45ce2,balance_not_updated_after_bank_transfer,balance_not_updated_after_bank_transfer,True,0.988299994787667,False
2260,f69d67ca8e417f2c8bacc1941ae6c38a514ba60cec52cc34c892304593157282,receiving_money,receiving_money,True,0.8703999992576428,False
2451,ef2bef973c9341494e5f34dc236f09814b27b60d128cc6bf0021fced2c1472e0,top_up_by_cash_or_cheque,top_up_by_cash_or_cheque,True,0.7360999952652492,False
2808,bfad86d7d772d7e7c91738404f05cd1d8d8939b4c7843a48c4f04aaf7382f107,top_up_by_card_charge,top_up_by_card_charge,True,1.2379999971017241,False
2639,0391761a90e3086d61ae68ffae1529c98c9cd7f5660f2f3c10b7cc967b79f116,get_disposable_virtual_card,get_disposable_virtual_card,True,0.3910000014002435,False
2792,7dbcbbb70547e7f2e20301bd8e05fcb8acf120851acb4be57d05139dfb3ad724,exchange_charge,exchange_charge,True,0.30300000071292743,False
453,7656a70332b53c7683d16bb83eb7848be723a3de38141bfabf5c6f57a63f1a58,lost_or_stolen_card,transaction_charged_twice,False,0.3819999983534217,False
1886,89fd2bc112687eb542e2d6159f93cef0cf2028578f672381f0690dff36a63f77,terminate_account,terminate_account,True,0.27319999935571104,False
1011,63b39d7b305abb398359df3683117d3316fad8f31ef332a89f7e68b8c2eeb905,top_up_reverted,top_up_reverted,True,0.3859999997075647,False
440,e44ddb73be6331ea708af09528e3fbc5f5caa11a5361255b43bee5ba9e667c46,lost_or_stolen_card,cash_withdrawal_not_recognised,False,0.9481999950367026,False
1364,4dba97cfa6fdd8954a40a55902cd692107513f5e1fefa270a22ef38de72a5bb6,disposable_card_limits,disposable_card_limits,True,0.32949999877018854,False
2695,fe98b87c30db76b29f5cbe7071d7aa05601f21b355397b3dd1b1e7b7a465c1f5,balance_not_updated_after_bank_transfer,balance_not_updated_after_bank_transfer,True,0.3060999952140264,False
1703,22c019463dbb40d77ba752b60e8e28d850656361574dfdaeed7aa90c81c5f7a8,request_refund,request_refund,True,0.36530000215861946,False
1713,60bc9f306ba2cfd89306f324e53c5048efa76774bb44521308fb7c6fcfbe4646,request_refund,card_payment_wrong_exchange_rate,False,0.43390000064391643,False
422,26fc73ad583e805d4a44756c900b87cbd4c59a79d1fe7cb687bccfaa515dd4d6,exchange_via_app,exchange_via_app,True,0.39340000512311235,False
2374,e0b7c2675ca4ead2f8cb8ff86195bea795d85e7814129e7986076d25588ac164,verify_top_up,verify_top_up,True,0.31060000037541613,False
84,a187dfb742060930275115f458fe88023752ca65c9d46edd65c1f7a11f7db47d,exchange_rate,exchange_rate,True,0.25889999960782006,False
1148,82c40b1de8c9033179d49219da2613c4a0c9a79888dcdd4fec8870d4231e64e3,edit_personal_details,edit_personal_details,True,0.3077000001212582,False
2114,3c3637eeb5b947fc0868487e20b88e451a8a4d8776a5cd07e5bb8a1a1e7873e1,reverted_card_payment?,reverted_card_payment?,True,0.3110000034212135,False
60,dfa99409bc18a1b66221ea06de9c6646c18dbcb31d1619c264262141001bf4a3,card_linking,card_linking,True,0.31550000130664557,False
1628,ae646f1933d8315da3da7730c1885ad08b4ae896c0d46cae05e8ea7cba55b25c,pending_card_payment,pending_card_payment,True,0.545599999895785,False
576,b030a54027d462e398769e24668aae32f4b033600c9cbc52695f3b6fe8b9fef2,contactless_not_working,contactless_not_working,True,0.16190000314963982,False
1418,cbc169911d3758cd6653cd696fa41429db3d71ad449c96aeba6ec319d0e5cbeb,compromised_card,compromised_card,True,0.2882999979192391,False
2897,a3fe70779439b67513e19da7ad1176e7eb35243d45ebba2fb5f29f81be1fb34e,cash_withdrawal_charge,cash_withdrawal_charge,True,1.2777000010828488,False
312,2103a9add783e6cc7ccfcb2f97e4947616672af918b1e2dc9bea9f8234f76c9d,card_delivery_estimate,card_arrival,False,0.7790000017848797,False
177,c271c107be0b153e39de78f185c53d658180d36f381cecff9f7922af5673f51b,extra_charge_on_statement,extra_charge_on_statement,True,0.6496999994851649,False
772,fe8183fc8d670a29464db7f9897f35e0514945a8c819cd0069cbbd77058f9476,wrong_amount_of_cash_received,wrong_amount_of_cash_received,True,0.6773999994038604,False
27,4103b473946ee338393a82e319bd143af9517cc3c0c16e699e92b858bf13672f,card_arrival,card_arrival,True,0.49389999912818894,False
1953,d8ac4cc9076f4afad7afb055f1796633bfc254fc3246420797fd45c0763db5e7,card_swallowed,declined_cash_withdrawal,False,0.34160000359406695,False
936,081dfd1ad46cf0a4f61cf5a90593f1942ce617aefebb76211f1386e4ddc60152,getting_virtual_card,get_disposable_virtual_card,False,0.3117000014754012,False
2532,620cd938800bc9ad3395869e443efd3c68ea515dfcc0563f19127f04e6eb624e,virtual_card_not_working,declined_card_payment,False,0.39929999911691993,False
1533,e71c83bcc0b2020e7c95cb7b0d11cee23f9dd48f481fb062b6bdc25a81272c3e,passcode_forgotten,passcode_forgotten,True,0.23150000197347254,False
2377,f8e70ce98155d7d2500c4c7bb680f80f93085f655e8453cb8b610138310aff36,verify_top_up,verify_top_up,True,0.27350000164005905,False
825,97ff1646fbc4c75ae9205e00d282e0cf1d54c79e7e2d493cde6114991e84ebee,card_payment_fee_charged,card_payment_fee_charged,True,0.3434000027482398,False
1280,d1d7075bb89a437234d58e5ca6c7730cd8d6b657456f53e0f28489794e9eba9b,visa_or_mastercard,visa_or_mastercard,True,0.26420000358484685,False
2945,9fcaf5ccc97ce71b330ba152c0ca33475c819f4116a13ab36b5ecea250a280c2,card_about_to_expire,card_about_to_expire,True,0.5196999991312623,False
2427,9484263731e531662d1720449359e1edf14171aa5083eed095f08de5287cd1e3,getting_spare_card,getting_spare_card,True,0.3510000024107285,False
1251,7094cff8efadfbba7aac3d7c252a861b6fca54a97f99f3b290b873ab7e8b176c,get_physical_card,declined_cash_withdrawal,False,0.4437000025063753,False
1145,87279dc5cd52d4d01ddb9d1dd89996d470f399cdc3efd5fc62fc3351d50bf7d0,edit_personal_details,edit_personal_details,True,0.33769999572541565,False
1444,0192794193261b356b2e8f612364e10f8019d663f95205d428d311a78608088f,atm_support,atm_support,True,0.3782999992836267,False
686,38ea223e1d39e688626e04d6df3a5954068df5e27e5ace5fab2183e45f1d0d95,cancel_transfer,cancel_transfer,True,0.5568999986280687,False
867,08b2cc2238e9fd9d5542e71ee4c980557f7609f52d329e399cb4393df78060c2,transfer_not_received_by_recipient,pending_card_payment,False,0.4245000018272549,False
891,9af4825993db074b4078993433002e8bc57ee2ffd0609dabc0bde1230ede9389,supported_cards_and_currencies,supported_cards_and_currencies,True,0.3259999939473346,False
247,ab90b3b29e5b7b7c965c1ebdfc72572d9840a68c4a6a1ec50c3ab6cfa2fcc99f,fiat_currency_support,fiat_currency_support,True,0.22319999698083848,False
1717,f6116ca85c471b4ac207f5dd2db140bae7cdba2002a0e70ab8a3dae89d6b5ea6,request_refund,request_refund,True,0.3023000026587397,False
575,bda2c6a13febe04bbfc15c7a8dbf9b7b113b9484438366bcc7aa9e4b85372549,contactless_not_working,card_not_working,False,0.29790000553475693,False
1721,497f918e92a987092c9a29b1411fc2c953fd690db0171d043e85a00b99c2783b,declined_transfer,declined_card_payment,False,0.723700002708938,False
562,d9686316e56c92a0c4d18fdd576098518dbd9699f3021564bbac19f1bce5415e,contactless_not_working,activate_my_card,False,0.28169999859528616,False
642,43a1aceac1c0a23057210128fd0ea318f4c1191a32c488264418238462a3c7ec,pending_top_up,pending_top_up,True,0.27940000290982425,False
1814,1b19f2876d2998674cca1179e1e502e39bcc958e30a591be0c1da59f205494b3,declined_card_payment,declined_card_payment,True,0.2571000004536472,False
1174,7a6bbd063454a9214a814a1ed0cdd0e50026e8cca825147dcb3bf172bbfc075f,why_verify_identity,verify_my_identity,False,0.2545000024838373,False
2713,92f39fbd25d0ef9418bcdb287efd0dcc8340c467bcbe930168dfa61fa2b839b2,balance_not_updated_after_bank_transfer,balance_not_updated_after_bank_transfer,True,0.22869999520480633,False
2760,266b0c11f5e22c083c11c8d6dd08668b7abf84ff53d83523ddac1a53ba5a9f74,exchange_charge,exchange_charge,True,0.19939999765483662,False
1689,ced918ed4c9d9c68315aba3ece86826f5781a109cc761b53575cb95569ca1aa7,request_refund,card_payment_wrong_exchange_rate,False,0.45790000149281695,False
205,989fc3c663aa54f8e03f17158c78057e590d6f21a9af3c75c30cf7f3c76f1605,pending_cash_withdrawal,pending_cash_withdrawal,True,0.487299999804236,False
308,de33208ca93bb6d7cb1bdb2bed9eac44a54b466aff144943a6488573e00fdce5,card_delivery_estimate,card_arrival,False,0.21980000019539148,False
809,aaeaf8503e588e8d2f54609cfa0bf8006799038be113962b40ddb9f97a9738a7,card_payment_fee_charged,card_payment_fee_charged,True,0.3899000003002584,False
2149,d1a9ec7a1bc685ef15cb23ed8980439f6f71c510897bd2493b3600669c7f6607,change_pin,change_pin,True,0.341799997841008,True
356,55daf15fbbc3af1f89db9438fdffbba6a335980171f42194b5f3fc83fdfba0c6,automatic_top_up,automatic_top_up,True,0.2733000001171604,False
1558,23ca687aa2dbe5b03e702fb4a6101f694a860ca2e416726ed6d1aaa6a86f2e7e,passcode_forgotten,passcode_forgotten,True,0.3156000020680949,False
1389,a2893975040fd762f913255066b0dd22ff2c2bfbe9263f198e9a9cbe6f8e5e5d,disposable_card_limits,disposable_card_limits,True,0.30440000409726053,False
417,0c2e37f74ab1d004e970c591ad6321c31cf879d9d55ee17493ad3b9c69b7bc50,exchange_via_app,exchange_via_app,True,0.6792999993194826,False
1271,6fbc7fc0e1550d0c14c99b5ccd33a15bdfe75981eb1d6f2e7541da5bcf581a03,get_physical_card,get_physical_card,True,0.23330000112764537,False
2769,786b11950de67e31699705a40f70dbc5502e7c86ab6da1974c36951d1cb2bfbf,exchange_charge,card_payment_wrong_exchange_rate,False,0.23470000451197848,False
1810,31046e9ee30aa7fe32c22d47ec657b9b2441df1adf095e5e23faa0f73d2b0f61,declined_card_payment,transaction_charged_twice,False,0.4489999992074445,False
3027,ed949a143d136a66d6111abee500a2395fb71ceea12063af4956c2de7c6db4f1,verify_my_identity,verify_my_identity,True,0.5053999993833713,False
2787,7f7182eb2ba0e05735e219fc6d29edf9a0087fd8345c9edca7fcbadb865d4a0d,exchange_charge,exchange_charge,True,0.5731999990530312,False
2712,54992dcdec0ba70d9d4074f2dcdefdb6ec29f90575d443e236858a569ea10cc2,balance_not_updated_after_bank_transfer,balance_not_updated_after_bank_transfer,True,0.8678000012878329,False
636,58f745c4bcf38266ffbad22104ed5b7cfb090229329124549ab72df8a8a775ce,top_up_by_bank_transfer_charge,transfer_timing,False,0.3510000024107285,False
2422,ae78653068ca5ba39724c3053034cad8c936e40e693f2b7128631b4899471a6e,getting_spare_card,getting_spare_card,True,0.2558999985922128,False
3013,db6333cb8ff14550e425fbc8e34e68e9108bf7dd243711ed3495194ddba4e7e5,verify_my_identity,unable_to_verify_identity,False,0.25940000341506675,False
2161,e6a564f63b55792ca7040dba52085ea72827871b77e14136f40b5505249539ef,beneficiary_not_allowed,beneficiary_not_allowed,True,0.6078000005800277,False
385,ed5d84d7baff5164d27123edd80d97e0e93a621f2d3fa94cc8194aeebf824518,card_not_working,top_up_failed,False,0.44130000605946407,False
2566,2e007a37068a758b564a05150d721d00f498b0bf1b85e628d202447900d4a6e7,wrong_exchange_rate_for_cash_withdrawal,wrong_exchange_rate_for_cash_withdrawal,True,0.34270000469405204,False
127,2cc72e9aa720fe88a91286ece1f0ae13e3391f31eb824184b2534c822ca2746f,card_payment_wrong_exchange_rate,card_payment_wrong_exchange_rate,True,0.31570000282954425,False
2842,84a4f7785e708bd54bdd580f9094b1f331874fbf22248990abe4807047394826,activate_my_card,activate_my_card,True,0.2960999991046265,False
2228,98d2aac1b73518e9002d85292f96b64b885aadd9909bad21afbfd42777459ea2,transfer_fee_charged,transfer_fee_charged,True,0.2734000008786097,False
1770,92fc48f826d4f93cbd158897e3b0f4baa71fee6636b74a6e46b33c35fed9eb9f,Refund_not_showing_up,Refund_not_showing_up,True,0.5125999960000627,False
925,14f408c43d43b6873b288c8f9d5dc8a937094b035577f7f93143e6a1bee4b343,getting_virtual_card,Refund_not_showing_up,False,0.37120000342838466,False
140,ba87d65fd04fc69b1a9fffa464c080f35d53c7543260a659df8c5f0e9d17486d,card_payment_wrong_exchange_rate,card_payment_wrong_exchange_rate,True,0.3635000030044466,False
3039,072052282e707c99f40ce255b2ed940494ff10be35fe8f9c4c686e22a1e246c3,verify_my_identity,verify_my_identity,True,0.27119999867863953,False
1606,5510584e8b901b598d07f40173bab5a16baf0479f8780933ebfb1d28c3cbb8d8,pending_card_payment,pending_card_payment,True,0.5044000063207932,False
1555,d8834c8575deb5de396b058af82d3bcbc3073916212dcaf2a393c83865664e71,passcode_forgotten,passcode_forgotten,True,0.2523000002838671,False
1813,b06f4f71acc7cc67f955c7e52c335b9a51677fbe52d909fa726f3bcd57dab3fb,declined_card_payment,declined_card_payment,True,0.5508000031113625,False
2038,f9614584c90129d7a0b0ae02fc2f10d2e147308a14c1ab09d2527a4c80e8084f,verify_source_of_funds,verify_source_of_funds,True,0.2882999979192391,False
343,25e5bf9f76633efd9af349adc10d603843497555181c5657c577da0811720f7d,automatic_top_up,automatic_top_up,True,0.37319999682949856,False
2499,b861e4ff17a946436a0a0d914cf936fde05a8c89adb5b44ed5b4eb48ac857ffe,order_physical_card,pending_card_payment,False,0.2852000034181401,False
2628,359ee39d591aad9e6f3ced21f8a063d97a1e19ded117a67482e7e0101efaa1c4,get_disposable_virtual_card,get_disposable_virtual_card,True,0.2486000012140721,False
654,283ca8c2acfe91cf34eae3f82db8383a528bd7c12de54d7ee56d729b9df29bf8,pending_top_up,pending_top_up,True,0.9543999985908158,False
1499,9d2c381afa08a45bc149fa3265b9597719e3813cc92f660e1fe40ce875c13a7d,direct_debit_payment_not_recognised,direct_debit_payment_not_recognised,True,1.1319000041112304,False
2278,edd32f1c58abd6324197261e3f799266aa6e1384d8fdcaa5e25e0364f36a818e,receiving_money,receiving_money,True,0.2550999997765757,False
1917,62eea1a5db664482902d0a2b5cfa918dca72bbfbdadd78090a4f3c377021f5d5,terminate_account,terminate_account,True,0.44120000529801473,False
2047,810de5468dfdde1a732215cb35563600edfff47641bab71886f27358117ada0a,transfer_timing,transfer_fee_charged,False,0.28780000138795003,False
1842,871d727527bf4cc61913f01b034bf8700dcecddf381ea3dcdf12d8ab404c7ce5,pending_transfer,transfer_not_received_by_recipient,False,0.25209999876096845,False
2433,f388d53aed860dfd00265adc4593e27918a9a2f5eeaa9c4381f0255f6a4a754e,getting_spare_card,getting_spare_card,True,0.30279999919002876,False
2441,90d70721b5194a098b80be4cf1828256f49099ff420081ff5ffce39cbf185bee,top_up_by_cash_or_cheque,top_up_by_cash_or_cheque,True,0.24649999977555126,False
278,27a4397bc097c8fbb6fc581058f579da17539aa6eb91165e44f9e7c8c5c44abd,fiat_currency_support,fiat_currency_support,True,0.32479999936185777,False
2346,eed41b5955b1b292ccf21cd29d089948145c0c016e2e1b0f93763704b2c197e8,transfer_into_account,transfer_into_account,True,0.26590000197757035,False
2590,93c7bd72f11a9d06391d8d0efc255416daa3548b42083307686433174c74f6dd,wrong_exchange_rate_for_cash_withdrawal,wrong_exchange_rate_for_cash_withdrawal,True,0.27770000451710075,False
1726,44ced2879fca4c5a0e1cd6e255f6460c9635cfea99fe29a860c9a86500846234,declined_transfer,transaction_charged_twice,False,0.320099999953527,False
2413,41723d485fce786bf05656d58d67850f7ced0708ae9a75a3002d61bd37003059,getting_spare_card,getting_spare_card,True,0.2736999958870001,False
22,3485722fdd107f824b73a8591c213f92a3a3bfdcb34332c9b7254271a64d2741,card_arrival,card_delivery_estimate,False,0.3010000000358559,False
190,14be97a922e114d6b5f380d6677a9f33ab67841518a4cc236f2f6cb63df53209,extra_charge_on_statement,extra_charge_on_statement,True,0.3730000025825575,False
1400,e4bb18cc890500a72c08745cbf6a022756f5f4d34ef8baef56e6b7289b0b45eb,compromised_card,compromised_card,True,1.2098000006517395,False
843,92a12287d889ffaa5961dbb462b0f7cba5a1ed20adf4be9bc0e9c146f25e60c2,transfer_not_received_by_recipient,transfer_not_received_by_recipient,True,0.5587999985436909,False
3002,b60a638ea7e6becb967f16b497025afd398bc50f06eef6641c187db1fe5303ff,verify_my_identity,verify_my_identity,True,0.36299999919719994,False
1830,8c0389af3a6a270498b072bfb9d20962f04161d3392098f3dc688aed8169837a,declined_card_payment,declined_card_payment,True,0.22379999427357689,False
365,ba65c747ddf858d586b5abaab7ff08f8becf0a4fae263376e68bca551ef5613e,card_not_working,card_not_working,True,0.2116999967256561,False
1201,33c331087db902a55eaa52b5793bd15d8ca40b2ac865fb54583c7866329eb470,unable_to_verify_identity,why_verify_identity,False,0.3782999992836267,False
1404,8b7c61dab1760c89aeb96eeafcc956f85862610781b62b7ab2b3bb0e55809fdd,compromised_card,cash_withdrawal_not_recognised,False,0.2693999995244667,False
2886,59bcc1e8ac91e47c81151c7a83f9072952a85e1b04e44a9603e30a71b857645a,cash_withdrawal_charge,cash_withdrawal_charge,True,0.7184000060078688,False
2056,6fdd4c43680074ed2929cae11f75697230cab961e95c4a20cfb7df642fd8e17d,transfer_timing,transfer_timing,True,0.4211999985272996,False
1452,808094b90654b96338be97556e871f7cf696177f230387eb9225739625ec639c,atm_support,atm_support,True,0.25380000442964956,False
1283,d81aae71adb43182bc3331616598bb2006ae5601406e177e6dd5cf5138589926,visa_or_mastercard,visa_or_mastercard,True,0.26980000257026404,False
2678,1d9fbc415e77af3cc3f1b9e89ae74d6ea78d424a91eab7086c26b995221593aa,top_up_failed,top_up_failed,True,0.2125999963027425,False
1609,489d2599a633e5f048974266602d8ed00ab989df14418e1de65c06631821a6a7,pending_card_payment,pending_card_payment,True,0.2823999966494739,False
1856,4923d160a2800073cd0fea5991d2f0a286b9e69c66ff8c8a7f9916a5da1da2d5,pending_transfer,pending_transfer,True,0.26030000299215317,False
1590,2f073b5f7475df833d95901e6c3e3df89af1e0aac37957ea85ebc4691ef1fd48,declined_cash_withdrawal,declined_cash_withdrawal,True,0.6027999988873489,False
2881,03231953bbbcb199c4c950ba0adf7fa93b583684691f14609d6fa29a9c10b99b,cash_withdrawal_charge,cash_withdrawal_charge,True,0.31379999563796446,False
1674,086b28b159fbdb90218cc7fac21d698f2fac4b8368ae4d54fb7525b1d3c798f6,lost_or_stolen_phone,lost_or_stolen_phone,True,0.3775000004679896,False
2957,bffa28210fac559ba4850ca8a101632503d4ed120f5155ca46dc8c2c1b4518e3,card_about_to_expire,card_about_to_expire,True,0.4288000054657459,False
143,06b4ecd5987a86167c08851c34530faa9f47f5cfeb6dfe0a80dc894642f0179c,card_payment_wrong_exchange_rate,card_payment_wrong_exchange_rate,True,0.3096000000368804,False
1881,32cffa1a76599974de11fccb7392bfd555246cf174543f49ef49e197def1fd3b,terminate_account,balance_not_updated_after_bank_transfer,False,0.6634000019403175,False
838,e13e5c257085a4bc866c087cf41a8f387a9aded85ffc0032c38c1c73b84eb452,card_payment_fee_charged,card_payment_fee_charged,True,0.3032000022358261,False
2157,1893d161c13759df7d8747db5c6cb94e18d0e223dfe8fe769706461f15a7cae8,change_pin,change_pin,True,0.3522000042721629,False
1698,edffccb8b85627e4372cb35a6e312af14eb0da69b3a583ce7312addb1e05d981,request_refund,request_refund,True,0.3578999967430718,False
1572,40bf47ab11c196e0c8669b802623151b381ddd972aa0ceb6973af1c0dcb790d3,declined_cash_withdrawal,declined_cash_withdrawal,True,0.4574999984470196,False
1779,e616dac41ac6f51f3d1f3f060bd7ec64e2c3678bdb77052d5e7666215365b26b,Refund_not_showing_up,Refund_not_showing_up,True,0.4625000001396984,False
2015,c973e2e840066154239848b8297422de1c514ca5ea8d5795c22b6022b3fa6c05,verify_source_of_funds,verify_source_of_funds,True,0.34720000257948413,False
254,3bc31366b43ca3f38fafac164f5b18647d5fae8116e3480aaee9820a80f639cb,fiat_currency_support,exchange_charge,False,0.23659999715164304,False
1960,c5a4e1c5b01bfdb196014d3b1d24a8f111e0b23cfc555af1ac5854862abbb77d,transaction_charged_twice,transaction_charged_twice,True,0.38070000300649554,False
539,d56e339be8ae444cbb5f2477a1ffdfd000c6f26c6505553d2b97a789f55a2a93,pin_blocked,pin_blocked,True,0.3034999972442165,False
602,14dc2f12b33b8fcea35360bfa0998faa382f4a411040270119b414cc4d1d87f6,top_up_by_bank_transfer_charge,transfer_fee_charged,False,0.3415000028326176,False
683,62b0d681105d5bb178df51da20312a4e32c86c9c2576e2fe20e9c6f69642dc44,cancel_transfer,cancel_transfer,True,0.3510999958962202,False
373,b0c82b99c0e10883d468ac4865d0fff93be3ef843cc105eb9152448251d48180,card_not_working,card_not_working,True,0.20229999790899456,False
662,60da9e77980f4d0534800a34e73a074d3c33d892d75f82b5b3234db82168cdb9,pending_top_up,top_up_failed,False,0.4549000004772097,False
754,7fb6d87a06fb54caa4cadbe5164407d8a8973552f006ce8541e823a3efd09271,top_up_limits,top_up_limits,True,0.2508000034140423,True
212,9f998bce6e94de728e5cdfe419bb65933c909f73a3d6f324780ff7afef466da6,pending_cash_withdrawal,pending_cash_withdrawal,True,0.2792999948724173,False
2949,6f021c3570933742eebb349cff916fafae46487efb13b47662da71eec860f8d4,card_about_to_expire,card_about_to_expire,True,0.4489999992074445,False
1911,39c9658206ff45cf1d86a41957dafa63022309b2a3b041d5c3b02c47d05693b7,terminate_account,terminate_account,True,0.2375999974901788,False
1041,d12dc2b193c507130909f4f84ce90c6cdfeb48d4fbf90848078a6752d2cf5e44,balance_not_updated_after_cheque_or_cash_deposit,balance_not_updated_after_cheque_or_cash_deposit,True,0.3538000019034371,False
2730,b2bc3b466aa666b96b9aeeac0facded1b2f0323844872fbef2b4f9365c984c6a,cash_withdrawal_not_recognised,cash_withdrawal_not_recognised,True,0.4298000058042817,False
2500,8d3bf2e37a3e6b8493ee3700a73cf7c2d36b1b7a70ff3f84241338e174f500cd,order_physical_card,top_up_by_card_charge,False,0.36419999378267676,False
1190,d9774af350f792a7619c08f46e9ef720e9790b906c9a7b97a746eb96480fb8e3,why_verify_identity,why_verify_identity,True,0.27180000324733555,False
439,1122e68f0ad04aee5e9d490200b78866d9273ddec1710681fad03ef3240d55f5,exchange_via_app,exchange_via_app,True,0.22390000231098384,False
1776,cfd4ca0b4e698029b7b2b91cf61c349a146f45032369f6bd5f475e26cf1358a0,Refund_not_showing_up,Refund_not_showing_up,True,1.102400005038362,False
470,0692d501533c83c75d28cf49d59829223381843fa5e51abb0807d7cede96e344,lost_or_stolen_card,lost_or_stolen_card,True,0.7519999999203719,False
248,080928d118e3c538b274a41b1a6ca15b418ad07ebfe5c8d05490bf0506b788d9,fiat_currency_support,fiat_currency_support,True,0.5877000003238209,False
2462,1942d74969fd626e134638c058b28949ca8d65b1f5d112c241ec376f31f186df,top_up_by_cash_or_cheque,top_up_by_cash_or_cheque,True,0.3312999979243614,False
1154,eb039bbd1d1d917b1ebf82cc04543e0b0f1c42dab77db17c4f2e2fe8b8d1c33f,edit_personal_details,edit_personal_details,True,0.23060000239638612,False
1002,22e432d48c92e7d6c8ccf6b836684025ef13391a817f7c645a2ca3f9bf2cdccb,top_up_reverted,top_up_reverted,True,0.3782999992836267,False
401,73e653e1f64edb482caaceed134fcf3865c4706062add876b83de9b60206755c,exchange_via_app,exchange_via_app,True,0.31400000443682075,False
395,268e3defd45450201c2b31cc13a2a90a3ed8ed0183191167bdebd86197a9b6cc,card_not_working,card_not_working,True,0.40810000064084306,False
1385,138d6f78a729dbe31c2f8a77f533f398fd3c814afd66a9d9689eae7716791ee2,disposable_card_limits,disposable_card_limits,True,0.38559999666176736,False
2401,d676937bf397db6953327ba44ca0f863dfb0077dc2caf9d06bb6de1f49c2e770,getting_spare_card,getting_spare_card,True,0.29689999792026356,False
2432,a13646aec0cfdc338f4c643fb4b01b88ec352dcd6f87a07027fdc2df875e6849,getting_spare_card,order_physical_card,False,0.2310999989276752,False
2410,9da35b18ea5aba4f3b74a26cf2a17bbee9e6226d44ec189ef26c8938826aa996,getting_spare_card,top_up_by_card_charge,False,0.3068000005441718,False
2903,22701e2d8b1850a1edf24df822cad0884aa031291dfd865b70001aba496eda66,cash_withdrawal_charge,cash_withdrawal_charge,True,0.30699999479111284,False
2741,886dfe8148657bbddd0c7d5c5432702b4d638211f97cd349d8e91c8662325062,cash_withdrawal_not_recognised,cash_withdrawal_not_recognised,True,0.4011999990325421,False
230,e93067794139eef4196da1f1e2fd83aa7d0073185a94e1ddc25ba38840b0e086,pending_cash_withdrawal,pending_cash_withdrawal,True,0.18519999866839498,False
2621,75735814867c756c551eab784cd8c1cbb0c6f0f7d6842e73b7b5b5be73cfbe85,get_disposable_virtual_card,get_disposable_virtual_card,True,0.4724000027636066,False
826,0460afe74be4a81164483a89f66e4839f5f93871779003eb59d5e2fdf4a2f5dc,card_payment_fee_charged,card_payment_fee_charged,True,0.3175000019837171,False
1920,aa726c2ae8d3107a5cca421749fc1a98ce40319373b3295f7f74c32dfea45b34,card_swallowed,card_swallowed,True,0.29179999546613544,False
787,a058f377142222479840344a6d04eb9475a90d4cfbd7ac84e21b415003ed8f9d,wrong_amount_of_cash_received,wrong_amount_of_cash_received,True,0.3400999994482845,False
730,393c1daa0cd43230003eccad475216e7254f5117a38dea90569c80b744f67fb4,top_up_limits,top_up_limits,True,0.1995999991777353,False
1801,8002ee606f36ad757b9269fedb62b84d40121553f9b8ef250287c0990ae4626d,declined_card_payment,declined_card_payment,True,0.9570000038365833,False
1655,1b537b55ba50dde02256e5588788a313be25f90d5ae9fd91508257ef9ce86667,lost_or_stolen_phone,lost_or_stolen_phone,True,0.17639999714447185,False
1990,fe1479cfdb5ffb0011612beb24954aa06e2524322e46452977c363470c5554d6,transaction_charged_twice,transaction_charged_twice,True,0.3888000064762309,False
827,50c207f53ff1a5a4104477516da6a000ddd06b788bc1c16b25324fa89f69bda8,card_payment_fee_charged,card_payment_fee_charged,True,0.35209999623475596,False
1446,96ec412378452965d21d4ba3132318c48e8688e58ee95537a9439f2d7f94265c,atm_support,atm_support,True,0.22680000256514177,False
211,efae9328f489630d6ae204f04add7f4a59d8f0ebee26f2eafe3405cfb1c746b2,pending_cash_withdrawal,pending_cash_withdrawal,True,0.4023000001325272,False
2940,098ca395791e010fa62ef19147092f64b388ab9aaf49a3dc6fe474b566076418,card_about_to_expire,card_about_to_expire,True,0.42350000148871914,False
2443,c4559d7f17e2788b69000c914c29e80ae1f0eda1d9cc27f0eeada6150aceeb42,top_up_by_cash_or_cheque,top_up_by_cash_or_cheque,True,0.3868000057991594,False
1135,3142a85e4090c6c04b16f40f6dbded2b2c158b62814b0e8f21057eba176045d0,edit_personal_details,edit_personal_details,True,0.3189000053680502,False
2494,b0ce288df663b07f1a5ca4e4f148e4b5d48188da03da224e487e66c6d2c228b0,order_physical_card,order_physical_card,True,0.22229999740375206,False
246,086433ce4db8e13ae3ced630c47bc76b3558e421db452677758a6b3bdfbb80e6,fiat_currency_support,pending_card_payment,False,0.47849999828031287,False
318,18458dd44c00ccbcdf0cd185f56337af7705ba2746cd56eebaac0fbc68f72e4b,card_delivery_estimate,direct_debit_payment_not_recognised,False,0.3744999994523823,False
1192,f6dde38bc05382019ca992ca598e7daec66adbd1cd41a7f98a0d7fa67a9ba050,why_verify_identity,verify_my_identity,False,0.3071999963140115,False
2288,4eb909e25b2464f693d62c93939fd5933840cd4367173025c3b867248cd0c81b,failed_transfer,failed_transfer,True,0.2514000007067807,False
622,53b70c91faf20d72a93c4b888de66d425b7ac39025643224289575cca9725175,top_up_by_bank_transfer_charge,top_up_by_bank_transfer_charge,True,0.302400003420189,False
1610,3b8054663f78696d343956de977e7343e9a50dc67541540ad93281c3a4b91e1b,pending_card_payment,pending_card_payment,True,0.428999999712687,False
1371,2c1ff11534cd4f1276441e51bd9b50e92cbc32b8915f154892e1368f6d0a2325,disposable_card_limits,disposable_card_limits,True,0.3236999982618727,False
1707,296084ece44cacb9adb635531779cf0da7e940ffdde5dc69341466f70e7ffd37,request_refund,request_refund,True,0.4400000034365803,False
1072,79f9699faa3e3b72124e1e8722c34b5c75de12ff7bd6b260b53245079812fd9f,balance_not_updated_after_cheque_or_cash_deposit,balance_not_updated_after_cheque_or_cash_deposit,True,0.6364999935613014,False
1073,cb8e5685e7e60f2cfc9a2b6254ed51ae84cd99f1a7335a84388933078b4b0244,balance_not_updated_after_cheque_or_cash_deposit,balance_not_updated_after_cheque_or_cash_deposit,True,0.713100002030842,False
1336,624badc06c32f275746407f698d7006cf478036f7f41b2a60107f915c477c5af,topping_up_by_card,topping_up_by_card,True,1.0144999978365377,False
2620,fac84ebe7bbae571de1c59d9ebf0a97bc1403f55d7d07a4d7029d575eda2b17e,get_disposable_virtual_card,get_disposable_virtual_card,True,1.3538000057451427,False
2117,0c35af0201751f60271cc86159547657bf4d08b34bf47ba4ab2f9a2b1b770b44,reverted_card_payment?,card_payment_not_recognised,False,0.4455999951460399,False
1381,9fadda456830d01b411674846d5a30cd4982d063fe5c9fce7bb90ad7a2c7e51b,disposable_card_limits,disposable_card_limits,True,0.6825999953434803,False
2615,b5101f015cebc8fd9c7abb77c8183e76b3ff4054f4bb16948cb968fcd45916bb,get_disposable_virtual_card,get_disposable_virtual_card,True,0.6439999997382984,False
1775,5098e32f29b9cddb77f1934fd79293063eea9f9bfe0dc18311cfcf6dc9e4f73b,Refund_not_showing_up,Refund_not_showing_up,True,0.8429999943473376,False
1919,ff74f0836f37adc055c7038104b5e4b1b41cdfc1f465f995c7ef8c1691c44069,terminate_account,terminate_account,True,0.42499999835854396,False
840,91e04f4c9ffe684e9e4316f0ae4045704aa5ce0638edcc312a334cf4a7a9d7c7,transfer_not_received_by_recipient,transfer_not_received_by_recipient,True,1.0672999997041188,False
2728,6bbbc89775056b2efe2f8de1784ffd61b3a23a56fedfa1248fed94ab52a29f71,cash_withdrawal_not_recognised,wrong_amount_of_cash_received,False,0.3924999982700683,False
1028,b9cd653a3f5b869de6c4e636dc46eaaf95df76228b9830a861c7ee6a4bd6bf29,top_up_reverted,top_up_reverted,True,0.20670000230893493,False
2171,cf3546427578229b78e87ce1770700029c67856ae5250db02f17a089380b8c52,beneficiary_not_allowed,beneficiary_not_allowed,True,0.2859999949578196,False
2512,f8862a36e9e563608c41b5b60c92947fe79b6edaf6ac68ad6ef944e2de859968,order_physical_card,order_physical_card,True,0.323499996738974,False
3048,405095400a6081994e4b6a99493bf697d8d94fc33b9242bd658da5059ce7c161,country_support,country_support,True,0.37489999522222206,False
889,181c0e0cd03a7f7917c0c6869f8bf1ec0c889d15266746279067cc20b2919861,supported_cards_and_currencies,supported_cards_and_currencies,True,0.2986000035889447,False
1339,42e658e1f5294311fd19f8c20c4aec0e13558beae22a8b62feed29d668c808dd,topping_up_by_card,topping_up_by_card,True,0.3069000013056211,False
1050,478beb94b655e7b26c79fafcd41d1f98b2374124cfeb38229bc51696274a3dda,balance_not_updated_after_cheque_or_cash_deposit,balance_not_updated_after_cheque_or_cash_deposit,True,0.3279999946244061,False
2861,1b430d82697280bf5ae1541fce5a3eb88ff18dd85f088aaef764be33e126c853,activate_my_card,activate_my_card,True,0.22979999630479142,False
1490,1107e097e3e623ccc7c97f0ea537e30a99b4c3f390486fafba586c9d38a8d3d7,direct_debit_payment_not_recognised,direct_debit_payment_not_recognised,True,0.4243000003043562,False
1511,be8b242d607aa5d00ecd902a5cfaa01433fee2b4bb049555624ecf1dafa99c42,direct_debit_payment_not_recognised,direct_debit_payment_not_recognised,True,0.5307999963406473,False
1595,4fc4ca0869189b8501aa2cb393efa662fcb6327b8a236088182d1c473af1b9e9,declined_cash_withdrawal,declined_cash_withdrawal,True,0.3125000002910383,False
810,c4d6e164e9dd416f373d7f4ad0b4b914860be1cef8d63309c164eff3b0e9b1a4,card_payment_fee_charged,card_payment_fee_charged,True,0.3603999939514324,False
1550,5b6937dadabb04b07e0fa9f4e8b1cfdc6cf607dff88bb679ac548429e3d7f73d,passcode_forgotten,passcode_forgotten,True,0.2477000016369857,False
388,6c033d7e836bcb593dbc291df14c5e669bc3bf98bef531708834ad45337e4c09,card_not_working,card_not_working,True,0.2913999996962957,False
3010,5564fa5ec3fa7020984adfdd9d11a39e7118142f4604b3553bf638ab906b1f58,verify_my_identity,verify_my_identity,True,0.35480000224197283,False
2162,d2e1304520937c88780077ced7a9e0126585ff30c82b6bb4574a4e65bc1955cc,beneficiary_not_allowed,beneficiary_not_allowed,True,0.338400001055561,False
2798,28154f4d915ca0104a7203f31e0b3a978dda7858baccf2c5bfde7328b0e3f909,exchange_charge,wrong_exchange_rate_for_cash_withdrawal,False,0.3184999950462952,False
2058,10953690892582f2444a5b386c92d8952aa7c380ef60be85f103d0db23ced32f,transfer_timing,transfer_timing,True,0.2549999990151264,False
2133,f497664ce14ab917d8ad5f02a8bc900e0b50039ec5323ff19f8c4483ac712ea3,change_pin,card_linking,False,0.2718999967328273,False
1516,44137e2df5809a5dcd0455393a0a2fe9a246e18e3676c9ac5c6b2c5240ff9af6,direct_debit_payment_not_recognised,cash_withdrawal_not_recognised,False,0.3491000024951063,False
2106,0fa2dfaa974dec5fbcc873687df241065b43e4928bbfac25a02bd48fc5a62d1c,reverted_card_payment?,reverted_card_payment?,True,0.38050000148359686,False
2071,a4cb4d1ce7e425781405067042e8737cb32bf41779cc37110dcfcb90c8cb1786,transfer_timing,transfer_timing,True,0.4713000016636215,False
1164,0f7869a82a8972c523d61b586ed0642314b2928ff87e9ecfad78bfd35a51145a,why_verify_identity,why_verify_identity,True,0.2536999963922426,False
2090,9f8dff1530d081b29f7cbe8a4f60ccac97061e8ad6cd2bbf22475faf1366a515,reverted_card_payment?,reverted_card_payment?,True,0.36779999936698005,False
1985,3d31e56fb93e292e45ccccc10b818457dc0c1c95c750c1421fc1d969824c792c,transaction_charged_twice,transaction_charged_twice,True,0.39420000393874943,False
2361,16290cd4870b23f8753052588a6480b3568ec0487b2e83b9cfea5abd14b174bf,verify_top_up,verify_top_up,True,0.5089000042062253,False
1611,7ffad05b17dac71e1e14c0572d8b7df93d975c9404898a170a95aaea2cf36866,pending_card_payment,pending_card_payment,True,0.42750000284286216,False
922,1ada5cc687434bc1703ff504361db8832f50a98b13fe8494d6d4a46abc384591,getting_virtual_card,getting_virtual_card,True,0.25240000104531646,False
441,bde9d4fc9e2e57289ea124bd87e45fb9be0d6559f66b8a0a8658e619f20c74bf,lost_or_stolen_card,lost_or_stolen_phone,False,0.3989000033470802,False
1684,b0c7a800d68f525d4a55f84b94a888ed400dd05da4a670eebf2801c7fc5efd7b,request_refund,request_refund,True,0.22899999748915434,False
1157,24fa19e33f1c72cbdbd4187f9885a6ef018d4b0be8b8871a5d48d84c725cdf65,edit_personal_details,edit_personal_details,True,0.36240000190446153,False
2851,f25b40d2e0d6ed006ffd45fbd326ea265d259857867ea272ce178f87b654a292,activate_my_card,activate_my_card,True,0.5948000034550205,False
1281,1b3154d1eb9103965a38df3cb254df6904977ac45133de23b41ecaa4cfb0058d,visa_or_mastercard,visa_or_mastercard,True,0.33409999741706997,False
2141,0eb4ad6fec7aa27e1cd3b6a1a32fd4969835525eaea113b29a13ddf82cdf29ab,change_pin,change_pin,True,0.614999997196719,False
1690,5ac453ef37f186aea180cec83f1751ef8a914f3fb29db8f5a8daebcff4d904e5,request_refund,request_refund,True,0.9446000040043145,False
2541,8b296c3cea1640116102f5dd209c00a16173e41f0a442cf2b3d9e193d04fa1db,virtual_card_not_working,card_not_working,False,0.3395000021555461,False
2012,176feae07ef4e923adbfac8ca9af6b8c5157fd62420773204be9ec6a2c4e131e,verify_source_of_funds,verify_source_of_funds,True,0.24619999749120325,False
1176,1b6f490a6fede799c2257dbecd6e8a7ba2db6036206258659b2829b989aa2056,why_verify_identity,verify_my_identity,False,0.27860000409418717,False
1273,ca6f814b14a46f230763469800b88fbe767bf4d3c46c8807b6eacb924722b001,get_physical_card,get_physical_card,True,0.19710000196937472,False
2034,ddb21f657057fbff242eec67f0852ad2689b3eb4a8560ce63efc234c8c5f7346,verify_source_of_funds,verify_source_of_funds,True,0.229199999012053,False
2598,bcbcdb603192db3d108363dd7cdeb1de7e2ebfebc80b4435ea0d72eacc2002de,wrong_exchange_rate_for_cash_withdrawal,wrong_exchange_rate_for_cash_withdrawal,True,0.3003000019816682,False
878,cd02e0649246ac15d5c918bea73ca7ed3442e9d87166accb64ad945eed24c76d,transfer_not_received_by_recipient,transfer_not_received_by_recipient,True,0.2853999976650812,False
234,f41241adde170d65a85e2f62d164092a9a71916d3bc90c7e9bdbeb273530e897,pending_cash_withdrawal,pending_cash_withdrawal,True,0.3145000009681098,False
1352,2271009b749f4a0ba0ff0c3ca1e692eed6aae02873d60b22bc737ff7895e580d,topping_up_by_card,topping_up_by_card,True,0.30619999597547576,False
2425,63e1d5e798848721b49fb1bda9569470d4fc22a70a2cf8082e4977cf73c5cc6b,getting_spare_card,getting_spare_card,True,0.3304999991087243,False
1312,3879b689e1e48633c18ed7c9c43a99ac0699964c3017b9ed3b04aa3c35647b13,visa_or_mastercard,visa_or_mastercard,True,0.20349999977042899,False
1593,c8e45568a71d87933ab95c233c198b164fd114345bde647d3df3e2bd88140114,declined_cash_withdrawal,declined_cash_withdrawal,True,0.27939999563386664,False
1563,78808724b271d0ace2bf05bf401fd6315b3d5c6c3e68666ef28be5036afc8a3f,declined_cash_withdrawal,wrong_amount_of_cash_received,False,0.2930999980890192,False
2325,0b3ba8c6022f1a6318268f47977806495885a653c7afa732e0fe5c35a6502920,transfer_into_account,transfer_into_account,True,0.42579999717418104,False
678,bcc1d4d306cd27acf0a1c27ab28d836c44dc91dcfa74cbbe3787d3c62ad6161a,pending_top_up,pending_top_up,True,0.8230000021285377,False
2727,930e1000b2cf76b8ecffd87de28683f6e147f29ca8ffc8776c615c5a88cc895c,cash_withdrawal_not_recognised,cash_withdrawal_not_recognised,True,0.5853000038769096,False
2177,ce916c59bca3b76cae117d32771a19d846e8a9f53187b9a524ee8b11b54f5b78,beneficiary_not_allowed,beneficiary_not_allowed,True,0.4518999994616024,False
194,daa0ab9e7328c3ed07cfd3edc66f52ca02acf4bd3200d53f0ec06508fe7526a1,extra_charge_on_statement,extra_charge_on_statement,True,0.36070000351173803,False
204,d1bb35913b3f36efde63152f802c84ba69bfb95a914d0dba84cd78e4296a3f79,pending_cash_withdrawal,pending_cash_withdrawal,True,0.2869000018108636,False
2008,e5d12a647746222f06611dcdc303d955f033a906f8dab4ea27a1ba0fb4e9ce38,verify_source_of_funds,why_verify_identity,False,0.3809000045293942,False
3056,68843e39920a410444c2b4b86fd5179674ba79bb0f60432df97e8a83a067dd46,country_support,transfer_not_received_by_recipient,False,0.17520000255899504,False
835,6c3cee59bd48be2eeb2f5997bbfc27cc62aeb74c0e9e7ff5714adfcb70066ff9,card_payment_fee_charged,extra_charge_on_statement,False,0.27149999368702993,False
1853,2d1f5e97fc23534fb066b0151224d9972783175e8ea082cebd3c1bc2ff709d39,pending_transfer,pending_transfer,True,0.6580999979632907,False
2848,43178217d73dfc630abf6dcc56e6a0f5d2731680000460f35ee78ae4adce7c15,activate_my_card,card_arrival,False,0.3251000016462058,False
2043,af6e46389fa54cb594247d429781307276a2cd210234d04b6a0eddc21e8e6f5e,transfer_timing,transfer_timing,True,0.3214999960619025,False
125,1d613678baf4bfb94a8bb0adf7cdfeb242b2f583952787180be321ba5088e645,card_payment_wrong_exchange_rate,card_payment_wrong_exchange_rate,True,0.4143000041949563,False
1639,b10c3d811c03e0ad87d026a5e35440f527ae3625211f91c9ecf319cb1133f43f,pending_card_payment,pending_card_payment,True,0.3397999971639365,False
2661,c2d624c45420c8bb329fbee47beebdc42b6fa6965ecfd4e5c492ea3810f88439,top_up_failed,top_up_failed,True,0.27690000570146367,False
2467,56b7b0442fb53f70e43b43dd58d0cd0b9134032ae4908364178e0b9387b4d20f,top_up_by_cash_or_cheque,top_up_by_cash_or_cheque,True,0.2527999968151562,False
669,dbf9d9ee0da9125c9f2f7f23895dd1c6d2fcaf396f9e0acf59bb431aa22433e0,pending_top_up,pending_top_up,True,0.3819999983534217,False
655,e263d3b7dd455ea5e26024df956b92f38890e5fe1310c04163cc79e375ee2bd3,pending_top_up,pending_card_payment,False,1.1235999991185963,False
1547,e702c0f74712fed0878dd681107e4fc36fc8351b70f4887668ed9d2680e65087,passcode_forgotten,passcode_forgotten,True,0.32339999597752467,False
982,b802e72d3975073d6307db1d744e0223cc767176697e92610393d4b9000aefe6,card_acceptance,activate_my_card,False,0.30020000122021884,False
909,3233253e0f0aa6b6e4a32a3d29b664f9b4b1c757fb421d4b5f900dc9592b775c,supported_cards_and_currencies,supported_cards_and_currencies,True,0.3789999973378144,False
139,fac05eb6cda39345fab71d16dbfe7f6968b7a9b82d876532543de1e7ac097047,card_payment_wrong_exchange_rate,card_payment_wrong_exchange_rate,True,0.3801000057137571,False
3050,d75e006cd9dd758811a04e74e55eb9a5bcac80c26cd2bfbeb8bd7fcf8020070c,country_support,country_support,True,0.37770000199088827,False
2564,acbe43972b6d92553dd6358b5b5667bc5565630eb6aff7d2c67a53bbd886c020,wrong_exchange_rate_for_cash_withdrawal,wrong_exchange_rate_for_cash_withdrawal,True,0.4236000022501685,False
769,1d6eaa4c2e0195a65a09ba26139d84fdc33d1e2734a2add25244f7a28ed92db8,wrong_amount_of_cash_received,wrong_amount_of_cash_received,True,0.9341000040876679,False
2793,ad80401a24552527353a7e4ee00652f8a4faf6a39e3d5fc34609553cb2b5713a,exchange_charge,exchange_charge,True,0.35880000359611586,False
353,bfcbb35700e3d480808a5f648c36995fd3f6fe7cfba2d66b60c028c236540b15,automatic_top_up,automatic_top_up,True,0.3392999933566898,False
2571,6ff3f35b8b0802cf487159ca925f241285b61adc58fda95702116dc200c0b259,wrong_exchange_rate_for_cash_withdrawal,cash_withdrawal_charge,False,0.26149999757763,False
393,b5a8acb60e6bab7b485449a82dcd66cf7338e942251f52353383de72f84c061a,card_not_working,declined_card_payment,False,0.5193999968469143,False
1591,6c47bb1e93512e87a0c3c82181030dc2d6dd09f822d5408db2bd6e8ff494f52d,declined_cash_withdrawal,declined_cash_withdrawal,True,0.3041000018129125,False
1315,ae98a3438736d547bc460491242c28124cd57fdfe6c7e163af452bfbe9f1c43b,visa_or_mastercard,supported_cards_and_currencies,False,0.21600000036414713,False
2078,486dcbfbf5a42c701d2d8b332df6fb57f0c19c3925ce97f4feddb364b0328d6b,transfer_timing,transfer_timing,True,0.2998000054503791,False
788,772f39c3ca0d6d164ef224ef0273bf087051d6c45d36a86ed7c4a1b602b06a00,wrong_amount_of_cash_received,wrong_amount_of_cash_received,True,0.32160000409930944,False
2440,d6b78320dd0878eb91b090892376417795361756716c4061a1b936d87f4a86b1,top_up_by_cash_or_cheque,top_up_by_cash_or_cheque,True,0.2334000018890947,True
830,6a2bb833a75f7d3cf79cec29fa87d10775ce10cb2f4321a8560768e3343d9b0d,card_payment_fee_charged,card_payment_fee_charged,True,0.20349999977042899,False
2284,7d9ceccb6f27554a7049b4032091e549dd789a69b9ce27d20f3b98b9927c4ad6,failed_transfer,failed_transfer,True,0.23180000425782055,False
1225,7611b34c3c8b91bad8a574f53b83c56853ff35b468baf2090444f06a1eef59d7,unable_to_verify_identity,verify_my_identity,False,0.27179999597137794,False
1155,f85a0f0fe2e7e5febd7190a2c90cab4eafc123c6799a374dcb86a697a7678be0,edit_personal_details,edit_personal_details,True,0.4594999991240911,False
2529,46c38aad7457fdcfe1eacce466d3dc5c178e1787220ab69adb30069741c992cd,virtual_card_not_working,virtual_card_not_working,True,0.25749999622348696,False
515,b0fe6da3153cb777f24c65a2f51ebe7298f3ee08281706c5357d4bcc54023d02,age_limit,age_limit,True,0.3496999997878447,False
752,1875dbe9b70304ff32a6794c49a82f6eff02f27f6028f51d81840df9cadab6d8,top_up_limits,top_up_limits,True,0.35519999801181257,False
1422,971b87857631feef44a5da25294f90874bd0ddab7b59cf47aad9dfc79c9c93c2,compromised_card,cash_withdrawal_not_recognised,False,0.20209999638609588,False
630,ee88252ff10e34bbc1932dd6115fc2c7e0eae61a67d94ee9c4f60f717f705c47,top_up_by_bank_transfer_charge,transfer_into_account,False,0.3074999985983595,False
1291,c799ed1f1e5a44c4a1e292124467220f19c2c70b1cd24c8b5f004e17081421c5,visa_or_mastercard,visa_or_mastercard,True,0.22989999706624076,False
1567,c300b6b3dfdbd139bc02cad223d147b086e277d6dc598ac4764562faefe9225d,declined_cash_withdrawal,declined_cash_withdrawal,True,0.3178000042680651,False
806,cafd5c455401e0476d27eb01ded645e132f85cf1047d527c8fc7a1c7275c4f97,card_payment_fee_charged,card_payment_fee_charged,True,0.2527999968151562,False
2651,375f5a45aeb0b19178c61c160e42deebec581bf828e5e480cd704e90de873fdc,top_up_failed,top_up_failed,True,0.2334000018890947,True
2469,2447dd2e54e975f6d5ef24683d86d949045909394d26e1bc4d6ae0a798668434,top_up_by_cash_or_cheque,apple_pay_or_google_pay,False,0.27579999732552096,False
29,d1161f7f5909fbb80f2ff1cdd793e1c3db76afa5b9061a450994589254674228,card_arrival,card_arrival,True,0.27319999935571104,False
2970,899977a96123c18d3e4fb9d19c812d140188062831edc7ac3c8e6d1189fafc83,apple_pay_or_google_pay,apple_pay_or_google_pay,True,0.2741000062087551,False
994,0e8adb408404d6615f159c2acf14c5c6398f0f3134276c193a9cdfcea873912a,card_acceptance,activate_my_card,False,0.1950999940163456,False
2662,35803ae4c572b1c44d2b60d952126727312ac1f37d09c5824b35331e69d1a46a,top_up_failed,top_up_failed,True,0.2749999985098839,False
2191,ec3a9b78e82f4ab37976f155eccac087748a538627b9e8edd46fc85dfa9f1e6d,beneficiary_not_allowed,beneficiary_not_allowed,True,0.4307000053813681,False
2372,08f6cc7df45396d40a33f9be63364f13b6c006a458e5e125719fca740a8c2347,verify_top_up,verify_top_up,True,0.27319999935571104,False
2733,adee890a1ca6d8dd55ebe4a8d0984d2b457baef389787948690f1ed1adbd6850,cash_withdrawal_not_recognised,cash_withdrawal_not_recognised,True,0.29889999859733507,False
1136,90bae9a963ca36f5ed89844718a3a16eae529051143bb9adc426a7b1df883cf6,edit_personal_details,edit_personal_details,True,0.24769999436102808,False
360,d1fb17a51a9c44d9fec9524168c78989c206841ac1935b94d7eca8218adbe62f,card_not_working,declined_transfer,False,0.4104999970877543,False
2647,3a553475809858c8eb2fbb63cabd98ee22214f4b620fba56f004155b8eefdf3a,top_up_failed,top_up_failed,True,0.32079999800771475,False
1577,477cbb8339f45cd2c55d7699bbb9f5f48f276668e9df22f854360c97af570d28,declined_cash_withdrawal,declined_cash_withdrawal,True,0.42920000123558566,False
165,5e9914037885236c6709ca73d9354fa17d7a8e7afb374be7e75fc2a3a4db1267,extra_charge_on_statement,extra_charge_on_statement,True,0.35629999911179766,False
2526,4221bf2fb04bd270b0b8eed20650748dc6e04fbb2bc251bce680d52eaf8351c1,virtual_card_not_working,pending_card_payment,False,0.451300002168864,False
1669,02925cb19a29a37a2ef163d8181f78580ef5a355d851ed8346be1bcd8bbd36a9,lost_or_stolen_phone,lost_or_stolen_phone,True,0.3952000042772852,False
1463,77079075e29fb3205f576da71c943e5c9d05847c11ce91f883b066b32a53d214,atm_support,atm_support,True,0.5135999963385984,False
1334,cb6d0341cf72f1fe7039593913183a419fb26e80297976abeeeb36f00217c885,topping_up_by_card,top_up_reverted,False,0.5391999948187731,False
1379,d3f46cbae129866c3a92c296ed6869b09f4039f4aaa164fc9ded9339f2d1f4c0,disposable_card_limits,disposable_card_limits,True,0.29099999665049836,False
2562,55978e69f61ef2307dcef21bc93f5b480afaf508cbf661a797197de2f9ca0392,wrong_exchange_rate_for_cash_withdrawal,wrong_exchange_rate_for_cash_withdrawal,True,0.7857999953557737,False
2281,72957983a9360198cc1d1c5839865fdbe555491d1bd83439a3aa4698d0be4737,failed_transfer,failed_transfer,True,0.759399998059962,False
305,9910cdac8de1d22ff6d883212160beb25675d6e4c3ede329fed007d785f674b7,card_delivery_estimate,card_about_to_expire,False,0.3008999992744066,False
2134,bdc37a50c974578fc53846168f7b8d571b033a1625f1b24bb7ef11f93bc8a140,change_pin,change_pin,True,0.24990000383695588,False
2277,3dbf5f12dc872d469458f03a53e9d3aec6eeb6109572cde32f93e16e21b8b07f,receiving_money,receiving_money,True,0.6653000018559396,False
2919,34174d8923af969b5826f1b291e9fc8b0f59c2072fa40bc82ea5009c101ab2b5,cash_withdrawal_charge,cash_withdrawal_charge,True,0.4442999997991137,False
2402,12784fb96b7871fbf89aecb1bba38f67b4dd081d7e84527579ad5189f850b40d,getting_spare_card,getting_spare_card,True,0.3130999975837767,False
279,afd25d7a458ff4601d3df4b27beb5a9d62b0dd1269f700ee76444cfe65de25ca,fiat_currency_support,supported_cards_and_currencies,False,0.4377000004751608,False
2306,504989b0cc208d215e6b762e1b0fc2893cf9874eafd7469602683f40bbb2edd9,failed_transfer,failed_transfer,True,1.073399995220825,False
675,6207a2e71ffc338bb6078f3a3cc04c31a031848e41336ab43f2e5135d31eb756,pending_top_up,pending_top_up,True,0.2734000008786097,False
2761,3234299212596d71b076efb87981de2b7a4bbb40443aeb923986ceee61e9e679,exchange_charge,exchange_rate,False,0.19949999841628596,False
1777,65dbe0a380e9388169beef966f17a0b41293920ade71a54b9f0bdfc2e5504368,Refund_not_showing_up,Refund_not_showing_up,True,0.31709999893791974,False
1976,5815872837fdd3c2ae85a8fb4a17e82d89babc1470dc6c6197bbb24b290f908f,transaction_charged_twice,transaction_charged_twice,True,0.34100000630132854,False
2704,cb91c7d20c620d53decf72ce74c7b8c70f5ff0019a6cb5253950ebddd082f7df,balance_not_updated_after_bank_transfer,balance_not_updated_after_bank_transfer,True,0.3234000032534823,False
1125,a4b9048ec4871bf94581e81f78b20ad0854f86e39f76bcaf7e15a94cd0905455,edit_personal_details,edit_personal_details,True,0.1816000003600493,False
2031,1eaebfbab0feb3c7dca790f26c8c86593119d242a1c9b0a7e00b9658c0724ea6,verify_source_of_funds,verify_source_of_funds,True,0.3178000042680651,False
974,6e1d08f8a45221cae1c77e794a987e52e67d51f3f8d7340e2191dcee5a0e63e5,card_acceptance,supported_cards_and_currencies,False,0.28000000020256266,False
2983,27408b49a7c969a6eab6116f017599cc5d5ef3ae1433d4532e5193af78a1726b,apple_pay_or_google_pay,apple_pay_or_google_pay,True,0.38139999378472567,False
1892,4f46f6a754a2618c778cd533a18b3356b74d2d22155f7437256bd61e723eb118,terminate_account,terminate_account,True,0.24739999935263768,False
1012,66a1113494a8ca93923e428537641b640f898c403efbea25caff6cfc98cf815e,top_up_reverted,top_up_reverted,True,0.3074000051128678,False
166,30e082d2496b27ee41ab7c7135a58c242f6a1415a571cfef5e01918d765f6379,extra_charge_on_statement,extra_charge_on_statement,True,0.3049000006285496,False
1338,d2137e7c3aa6957cdc16fc6fb37cc1460a84e30e27a0f62c4ded62c9dfecc0cb,topping_up_by_card,balance_not_updated_after_cheque_or_cash_deposit,False,0.4322000022511929,False
546,7f1ceefd6830562ccb050ec5b3750ad30ce1e3b8db15c7d452912c28143c75e5,pin_blocked,pin_blocked,True,0.4620000036084093,False
1575,be8f5f05636238591a2ac5ecd0a11417818295b7d57015e5d789c8d02471a1b9,declined_cash_withdrawal,declined_cash_withdrawal,True,0.38189999759197235,False
2332,aca484552ff7ff25c4a403efc0132b11eec33e8097cb4a7645ca5cbdd7def837,transfer_into_account,transfer_into_account,True,0.3569999971659854,False
1325,b8bfb13ca840704402a4f6186468dd9b1b0cd1c7693991b61b18333341033d24,topping_up_by_card,topping_up_by_card,True,0.22190000163391232,False
2429,39456c4aba8af384b8892d03105ea92c229331ef8e8cd39d2a351481daeadd08,getting_spare_card,getting_spare_card,True,0.2598999999463558,False
1569,15b897e465c7249ed0a8075817d1fcbf8e0aea8ccfc4103b04f875103563fd70,declined_cash_withdrawal,declined_cash_withdrawal,True,0.6629999988945201,False
3019,5567d71fb6f534f6bcc83636ab7db973abea027783a6e0b06e07858921851084,verify_my_identity,verify_my_identity,True,0.27319999935571104,False
742,4b04e1100c935ca3f8019d05a41ec360de9facdf00ac72207a68b2579b053e74,top_up_limits,top_up_limits,True,0.2520000052754767,True
1098,a211785e12c5fbed5b6ae8a12373ee962428163a61dd878669ac3cae7e5af555,card_payment_not_recognised,card_payment_not_recognised,True,0.24470000062137842,False
363,192d52159bbfb1b3d839798c4d803a9378821926faf388f61b152ca487c61901,card_not_working,card_not_working,True,0.3159000043524429,False
2749,745d6260d09d7f650815bfc6b58ecf6f1fe58493f74e8d41b2375b3e2ce19d24,cash_withdrawal_not_recognised,direct_debit_payment_not_recognised,False,0.35740000021178275,False
2235,ae6183ae6f6c50f46845afffdb458200782040841f66424dce5e1a70889be707,transfer_fee_charged,transfer_fee_charged,True,0.3228999994462356,False
3000,b82f1e488262576b9f7361110ad91636d7a527245629b0a9dee4299487f7755d,verify_my_identity,why_verify_identity,False,0.279499996395316,False
1626,4ab7d3bfd1c61db443e50b5537251bfb78f91dca4eecdc4feed9936455d139bf,pending_card_payment,transaction_charged_twice,False,0.7260999991558492,False
1883,339c0824d69bcc2ae71e91d5ba75e85d2fdfab24a41c325931d360cc73964aad,terminate_account,terminate_account,True,0.5457000006572343,False
2696,8259b000c8c1f0223f3339fff493a083c1a3c1c034c57f99ef2053eac3db35db,balance_not_updated_after_bank_transfer,balance_not_updated_after_bank_transfer,True,0.9047000057762489,False
2456,ab0d30d50607808a32f47066a6b14cac584be2f0514318b931845fa6db3bad3e,top_up_by_cash_or_cheque,top_up_by_cash_or_cheque,True,0.29579999682027847,False
1486,2f63706e51959dcccef9de29c5ace5df76ab0f0ddca9baee40b4e557a350509b,direct_debit_payment_not_recognised,cash_withdrawal_not_recognised,False,0.17899999511428177,False
406,5c21a1e13346b21dbc6898c3ee3bfaba60df90a263a62a9c89334978015baa54,exchange_via_app,fiat_currency_support,False,0.18450000061420724,False
2612,97ced54e1538668dfef4d27abd18ce099b3846352433fbec941399dad993b756,get_disposable_virtual_card,get_disposable_virtual_card,True,0.49030000081984326,False
2455,367eb6c15b98347ec7f6da89acdb832dac4a289601705cce605dd1b0312eec30,top_up_by_cash_or_cheque,top_up_by_cash_or_cheque,True,0.2769999991869554,False
1670,e668f03b7c9e549d6af1ec65a56d136f623ac1294dd5036f85b9c2ae53103b11,lost_or_stolen_phone,lost_or_stolen_phone,True,0.49510000098962337,False
599,91ff3d00471cd83d2fceb37ce22a6cf0ccb17f49bbe22ba522eb9dc95982a525,contactless_not_working,card_payment_not_recognised,False,0.19700000120792538,False
2144,7af6a69165c3d41df72d7c25b09e92f7f7ef1cab5137001bb5fe1035f03f27ad,change_pin,change_pin,True,0.22190000163391232,False
2605,329012668a2ee88f105a9ae90b5ad37acb242c58eb6bac3948fdf650ec6072fb,get_disposable_virtual_card,get_disposable_virtual_card,True,0.22840000019641593,False
780,63348c15fbf7c35a3dcd2bc266b18b736830f12f5f2b66609c77ae0713c1b98a,wrong_amount_of_cash_received,wrong_amount_of_cash_received,True,0.35149999894201756,False
2335,7a6560861dc2fb5a61245727c912a0a6a9df16e887dd09b95aa61a59fd8d08cc,transfer_into_account,transfer_into_account,True,0.7076999972923659,False
2317,bd294ac212169a5a65e1bfbfd9b2229b7833d28facfbc9707ab4c36ba577dbe6,failed_transfer,failed_transfer,True,1.7751999985193834,False
991,9f01afa06b388193508b829c0639f23fbd20be85a31fe36a76f79a72b723c6aa,card_acceptance,card_payment_not_recognised,False,0.3561000048648566,False
2804,93936bfe14425a9c988076ce237d029e0fe925a4de26a82818817a57b9edc885,top_up_by_card_charge,top_up_by_card_charge,True,0.32780000037746504,False
3046,f05d3205764d365e339f1c755404f877c22e3e1b3674bed8198fa993b8eedf84,country_support,country_support,True,0.3522000042721629,False
1043,a6b7c07a33f1460b741df18f4e9a9efaf880022cd254e751be299843e6490dd6,balance_not_updated_after_cheque_or_cash_deposit,balance_not_updated_after_cheque_or_cash_deposit,True,0.6162999998196028,False
1695,8ea40eea1b287493c2fe7dea929709596c3220e3ec5102d85351fe1a904f772b,request_refund,request_refund,True,0.6936999998288229,False
1189,a44ed48941dd194145a64d41e204fd080e63366d0769d5bd90896899cf660091,why_verify_identity,why_verify_identity,True,0.2860999957192689,False
2073,fa268eeba58e01ee89db58bd8e027ef719eb5a3de9da67751d5936bb742577ab,transfer_timing,balance_not_updated_after_bank_transfer,False,0.40189999708672985,False
1812,6615ebbc4d5b935567451c2f579d4c2bf03f90656fa4cafbd8036ea5e796b697,declined_card_payment,declined_card_payment,True,0.46079999447101727,False
2624,3dabd010751c8fa51ef61be61a7747e1b6e1fcdb55c95e299480764d926c03d0,get_disposable_virtual_card,get_disposable_virtual_card,True,0.25550000282237306,False
529,bfbf1df0cb53d9d33cc67ed35ea45f3bbe15fb17d6c0ff9b5ac092ee1803cd76,pin_blocked,pin_blocked,True,0.38640000275336206,False
1840,20d18de65e5aabcf391e4b7df85422eed5f7fc64e6b06e5da571bd315d886f09,pending_transfer,pending_transfer,True,0.2527999968151562,False
3036,e97a5c4d956964937134f187e9a8fc0597038bca0ca06adb097799ecf23ce70f,verify_my_identity,verify_my_identity,True,0.3108000018983148,False
2838,791854c027fccbd9b15b9b16c498d4592e35234ada0401df2d213a44794e2ea9,top_up_by_card_charge,top_up_by_card_charge,True,0.254700004006736,False
2062,d646b24e6de8455af945f24d56bac4252e0326a075c325e06880d1b16c244d5c,transfer_timing,transfer_timing,True,0.3513999981805682,False
1523,b91c9721ae7177f76dd0b9177ecdafedf9f95d57f552f9f319c0b1eb89e634a2,passcode_forgotten,card_not_working,False,0.2795999971567653,False
1943,2bfc8029881247165e8b815aac43a8fc43e0160c6138ec87cc44b7531eaaa496,card_swallowed,declined_cash_withdrawal,False,0.2992000008816831,False
3001,7f0eb19a4329cfc77f6a594d842adadc587c7f0e5302199dbbb6258cba7a5f27,verify_my_identity,verify_my_identity,True,0.3677000058814883,False
1993,ab62d5d2b84b1cafd004b88a8a5ef73e899887a78e1e9ae03e363e1aa65e93aa,transaction_charged_twice,transaction_charged_twice,True,1.1403000025893562,False
2204,c8d3eee18d4d496538e2d0fc83ab1f6cb42a87455b5fe4d64d6489fd0d66a1cc,transfer_fee_charged,cancel_transfer,False,0.3104999996139668,False
2855,c126cb9e57574d7a80c876927b5debc456bdbcd50abc3aaf9a9d1fbfd5246c43,activate_my_card,activate_my_card,True,0.2660000027390197,False
2928,1aab4f03ce73c8468637cf0e737082351d0ae37bb27f72c2b02f4ac91238b22e,card_about_to_expire,card_about_to_expire,True,0.4726000042865053,False
270,af8ff7a7cbe56567e95a6d64e6400eb9d111760e90b91e2cdf4f4b6a4202ceab,fiat_currency_support,fiat_currency_support,True,0.5051999978604726,False
538,5c7d4b19b0b5086fd71a78ba9a0bf5f8e6ec6d7e0e8ccbc46aa5f81561f16036,pin_blocked,card_linking,False,0.44830000115325674,False
466,edbc840b55cf755c0d8a509de0e23bec7f3e94787001cc9c13dab4ef55a36cd7,lost_or_stolen_card,lost_or_stolen_phone,False,0.30929999775253236,False
184,460cd51f9c05aa646e65132b4849743f2ad238dd7800019fc19957c1ea73c9f6,extra_charge_on_statement,card_payment_wrong_exchange_rate,False,0.3263000035076402,False
671,4e255228fa3544bbd8b06ab3a539c9296884430903094b5b601a2ecd1677a378,pending_top_up,top_up_failed,False,0.31070000113686547,False
1114,57bde949679de09b4a522b1fdbdb5247f16556d6eef2a73f156541bbb7627279,card_payment_not_recognised,card_payment_fee_charged,False,0.4906000031041913,False
1478,d1143299d4e65e76489d77b01084b2dba2c0862af5dbf348705d8a089eec6e6f,atm_support,cash_withdrawal_not_recognised,False,0.3001000004587695,False
2878,4967770c9c65dcc7fb874c83aa477717e6f3122233e78ca408eadac275e6bc38,activate_my_card,activate_my_card,True,0.2958000040962361,False
2667,ef76cce8e0bd77fdae9ed328a62f090b388ce4dd1d8de795bdc130b2484ddd5c,top_up_failed,top_up_failed,True,0.30169999809004366,False
2638,1172d36cf67922dde9cb8225869289638c57103d3363a215cf4ee41c567ea01b,get_disposable_virtual_card,disposable_card_limits,False,0.18360000103712082,False
374,37c22233fb457019a6d7e216bee2d90d3b04082fc23ef6f2b3f34266c48e57e2,card_not_working,card_not_working,True,0.21829999604960904,False
574,5349dc60705b5883cb119f8a1c9939d24fdae4b25398e47d1f81a0aa87dea6df,contactless_not_working,top_up_by_cash_or_cheque,False,0.35509999725036323,False
2791,fa9550e39155dd51e64f27e1fcf690dae2d353ef08ea1797776dc539e4930289,exchange_charge,exchange_charge,True,0.37629999860655516,False
710,915266008761d16c40220c9f247c38756fd2acbae3f9d9ec5e4308a164320034,cancel_transfer,cancel_transfer,True,0.22539999918080866,False
531,7e91ebcbccdbb920764e6232149d4d1f0510aaff164295494c429224e80e00d1,pin_blocked,pin_blocked,True,0.40139999327948317,False
2810,614b085ded08f211d691cf3c3b566c19731c300bdb32580a34d36550c4897b25,top_up_by_card_charge,card_payment_fee_charged,False,0.35059999936493114,False
1276,2a62dd20d040ccc51efc1f4c05339d491f371d81ed743fdeedb9bb57977d2704,get_physical_card,get_physical_card,True,0.35319999733474106,False
1731,48de241dc0c3b211b541357622e3502b766c8468bf0cf4f5a50ca19e27fe386b,declined_transfer,declined_transfer,True,1.7196000044350512,False
3049,56de3bbad8b42b9778acd794ab5c021229a9f269d42dae127012454bfc9153b8,country_support,country_support,True,0.9235999968950637,False
1261,188e8c41c5cbee19503cda8748368d84038f2d0e8fd4ba407acc2d018e39c80f,get_physical_card,get_physical_card,True,0.669400003971532,False
3062,5d4d06c2c82bc7435fe1c4059c8e8f11b719710fc306c7e7b4ca90e16dd1733f,country_support,country_support,True,0.5298000032780692,False
2856,7c45768b448e515a1c29fd9cd2f8b991711c87c48540923bb73559cd4fa32320,activate_my_card,activate_my_card,True,0.43590000132098794,False
1115,bd408f6f9a8f88cdcbf2bf2a6000b533b95192783759c5524038ff9f476508cc,card_payment_not_recognised,card_payment_not_recognised,True,0.6817999965278432,False
1239,fe0a9c62645489f07640091114cb658806a9c7f04eb3122d9c4bf2fc09a77820,unable_to_verify_identity,unable_to_verify_identity,True,0.6235999971977435,False
841,35680eb9ff65e9445066a0b064abdf9bd4314d27a48e5e435ab547b7385e1590,transfer_not_received_by_recipient,transfer_not_received_by_recipient,True,0.2553999947849661,False
2019,11698d56972b6f0cb453cd31b69964370cf8cfc868210b1d4e2d29e042cd0f8d,verify_source_of_funds,verify_source_of_funds,True,0.258400003076531,False
2407,a99aa3a31e5637bba05884e18b96533ef42258be2f7cc6bf1da79ea4feec0a4d,getting_spare_card,transaction_charged_twice,False,0.30870000045979396,False
1803,6917d69414b14d0f074bd290074435bf45bab89c903aa4d941b73a1acef464bd,declined_card_payment,declined_card_payment,True,0.5826999986311421,False
1658,c20440e30ec60965b5cb633a9ace9875bff82923f6a0e3f92eefb276ef978582,lost_or_stolen_phone,lost_or_stolen_phone,True,0.337799996486865,False
946,3e29500d78624803ea92ac4ab66686fa6e1d7063e8e6fba3307453835073499d,getting_virtual_card,getting_virtual_card,True,0.2592999953776598,False
1448,9ca263d566ba840b7153d4836f1079487f97eb2cc2d117831452f2053eaf46ef,atm_support,atm_support,True,0.33519999851705506,False
2244,dfdb18fe87b267a414e9bd32e48f7a20301d4090f9a0b897f1b885709e83845e,receiving_money,receiving_money,True,0.22870000248076394,False
1423,214b00f491b8a49c70aed1d58b30c17117066d7d903057fb5d73fcf525860971,compromised_card,compromised_card,True,0.4278999986127019,False
3070,5946146bf779fd412a5a727146d2f1050d88a50a9744d4e67a5098a12b565fbb,country_support,country_support,True,0.37590000283671543,True
335,1b9b96ea0c459e5c04e987e1a37a18b8f199ebaad61a77651a7ae8db3cf64862,automatic_top_up,top_up_failed,False,0.30250000418163836,False
2123,0c594a8377fdcd066b32dff5c1068697a6986757f6e7ed8fe6df432518934c37,change_pin,change_pin,True,0.3728000010596588,False
322,d8544c832c3e19460cf0c908750bb44372f9214e493e765d095ce57380066449,automatic_top_up,automatic_top_up,True,0.5920999974478036,False
364,73c1329411e4f800503e894b8510d8c759bf4f2bba968090aeb1e4c2f1f2718b,card_not_working,card_not_working,True,0.15040000289445743,False
311,4e0c830bff995d2ac91c1ed7e28dc35bc4d34b6bd5a025105bd9ddc039e0217a,card_delivery_estimate,card_about_to_expire,False,0.29859999631298706,False
591,c6b393f69cdded0cd52bb3aa61c93988340da08ca3d30f708905850f28adef69,contactless_not_working,beneficiary_not_allowed,False,0.24149999808287248,False
681,fc70150f630819d412ea0a8bc3dd9a29a36ec7788f15c6c1f05601507d7b52dd,cancel_transfer,request_refund,False,0.1940000001923181,False
2120,c28652dbd29c4a711b8b50412cc96c3df3444e2611161be43f38cd578644205b,change_pin,change_pin,True,0.3921000025002286,False
1712,8b1bc605dfe9f7a479c79fb584e8b60196e7c3f1310fba5747573f883fbe1256,request_refund,request_refund,True,0.8604999966337346,False
1122,265c50abae5f4d4a3b17cdf08152c7a96a4fb262437a51b9a7b760317bbb8ddf,edit_personal_details,edit_personal_details,True,0.22219999664230272,False
1257,36db5691b749e90a30b08fcfb4a55f174c5d37b0a262e3f60d5c90faf80f46ab,get_physical_card,get_physical_card,True,0.24789999588392675,False
1208,13aeb02f4e18ca29004f5921e2b1d9b5e726f25e28faeab6fd7dc46aa476bacc,unable_to_verify_identity,card_payment_not_recognised,False,0.20290000247769058,False
2966,1d0f967cc3969a789bbb21f27543f92e4147f100aca866e6894326b4f12827ab,apple_pay_or_google_pay,apple_pay_or_google_pay,True,0.3173000004608184,False
723,4834de92981ddbfdb2fa94e82595da264bde0eb459b8b904c97daf9b8e0b6300,top_up_limits,top_up_limits,True,0.24739999935263768,False
1127,c825e1dbae3903fc472c3dcc66e3a9d3a4935c351b4fbc2d5e377b578f9853f1,edit_personal_details,edit_personal_details,True,0.25289999757660553,False
1614,3bbec7a2bb13114ffb603514f6c55c4f17c2ea9c3cc3f360638e12a3bc716984,pending_card_payment,pending_card_payment,True,0.29630000062752515,False
1802,21d45c117334d2465fec2b43d3d4b0e70534b107109f42f009f79f36265cbe83,declined_card_payment,declined_card_payment,True,0.229199999012053,False
72,7cca41c7bfd938cb8ee53d7cca9ff525604faa565b367065c216bbd70786a0ae,card_linking,card_linking,True,0.2523000002838671,False
1519,528fe863c623da5882a81de37f112e9754758b300232d10c0ef4cca9e1c380f0,direct_debit_payment_not_recognised,direct_debit_payment_not_recognised,True,0.4532999955699779,False
1355,3472631981fddc355b3bb28595a9c45ccb0d16be8146c5aa14a09549ca7a4730,topping_up_by_card,topping_up_by_card,True,0.30020000122021884,False
1263,fc1594a14dac622a09f079c5a18b128523c44098b3e93e1616cd5656c03a733a,get_physical_card,pin_blocked,False,0.2556999970693141,False
1194,9df285580e9e1114414ee485a46715b43fecc298dcd869384409a2defc32c79b,why_verify_identity,why_verify_identity,True,0.38530000165337697,False
1932,9213ebe467ffe0d0bce96ad379ee2ba733aabf25f7b948de39d78492f7443b96,card_swallowed,card_swallowed,True,0.24750000011408702,False
2109,a2b73f150c50f91aa196ce5bd7766219a3ab04c274d3f998e319bf70c2c45963,reverted_card_payment?,reverted_card_payment?,True,0.34550000418676063,False
99,42aa9297d67807d0513a42cb01623bde7db31de6e6942b678b13cd9be9bd9896,exchange_rate,exchange_rate,True,0.45849999878555536,False
1318,a774146b1750b435e96272e29b5cd72565dee60914ace3fb94ac74a1b08c3f12,visa_or_mastercard,visa_or_mastercard,True,0.563900000997819,False
612,aab6f289d9bbc5dc86a5523b211d34aa12c3fa2563d76788e194490f91dcb44d,top_up_by_bank_transfer_charge,top_up_by_bank_transfer_charge,True,0.6624999950872734,False
2964,af4ac4358dcfd3701543a3241520740646264130251142e078ec466455ddc790,apple_pay_or_google_pay,apple_pay_or_google_pay,True,0.6030000004102476,False
1293,0d752fbcced5fdf037024e10900c71419c599a63c8cba1a0869d10736cbef886,visa_or_mastercard,visa_or_mastercard,True,0.46070000098552555,False
225,31dd109fd274444126dc6d4d6ef4f081a838b4abed1c5d5d547835611d2cec97,pending_cash_withdrawal,pending_cash_withdrawal,True,0.4178000017418526,False
1017,a18a17bc86e03239fbb94ac56def962527cbf8c053a674b09bea48469f2cb984,top_up_reverted,top_up_reverted,True,0.854600002639927,False
1620,c10c5cb5f6db48781801553152956d4bc045f6ff7399370e27d404b558163548,pending_card_payment,pending_card_payment,True,0.3618000046117231,False
333,fbdb6a110352a75ad61c68a2527e19099833432866989916e9d6e523b8e5bd5e,automatic_top_up,automatic_top_up,True,0.189200000022538,False
1332,847f57fcd0ad7a20b5ab0aaffb1d64a8c213122a2fda7faeb2e66b1f267ee2b0,topping_up_by_card,automatic_top_up,False,0.1962000023922883,False
793,4d4a2f0ad787a57d1e6fe016fae7222950c979c147352c0199a6c6eb331823f0,wrong_amount_of_cash_received,wrong_amount_of_cash_received,True,0.31940000189933926,False
702,02957c49d9dc74874db52cbc3279d8690a0348ecdc783b83a5332f11e276a038,cancel_transfer,cancel_transfer,True,0.25800000003073364,False
3031,3b5abb0b4be5957f07b3cfde5e771bf7934132d59478704f752820d59e044ba0,verify_my_identity,why_verify_identity,False,0.3167999966535717,False
2708,883e624996158c9e6d2df02f6ea7db7981f589149b9aee3c07fce31859c26d41,balance_not_updated_after_bank_transfer,transfer_timing,False,0.3256999989389442,False
1349,109e500bbeab07855a1841de362a4c2d0ae5c1e5f240bdde58fe2bfab15de91f,topping_up_by_card,topping_up_by_card,True,0.28020000172546133,False
726,1dadaa096d3d9b9dc1b3e31859bbdce18f753ec21a21c8ddd7dd6a77dea33c36,top_up_limits,top_up_limits,True,0.21559999731834978,False
1101,4caab28407b8d9c9923c0bae145b4397f7802da045164ca5aac5fad14a144d97,card_payment_not_recognised,card_payment_not_recognised,True,0.28359999851090834,False
1214,825a9cb0eb091d04787d9de76f6ebcf6bb35cd90be6153a05dfba7fdbcbbec6a,unable_to_verify_identity,unable_to_verify_identity,True,0.2674999996088445,False
1912,720296b4c7b330180ee2eddc9b9db1627fa9d370e0e2ee98ca9c34db5f8dc132,terminate_account,terminate_account,True,0.25269999605370685,False
953,98c1274f5650e830045971ef56528171c057a41ad0f1fb92cab2f193132ecfe2,getting_virtual_card,disposable_card_limits,False,0.23359999613603577,False
2264,72433055be79c5b34c0b57f6ea6216c026d102ed80ce3cab8dccf85106edd3b7,receiving_money,receiving_money,True,0.2710999979171902,False
1054,0a466304c8659ed6fbe88005f88413d188817385fe21d6442fb4dd06a2650314,balance_not_updated_after_cheque_or_cash_deposit,balance_not_updated_after_cheque_or_cash_deposit,True,1.3866999943275005,False
2828,a00d1f38c86ab5c70ec43a96d65fbaad28d90aa10fa2e95510f16af79391a873,top_up_by_card_charge,top_up_by_card_charge,True,0.873700002557598,False
2006,0206b72f4bba98f7954762fae7f1c57b06da8dccd7c2b59c1a1377634f1a5e7a,verify_source_of_funds,verify_source_of_funds,True,0.43230000301264226,False
1836,90b36aa16e5a4a470b936273e7af72ead6bd9b8edbfbbf05abca04b9ed18d49f,declined_card_payment,declined_card_payment,True,0.1773000039975159,False
2355,0ad1b54318e9c7dab91c91e439b1df8ea47d0c6d0577d556becf8965f622353e,transfer_into_account,transfer_into_account,True,0.276700004178565,False
2421,94ffbc4cb095925cabb92888c489c59778d37560e3ab6a52fe40ebf671f9ded3,getting_spare_card,getting_spare_card,True,0.21330000163288787,False
1234,c7df1482accb0e78746a65565713f231b94a36059b0be0a5450216aa9cfdc0c0,unable_to_verify_identity,unable_to_verify_identity,True,0.3062000032514334,False
2156,e94c3635b603eb58c4296516f593d54884a60c8310d2a54697629f686cddde24,change_pin,change_pin,True,0.4012000063084997,False
1705,d57d86942a30a9328e134ad0ad7ff6aa304380f1566fb04bfcee98abec5eafa9,request_refund,request_refund,True,0.4447999963304028,False
1649,08e95b46ae843fc65e2e54876187236cfc28ad7e7cfe09b6ccd57d9f31a2a3d1,lost_or_stolen_phone,lost_or_stolen_phone,True,0.25440000172238797,False
2263,d3cfa9998f048a1f7c5de007029c581f7dd2fbebafdb9713b1ced7b5da28e06e,receiving_money,receiving_money,True,0.39290000131586567,False
951,e5477823761cd146341bfe1abfd4c1a467df3912a2dc9c2bba3eaf2c514bde67,getting_virtual_card,getting_virtual_card,True,0.2590000003692694,False
677,6db9b91f96d2439a97b2b3a040d2b70349a7d953035167e1e716fe7a8a0ce3e0,pending_top_up,pending_top_up,True,0.2351000002818182,True
1370,39f4b52109d4ef57af0b2bb52846994724d2cfa9c3bf0545a421e8757a6378ea,disposable_card_limits,disposable_card_limits,True,0.3667999990284443,False
2958,8eed510eb3915709b4b9bc0ef6e7e9bda0ca0b3b7fbc5ae8bc2f420110f6a5f8,card_about_to_expire,card_about_to_expire,True,0.4030999989481643,False
2985,86487795635fc4cc21f157cf1c5ca40216ebc8d3efd8394132202f424342b74e,apple_pay_or_google_pay,apple_pay_or_google_pay,True,0.27889999910257757,False
1844,9d4643bef8f119a225ecdbba67383ce4817de11fc493d9c4dcfe663b77f4be34,pending_transfer,pending_transfer,True,0.3357999958097935,False
2593,16006b0c0af73a595aa05d56b44451d29c7141582094beee968005f192800da9,wrong_exchange_rate_for_cash_withdrawal,wrong_exchange_rate_for_cash_withdrawal,True,0.3708000003825873,False
1474,8ac31ee32dd49c9477e817a888b7b2139813c7ff67eff4d874a3ee3c263b0a2a,atm_support,atm_support,True,0.36949999775970355,True
777,d5a7188992b383b15dd948fa681667962d702c96d58bfa56ccb5860bf058f5e4,wrong_amount_of_cash_received,wrong_amount_of_cash_received,True,1.3376999995671213,False
2675,2dffa01d1eed434ab7752b491a22a8a86a98114ba479aa40797a1d3ec0f78080,top_up_failed,top_up_failed,True,0.5114000014145859,False
2167,b73c06b5fc125ca9fc28696951d06a9d94b8184274bee90d7cee4c6d13572e93,beneficiary_not_allowed,beneficiary_not_allowed,True,0.6614000012632459,False
2832,8c912ffe730adc1651668048465e5eb2c6ede71bf1f44c90cc491a6a780965f8,top_up_by_card_charge,top_up_by_card_charge,True,0.40099999750964344,False
1197,5edccf16b7ab8ed4d3251539eab0ad38252ca226d66e4bc88802f07ede707642,why_verify_identity,why_verify_identity,True,0.2535999956307933,False
2190,fe1b32a54b6a54d79d8ccb3068e12636efa711945d1ed2b56bec088014416885,beneficiary_not_allowed,failed_transfer,False,0.3052000029128976,False
1580,e556975bac782878abb5a14fd17c59b83602edfe083f1e394def7e4efd119db4,declined_cash_withdrawal,declined_cash_withdrawal,True,0.2119999990100041,False
2686,3cfe4ed8f492df8451b0d781161f905d9ad534b65b1e6bb091e60736f8878be4,balance_not_updated_after_bank_transfer,balance_not_updated_after_bank_transfer,True,0.9486999988439493,False
533,2b7d41fd2be2f49e50f5872476a5319e48af1e7c2a5e95be8827cf7931d71182,pin_blocked,pin_blocked,True,0.3775000004679896,False
2632,5d4fa5e5303aa0a87146cf2864af75f7de5078c0b9e66ef66f086ead13cfa485,get_disposable_virtual_card,get_disposable_virtual_card,True,0.2782000010483898,False
965,b8dc6cc56a7e24af183dfb2decbb958ec84aefdf911a2affe72bbbf1cc7a2aad,card_acceptance,compromised_card,False,0.22729999909643084,False
2220,ab26aa8049ce8d6fc54bde93a4ed959c9a17c72111149c6a2096ebed06a35b16,transfer_fee_charged,transfer_fee_charged,True,0.3452000019024126,False
135,fbd2db7e89eddaf6e089355b4b383f1c872a631bc08d896007770a813958223a,card_payment_wrong_exchange_rate,card_payment_wrong_exchange_rate,True,0.42380000377306715,False
1329,42b6b915571a884780401b88edbe46e8f54959c1a4e7604b813fd47305e89ff3,topping_up_by_card,topping_up_by_card,True,0.2521999995224178,False
1024,863e9f97023f001f59494e2873e1b39db0e02660effa0b29b385344847131768,top_up_reverted,top_up_reverted,True,0.31409999792231247,False
665,fd9a1ec476bed42c824d9752e79fc39da4e16343aecfdb56da7c0a4ac47ca07b,pending_top_up,pending_top_up,True,0.8966999957920052,False
1815,6de9780dab438f552bba04256c43223be557e02547c195c124f379ccf544404b,declined_card_payment,declined_card_payment,True,0.8116000026348047,False
2492,48a176831a78f784210936e344446a5d3cd7d6573025e84d9e34f1a6fe911ef3,order_physical_card,order_physical_card,True,0.24919999850681052,False
253,55c69ad38e57af83b26adcb891e863a0ed9c50f5e1c462c3e6657476fe190df4,fiat_currency_support,fiat_currency_support,True,0.45220000174595043,False
2066,f4acd5b786cabe6639e99010e1515f540996e6b5bdeb6526c499693f6ed000e4,transfer_timing,transfer_timing,True,0.3409999990253709,False
1498,f8a101b52c1ecfc3cf66d5bf399bb57b201bd4f14a36332e10869f8591b323f3,direct_debit_payment_not_recognised,direct_debit_payment_not_recognised,True,0.7544999971287325,False
61,6efa63f59ba322a54df53a22be6bcb05cd33f0a57b40e275e5cea738bf65cf8c,card_linking,card_linking,True,0.4291000004741363,False
2998,d26cbb3bc26537d17e9328e5075cb2a56c337eeb362b58dacab88700b752758f,apple_pay_or_google_pay,apple_pay_or_google_pay,True,0.378400000045076,False
1016,34be6ee3089479f0a8462ca051c81e9efd4bfb05b8d51bc0b86afec903317a76,top_up_reverted,top_up_reverted,True,0.25409999943803996,False
757,b276bb5a39fafbff46648587971ec23909ec757024b4b9ec2c3d1c0e118cc60e,top_up_limits,top_up_failed,False,0.2932999996119179,False
884,305753dc12cc04c6d4125985e011bb52b775a09d278cfbcbf0a18a8b5386542a,supported_cards_and_currencies,supported_cards_and_currencies,True,0.2640000020619482,False
448,437f65d9c7c8c1087e1bc28f6c334d939340ef8d57e4593ef458c57eb7525545,lost_or_stolen_card,cash_withdrawal_not_recognised,False,0.2049000031547621,False
183,00fdc3edd57bb038334722c31ca91e04b1b3a19c6d5e5dce6f20e01e44b0ce21,extra_charge_on_statement,extra_charge_on_statement,True,0.22709999757353216,False
1869,018c28876f5e0a1b38b9b2411bbb236ff185033c9c0abbe171ee844f568c4afb,pending_transfer,pending_transfer,True,0.4228000034345314,False
935,6da44761b2f966f3cac6d6565a4eb9285cd08d2644815ca3dcb5019ea4a16753,getting_virtual_card,getting_virtual_card,True,0.2749999985098839,False
604,fbe470c8595d39eaabb52292989fd4a79a968b4b4940c6eaee270e100069c36e,top_up_by_bank_transfer_charge,top_up_by_bank_transfer_charge,True,0.22780000290367752,False
2484,085e6ffc695460786e822554f365b537d4c9b064671c748a5179aa41dcc6b153,order_physical_card,order_physical_card,True,0.17559999832883477,False
2086,4eea7900e691bd1086db183aa3db9d72e4ff13b3d20862d6cda5e5c040d4a018,reverted_card_payment?,reverted_card_payment?,True,0.2586999980849214,False
218,18cbe654d00233a5845164684da84184e04860d7265f3938acf8cabaf6f6f655,pending_cash_withdrawal,pending_cash_withdrawal,True,0.9789999967324547,False
283,606984c7123456f44b630992793e7c832e5cae7c3b58e680aadeed4de6c0492b,card_delivery_estimate,transfer_timing,False,0.2721999990171753,False
2538,d446520c00ac26440d84282e252d59b72ace7659f805d2a8c0beb8d352601c90,virtual_card_not_working,reverted_card_payment?,False,0.4845000003115274,False
2645,47c92dbdd8ab5a32cd67fec889f2c33290afee3cf4b70471d34c4e9bf7addac6,top_up_failed,top_up_failed,True,0.2719000040087849,False
2310,48e714b80597fc49d4291166b43f3ea7d36b094768447f1d4d7167a0ff77e25b,failed_transfer,failed_transfer,True,0.5906000005779788,False
1994,4f64f6e9116335670b265c07e034080bb3ba2c00ad776168f9abdde3dd437d0f,transaction_charged_twice,transaction_charged_twice,True,0.7402999981422909,False
2711,1ba5a8c634aadf3051d4339bace0fef5d50af8477c5ce7ad1a77739ae9355546,balance_not_updated_after_bank_transfer,pending_transfer,False,0.3804000007221475,False
1517,414fbb0c2bcca5c8a972c84cd0c9df8d74bb64b5802e85ca116cf86e66123789,direct_debit_payment_not_recognised,card_payment_fee_charged,False,0.4304000030970201,False
2583,341c556f71edc49f96ef057b0ab16cf92995995192bd6b1b3b3be4ef6a6e94b1,wrong_exchange_rate_for_cash_withdrawal,wrong_exchange_rate_for_cash_withdrawal,True,0.4436999952304177,False
501,e6ae3e58b3a41ecec61855a925df3628fa74214bd70198e4ac6411569a8e1819,age_limit,age_limit,True,0.3436999977566302,False
567,3722aabf83f207b0c4c638ec1f05b875eaaef33c7270e8eaa1a8a025bc4920a5,contactless_not_working,declined_card_payment,False,0.30929999775253236,False
2450,e093e6563cd8a5d99969f768c33c33a917aaa979957221ba8dff93d0d78e3028,top_up_by_cash_or_cheque,top_up_by_cash_or_cheque,True,0.29299999732756987,False
162,d264d13557b835b16ec08b3e4e97ce5c4cbc1a4732eb7ef0d8eb3d53b16d26e0,extra_charge_on_statement,extra_charge_on_statement,True,0.3304999991087243,False
2898,6b86258f7c3a149c2e76141173e751563c4da9dbf9538741ca36ed339bccc849,cash_withdrawal_charge,cash_withdrawal_charge,True,0.2538999979151413,False
2229,82bc41d2b53d699e4ed3886bfee9ef037912457fce43f41fb98af1b8368bc3f0,transfer_fee_charged,transfer_fee_charged,True,0.23970000620465726,False
947,49462a999077754cc734d87d4e7041a9d710b9145ef62dd608467134aa7f5f7d,getting_virtual_card,getting_virtual_card,True,0.27099999715574086,False
790,22d3ab098ca9574a4cb7b7a5b1c10de9c307ed8565c25178eca5836d09995f04,wrong_amount_of_cash_received,wrong_amount_of_cash_received,True,0.62929999694461,False
2197,a25954f3a7d7f04bb75ad6c491601fec7ba77cad64e4b6efaf823ea6df93910e,beneficiary_not_allowed,beneficiary_not_allowed,True,0.41340000461786985,False
1387,a637fdcee1a7f6205d5b34fc19a568fa9b92fa31b402f8b0998a6ce9b86546a7,disposable_card_limits,disposable_card_limits,True,0.2813000028254464,False
1347,d266b2fcbddd8b442b20cc7bb13e286827459b11f8bf92d5786ca911f51b810c,topping_up_by_card,topping_up_by_card,True,0.2057999954558909,False
2561,f82178d3c3e58199279e732a6a37b6f89cdea3371d9dcc2f8f53f749f424cb76,wrong_exchange_rate_for_cash_withdrawal,wrong_exchange_rate_for_cash_withdrawal,True,0.5663999982061796,False
1936,22d9cfd653bad710ef2fabf7028bf0977196c8f314d5eab95c1b746c650a2011,card_swallowed,declined_cash_withdrawal,False,0.30649999825982377,False
445,32e8c8f54ea0a9f8e387438174cb697b6b9c513110fbae85fedfe381b0758420,lost_or_stolen_card,card_linking,False,0.1692000005277805,False
1819,92ea15d2d9b810d74c38abb3cc03f0d55fcb6b8aedbba7b09f77fc261930540d,declined_card_payment,declined_card_payment,True,0.30870000045979396,False
1451,6e2bb59ae19d3332de8fe7beaf2e161ad00672369b8820553a059257e60b1f0d,atm_support,declined_cash_withdrawal,False,0.5247000008239411,False
2074,a505ef063148f3130564de9cef9303fae769e489af9d69ad8a095d374a8e96c8,transfer_timing,transfer_timing,True,0.509299999976065,False
2758,3e47d24912af388050f341e2ffed7d10063e4fc13ed5d0e58dd146fecdb76b3d,cash_withdrawal_not_recognised,cash_withdrawal_not_recognised,True,0.3484999979264103,False
753,c874926e1d3ca068b387c1c9f475f67e7e331856d26b4541e07fbce438baa93d,top_up_limits,top_up_limits,True,0.2986999970744364,False
694,759a6efa8d4ba22164d8797d8b412d4016e185ba43f7c66f59c52fcafd7977db,cancel_transfer,cancel_transfer,True,0.6285999988904223,False
2039,34b905e70de2655787f2300bd1bfe531e79c1369a91db4ff9380236dbaa320c2,verify_source_of_funds,verify_source_of_funds,True,0.3443000023253262,False
659,9182887e72d28feb3a5220c1b0ab497905f72c0772b7254e9641ce8a53129691,pending_top_up,pending_card_payment,False,0.5097000030218624,False
1431,87399710a025bba348118004a9f9c7d2c187abc1bd23431960899b57f54113ed,compromised_card,card_about_to_expire,False,0.37199999496806413,False
902,07b6ed810d63e65e093b107b93902b92c0176fdb0419a4603b5e439cdce99e85,supported_cards_and_currencies,supported_cards_and_currencies,True,0.20909999875584617,False
1723,5b68d1e1b0c698bd6303a57143aeac898eaa3d52e3d4511e00097a639f7fb630,declined_transfer,declined_transfer,True,0.22979999630479142,False
1163,3a1ce8c3965a1bce0dc8f5593f4997dcee632bddc7edfb867d8e958a2c1d595a,why_verify_identity,why_verify_identity,True,0.2753000007942319,False
1188,b4a5377c16c828f9fc9a64546a2794121350ec8f140ab61d6f7d94e932c02278,why_verify_identity,why_verify_identity,True,0.2725000013015233,False
639,95f547e240488f654a7e41f150b269231fa9fc4f56d65341cb2c27eb0f48f9af,top_up_by_bank_transfer_charge,top_up_by_bank_transfer_charge,True,0.24620000476716086,False
1734,6cf74624f2df933ad3a943b48dbf13ab2d17f40842e699d26fc7a5fa719ab9ef,declined_transfer,transfer_fee_charged,False,0.29960000392748043,False
585,1a838c6ad5053f3b26818f265ef6f5297566c61284bc35d2a740dd522b483e99,contactless_not_working,card_linking,False,0.21769999875687063,False
344,1c50be09ebd1419709c5d5e7eca8e4a716057d915adcfe92a8f31e705d99e4eb,automatic_top_up,automatic_top_up,True,0.2747999969869852,False
8,d865b4fddda8867c73783bae6ae8da89e02459b5dfdd91008dde27f651a4afa6,card_arrival,card_arrival,True,0.20279999444028363,False
1832,bcc2c35e0eb57990e36213cf4660ecf97d5ab4fcfea515f912552a4b54fca8ae,declined_card_payment,declined_card_payment,True,0.2491000050213188,False
265,ab6e162aa4612368f85e1ac40d2a07c55448e2d3b627526f69e8568d60c2e8e8,fiat_currency_support,fiat_currency_support,True,0.2553999947849661,False
358,e2096ecc3991dc9ce8a357e6f7acd0f81aeba3e24b8d369544d9a7b5f2a902b6,automatic_top_up,automatic_top_up,True,0.27860000409418717,False
1414,27e3bcc337cffa17eb431245fe28433b24c4ffd264262c6a92e96ba83beec8ab,compromised_card,compromised_card,True,0.4247999968356453,False
109,208b7dab00d8f9f62c05ac4603d3b22d1efd2f86bd042f767db6cea9605679b3,exchange_rate,exchange_rate,True,0.19720000273082405,False
2368,4fe96c644d114d799391a70e6ae0b668b228ffab7cb2d36378fb12d8cdc9921c,verify_top_up,verify_top_up,True,0.25409999943803996,False
1509,26d7741565e489d6613d12eaf70c36100c4fc50dd09bf6771db402982e5bbefc,direct_debit_payment_not_recognised,direct_debit_payment_not_recognised,True,0.4031999997096136,False
1120,9a035effbf81f95f07c437b18a7b75446c4998545468634485f075e3f42da177,edit_personal_details,edit_personal_details,True,0.4008000032627024,False
107,f8bc534a954b9d87ed56a90380a8dd02b5a90ff3c717e7ff20a5f6c36e6a6a9b,exchange_rate,exchange_rate,True,0.22610000451095402,False
2334,ca3298dc07b20cf2c502d72e5f7cbb8dede2a83f1dc4144ee4847ce7fa6872cc,transfer_into_account,transfer_into_account,True,0.378099997760728,False
2291,a30be81aa578977b3db821744e9208ee00564a8944fedcf0f6281cf800bd625d,failed_transfer,failed_transfer,True,0.28790000214939937,False
2869,5c1fd5e3b0828501e601dcf7948b8839f47c9b7b2d0d7c53628fee3ed0980e5c,activate_my_card,activate_my_card,True,0.5578999989666045,False
2042,8a52988f97448d8d490db72a36957aba0dcd7b31e864e6b74beae47433118d81,transfer_timing,transfer_timing,True,0.6924999979673885,False
52,2c73faa1cd81cede323d4886c1e3384ffaeca29704dd9089f5dc3fa056408c38,card_linking,card_linking,True,0.3971999976783991,False
310,5b55cfddcfc2042e06dcc0ee1d337c21becba0e55b01097b0e3b410b49743ab7,card_delivery_estimate,card_delivery_estimate,True,0.3265999985160306,False
1959,2d209fd72814bf5701e6c137e0af80bdc350f43354205e4f735942632593c07d,card_swallowed,card_swallowed,True,0.3339000031701289,False
1069,c02c8a1275df5c8708180e338a1ebcd80c52946f2fcd02aaedcbfb9e40f09744,balance_not_updated_after_cheque_or_cash_deposit,balance_not_updated_after_cheque_or_cash_deposit,True,0.41620000411057845,False
2032,057ca31018f499db6bf983f2555d9d90ca3f9ce84bae006e8b5c4c2ac034bb91,verify_source_of_funds,verify_source_of_funds,True,0.31350000062957406,False
410,322d58759b824dc3678a4ee6d70e3cbcc0c1f68e5a130ff647f2faf1ae7e6ab7,exchange_via_app,fiat_currency_support,False,0.23379999765893444,False
2070,e01d1309899fcb6e1936e1959a541ae7621a443ad54fe7ead34db213b1e8790a,transfer_timing,transfer_timing,True,0.4126999992877245,False
1078,8019f2c93e885808a14f5ef2940831cfaff37d65e5d64252dc1f02d0fa00c556,balance_not_updated_after_cheque_or_cash_deposit,balance_not_updated_after_cheque_or_cash_deposit,True,0.43340000411262736,False
1018,46becb78d7732ef0c9b47735fe7014a9c4a8a5132c084eec035ff693a5babb1f,top_up_reverted,top_up_reverted,True,0.2758999980869703,False
69,eefb43a2abcb433c1504836a4a5be114d4dd3cdb63612ca032fc38b2ce472aa9,card_linking,card_linking,True,0.42070000199601054,False
2353,bc49f10d54e915f2268f0ea536361ea0eabb4f253011c5db765d1a062fb9074f,transfer_into_account,transfer_into_account,True,0.4439999975147657,False
1103,349eb10bde1f3a4b65385d44048872060d912d48c66b7844065f827af28f4442,card_payment_not_recognised,card_payment_not_recognised,True,0.985500002570916,False
2833,801d28235197459a45d6c4b4130d914e8e19f72e75564d45de3fda6a5dae3846,top_up_by_card_charge,top_up_by_card_charge,True,0.4638999962480739,False
2241,cb0d58c0e223de8eb37fcc982163450ae6703fda3be00b8a2750841657040fcc,receiving_money,receiving_money,True,0.3152999997837469,False
1667,2569c4729b621e7d2aed073da17cecf3d958950ecceed2e9865158fc42b01217,lost_or_stolen_phone,lost_or_stolen_phone,True,0.5285000006551854,False
2788,848968498742cc6b422c80b1fb91332a927f16f1aef0d16eba26bfc227df7d0f,exchange_charge,exchange_charge,True,0.3226999979233369,False
2693,c6aa8bf692221a3d003c8cefc0b63ceae9009ef1263c3ea5a00be41d32a93105,balance_not_updated_after_bank_transfer,pending_transfer,False,0.27830000180983916,False
389,9a8dafd8e2efd981c800da642571286cc55edea64e49ed5bd498c1981f85c3b8,card_not_working,activate_my_card,False,0.19699999393196777,False
2024,7535126a6194c47bc4999cde7431b23c890cefe8b5d21e383b5d09b8133744e5,verify_source_of_funds,verify_source_of_funds,True,0.33149999944726005,False
281,306053f1239d8cd75e73d65be35f8ed699c5d86ab00b089e8a6ee0aade51fbf4,card_delivery_estimate,declined_card_payment,False,0.3615000023273751,False
614,a7eb69f7c2440d9215ccc27247a0e1c74b6bb24251f85d8ae401b382906d0e59,top_up_by_bank_transfer_charge,top_up_by_bank_transfer_charge,True,0.2060999977402389,False
2342,ec3bed16813df416c3ff819aecdf2674114e38d9bb5e15ab2dd5c7eb5cfa374e,transfer_into_account,failed_transfer,False,0.553300000319723,False
1316,b49ec139093cade800e86bc8b97a1dab8a557c602d4192ae716d7f7a1bcd0c85,visa_or_mastercard,visa_or_mastercard,True,0.2114000017172657,False
2168,7101373db62a7c062dc1b640c118039e48de0622339b56da17e88c20c1d24fa7,beneficiary_not_allowed,beneficiary_not_allowed,True,0.5946000019321218,False
2416,ae0a3803cbde3e307637bd69fb57df84d835ec32f819add349cbc79d0825f7cd,getting_spare_card,getting_spare_card,True,0.2314000012120232,False
3079,a203071e87d923fe9300cb768b710312267f73749a41df5bfdf869279cceecc2,country_support,country_support,True,0.3032000022358261,False
904,3731cd57dad84d2512ee90a7112275df78f7229863f900ce8f9f680d0834ef62,supported_cards_and_currencies,supported_cards_and_currencies,True,0.6198999981279485,False
206,e57148d458b4c6f99da39739d603f9a33266189c3aa254c2b7ff651c2cf0cf21,pending_cash_withdrawal,pending_cash_withdrawal,True,0.5470999967656098,False
1964,765b98e926973aa5403bb275901b575e923a3e427763e1b2a7cd5628eb679ccb,transaction_charged_twice,card_payment_not_recognised,False,0.22879999596625566,False
54,90ffeabb01971282a01c13f234a21a16933a4b8d9f39f98f529600d4f4c16cda,card_linking,card_linking,True,0.22319999698083848,False
2050,8311df06473e59137751cf6940ec32098c7b4a7a9f440428709dcf6e9c7fef78,transfer_timing,transfer_timing,True,0.29489999724319205,False
1200,e87a1aa6f706d38572285784da7e310c6e229b56ae48ba77d2eabe4b0fde3e99,unable_to_verify_identity,verify_my_identity,False,0.206899996555876,False
2879,5b0c855115d539919a9e69054ea107a827a36cd09f310362b360b4a1a3a45c1d,activate_my_card,activate_my_card,True,0.26920000527752563,False
815,4d7628c782d13da0c7c2fd604a4396fe09bc7c1a4d7cd5e390d3c089e839c4d1,card_payment_fee_charged,card_payment_fee_charged,True,0.39259999903151765,False
2282,0d99cd8874a6cb800e090bbb58effd78b3867be7811a7c5423da7e129ad16061,failed_transfer,failed_transfer,True,0.20119999680900946,False
1015,a45717fb10ce639bb653364f46d7e646e8e8d52156f3b2c4025a0518126af916,top_up_reverted,top_up_reverted,True,0.23430000146618113,False
1435,91af880ef31b868c05760ec1d95aa41e8021600dc1beba707be46754c0356e24,compromised_card,compromised_card,True,0.3752000047825277,False
2173,0152bb9a9fe605ed8c8c876e31927f2ae5c2acdb34cf0303039fa0ee1a7b4e01,beneficiary_not_allowed,beneficiary_not_allowed,True,0.44290000369073823,False
996,b35478477f43913838e56452f6094ae17ec69c0e0bcd0f3a14c090107f3112b4,card_acceptance,card_acceptance,True,0.2330999996047467,False
857,6976e418a7b3c79906e68f0e901389e04151b3adb0b3837ffec4a495cce8f409,transfer_not_received_by_recipient,failed_transfer,False,0.3694000042742118,False
1057,348ae2fc59aa10d62c25ae48fc88c4f85582f29da6d07245d70a4069f0a8be6b,balance_not_updated_after_cheque_or_cash_deposit,balance_not_updated_after_cheque_or_cash_deposit,True,0.3630999999586493,False
1773,16e3d4779e723bd94405a70dfe7511c4f2fe71276f8329242f30575446875d54,Refund_not_showing_up,Refund_not_showing_up,True,0.48669999523554,False
2986,6d2b99e960b1b8bcc8164718aa76162d59410865094b7231903f17a046cb9268,apple_pay_or_google_pay,apple_pay_or_google_pay,True,1.1521000051288866,False
688,70dd95bacc503b2b0c40d7a79ca1a08286feef30f458d5da2e3e31220819f9db,cancel_transfer,cancel_transfer,True,0.7565999985672534,False
1112,0f543d3560fc77cecfd456d1645230c03d5c70264cbe588f361037ee252e29df,card_payment_not_recognised,card_payment_not_recognised,True,0.756300003558863,False
1424,a8897d2bff09984517edfee4822c1d670bf9b8207e15365a696849e63f9ab77f,compromised_card,compromised_card,True,1.1636999988695607,False
966,1814af1af58ea4025685e398248675eea7e1f499146cf3e35c7d3a0804bd755f,card_acceptance,disposable_card_limits,False,0.9367000020574778,False
2580,0682bafb8471e68b650ec8756e2bd95f6c9ccf5e4ac449c9237bca3fdb801a00,wrong_exchange_rate_for_cash_withdrawal,wrong_exchange_rate_for_cash_withdrawal,True,1.0379999948781915,False
2150,93736012effe6700ae3f52aa2167e187be7bda2a73f91b8f715fa3e7a4c32387,change_pin,change_pin,True,1.5011000068625435,False
1763,3acc2925144c61ecfcd6d655bb7e4ec341e31394ae92f88a2cc7885a5b3fce13,Refund_not_showing_up,Refund_not_showing_up,True,1.2123999986215495,False
171,e415684487fe01f32a45e6b31117132a3a581acf4b3ff7d60fbbe860a5f884c2,extra_charge_on_statement,extra_charge_on_statement,True,0.7721000001765788,False
228,e2ccc07ff34b26a2af02bb38a4ae9889cbfd8d53db488c83c8308a92c9d15811,pending_cash_withdrawal,pending_cash_withdrawal,True,0.5530999987968244,False
2656,649a48e7c186ccc88cf8b065a8c8b4ed65dafb5cb1ba25624e6c660ff69352d6,top_up_failed,top_up_reverted,False,0.2488999962224625,False
2996,3d35cee66e73fd6fc4f96f97c9fbe9f73acbc6709ff232baa794e83870cda8f8,apple_pay_or_google_pay,apple_pay_or_google_pay,True,0.2913999996962957,False
1483,a7cc37e466b6498a1395381e5d3f154aa5bcdae8c5210441af97aa3cee4fdf95,direct_debit_payment_not_recognised,direct_debit_payment_not_recognised,True,0.4301000008126721,False
641,f88db1ae202a94564bc3485f4547f4a26126ae89e4eea0a1965dfcc6f0b2ccb3,pending_top_up,declined_cash_withdrawal,False,0.5143000016687438,False
2841,3106dbcd7026bac730e62ef8b4c90c43bc047674a446f44673fa25822f0d84ff,activate_my_card,activate_my_card,True,0.34189999860245734,False
2435,53c8b600232d52dc379faf50addbbed0a6edf78ecd51a81e2caf2108680d491b,getting_spare_card,card_payment_fee_charged,False,0.5249000023468398,False
976,393143b8bf8fcc725f2b740cdc0b6c052c4977730f036f5de883bca0e46121ba,card_acceptance,card_acceptance,True,0.2043999993475154,True
1950,208b80dbc2147d003e1e2aa730e5ee5d5c74a9e4cc22015541ae4775faf6b895,card_swallowed,declined_cash_withdrawal,False,0.3499000013107434,False
1328,b063e73da66b2ad90b73de034f64426d60ce2321a4c8feadd5a8f3967e283665,topping_up_by_card,topping_up_by_card,True,0.23179999698186293,False
2486,1cbebd820f472295315d7fb768eaaf06753b8d71e216f5ab8fb6ac9a9cb89d19,order_physical_card,order_physical_card,True,0.20349999977042899,False
331,db8631e8a77433c6f3ff5239869218179a6d3d1862553ba46ec08efba246a9e1,automatic_top_up,top_up_failed,False,0.4380999962450005,False
2036,0728486d119a5dac321056ecaf533110e788e2941585834fefaccf82a0cfa5e4,verify_source_of_funds,verify_source_of_funds,True,0.27799999952549115,False
1465,8825b39dd09dbc738c5c1e1f572bfa0163b52fbcea1ea1d2eee599f1d980458c,atm_support,atm_support,True,0.25740000273799524,False
58,2cc4511a2d24c0bad2b8de642af397d7a212ec405d6e53f2f160aa1cb588ce7c,card_linking,card_linking,True,0.3519000019878149,False
1785,d31d43e505cbbfccc39567b4b49bca3c6dba3db4b086abdbf82e5c7595cf13ae,Refund_not_showing_up,Refund_not_showing_up,True,0.3305000063846819,False
438,c9e30a0af5143677a61722a270f34ade11d8c49a29db0bd00b2585b1a263b94c,exchange_via_app,fiat_currency_support,False,0.2502999996067956,False
2219,45c98babfa8e18a7a12b3eeeed67a9af5806f32230ded15d3871119a85799624,transfer_fee_charged,transfer_fee_charged,True,0.4104999970877543,False
420,392aef75344912999dc16cd98d91c2ed830a08c53034e2b77bdff19bf7531771,exchange_via_app,exchange_charge,False,0.2854000049410388,False
1035,f06d26350f3df48f3c9b6caed7ea753199e13bda3aab9fc61f610b1ef02533e5,top_up_reverted,top_up_reverted,True,0.23830000282032415,False
122,34b1d1d332743ba18fa40d2cc28ffa31d4416430ca4bb071542cf58ed9953f86,card_payment_wrong_exchange_rate,card_payment_wrong_exchange_rate,True,0.26960000104736537,False
1399,4ee852cd1ab48757e4004ae9a8a48d3220b9dfb14827856214ee25c64f4a9f81,disposable_card_limits,disposable_card_limits,True,0.6587000025319867,False
736,ba2e20497ed39323af51622e76a934c0477871eb4d66e184b551812c72918e87,top_up_limits,top_up_limits,True,0.5710999976145104,False
1132,65f27c7b2963bd08506a5218f7a31bf15da6fcd1d4aadcbf0fbbca4935f34041,edit_personal_details,edit_personal_details,True,0.3867999985232018,False
1079,1d08181e3516f16a62fdabe6961742e7f8656726698f4a89bfd79ee104e07cbf,balance_not_updated_after_cheque_or_cash_deposit,balance_not_updated_after_cheque_or_cash_deposit,True,0.6656000041402876,False
2931,07183056abda54c32840774e35584cea60a5f25a03cd1423f1eb8dc5b6ff61f5,card_about_to_expire,card_about_to_expire,True,0.6034000034560449,False
1295,50a916ef7a758368686d799cd4aeb874f8cd2b81d641ec260caf557048320473,visa_or_mastercard,visa_or_mastercard,True,0.26729999808594584,False
2780,2bc34f286c350a140cd0fdfe35bb010e50f9d555c791ab6c93d3ed8f321f1288,exchange_charge,exchange_charge,True,0.3581000055419281,False
2175,6b4fcc25393c71c4cc708cbf9084e48a5b30e70b60c12e556b74d4c86f54ff48,beneficiary_not_allowed,beneficiary_not_allowed,True,0.3515999997034669,False
1496,a11b8968c043c6da94a00ca62717e2d4abe505e4ee321061f4482fa3b747de74,direct_debit_payment_not_recognised,direct_debit_payment_not_recognised,True,0.16939999477472156,False
238,5ab5ee7a6f07ef7da7bee7f854855a4345b2cf9140594a018bd201ababb14aca,pending_cash_withdrawal,pending_cash_withdrawal,True,0.4969000001437962,False
3063,e6954058d93ddfa955463e586006b3136bca2968272ecb2385e1199fc802b247,country_support,country_support,True,0.22680000256514177,False
988,d68f67a39c619a0f4838184e02b9d662e8dd8188ffc8f4bb2fc82bd36f0a7f89,card_acceptance,activate_my_card,False,0.1990999953704886,False
300,2df826375ec91ed41c71971ddb245d08be40e04e6f6e987935eb015bb2150da1,card_delivery_estimate,card_delivery_estimate,True,0.19780000002356246,False
1847,afd32890fa0c859c9f7483ecc14d620c379a1ecd6a8ae514cff3a8ef11606cdc,pending_transfer,pending_transfer,True,0.6886000046506524,False
731,6152e636ab04140803c7b8f4a4e42686ff185fdb703c386a95e16eae2708a8da,top_up_limits,top_up_limits,True,0.34020000020973384,False
2391,5ce35e3bba21fb5ec872038890ca075e3c1c8fd997d6dafd9d936982ec15b63e,verify_top_up,verify_top_up,True,0.3406999967410229,False
807,5c977a2ec8acbf1fcfbeb8121e99519142738ddff0626f986bea37405123c1ec,card_payment_fee_charged,extra_charge_on_statement,False,0.19769999926211312,False
2357,bc12ad14350408600394b21a9651db8e526d217293db015f3008d2171e6ea298,transfer_into_account,failed_transfer,False,0.29550000181188807,False
1258,cda1b7e8005549cbead8e74b1c45205060cbe3c3117325add836062376614ba7,get_physical_card,Refund_not_showing_up,False,0.2586999980849214,False
2091,8cc576fa638fbece8cbc5cad6b8b5b8cb6126cf0d8e06f5be0fa3d0cb16805c1,reverted_card_payment?,reverted_card_payment?,True,0.8415000047534704,False
2147,a56e5ccf0be53ffd296710b3ae1f85ff03c380f01ef92f6e41d2ec0530e4efc0,change_pin,change_pin,True,0.2674999996088445,False
873,a89e2a978658ab94de392b9472a4028a3bc0ede5fa580f57be8c4d6b5f8ed2a2,transfer_not_received_by_recipient,transfer_timing,False,0.20080000103916973,False
2225,fc65f5df8c1a6caee0203e63f7dc7c499c07f30d1d20ae7d78ed666fbc9bd496,transfer_fee_charged,transfer_fee_charged,True,0.32590000046184286,False
1937,b8216e3277ff21891840d69f4a28ae6613e7b3dc72db73519e409f7f40d78914,card_swallowed,card_swallowed,True,0.3428999989409931,False
347,8235113edf1f1299c7e4fbde9cfd914c5955e49a7f2a1e79d8d79117fecefc78,automatic_top_up,automatic_top_up,True,0.3256999989389442,False
1014,96defbd8e3b471dfc0385bdb75908956a4f503a73963e21ceef13d08e9f7327f,top_up_reverted,top_up_reverted,True,0.31709999893791974,False
765,db6ea203485d6ec847fa1c9f44e2bbfb512f561ce5b4c2def8b73ad79b89c775,wrong_amount_of_cash_received,wrong_amount_of_cash_received,True,0.27720000070985407,False
2002,62a30397ea95fe7edce92786fbb330b98a21d326fbc0ae6b8840bcf3fa118422,verify_source_of_funds,verify_source_of_funds,True,0.22360000002663583,False
1834,23082ee727959facd6dba22398d2470122de48100f0fa2b84b38649b3c5fcf5e,declined_card_payment,declined_card_payment,True,0.22570000146515667,False
485,a34dc66535e5faff661e41376003c08f104d152159c59780dee1ca10e928275d,age_limit,age_limit,True,0.3648000056273304,False
145,845e069a3d4781fdd1ecae13cf5024585abfa0f19e8fe30f28761f90fa254157,card_payment_wrong_exchange_rate,card_payment_wrong_exchange_rate,True,0.28140000358689576,False
3074,e1f2efc46e68179f5b064076cb9bd5ac689df9d51dc2a6d17d25d3b669377c26,country_support,country_support,True,0.31350000062957406,False
235,093fc43e74d8d49530ddeab9e526b0f79f288422913e35528450e2b695737bf7,pending_cash_withdrawal,cash_withdrawal_charge,False,0.22319999698083848,False
195,35d8a5d7705e25cd531af45eb522f1da7b880cb523d96a5972014011dd90ecea,extra_charge_on_statement,extra_charge_on_statement,True,0.3049000006285496,False
2017,1504d21e10ccf0113b05f24afa2aed62295701d57129586b03d958c0629cd9bc,verify_source_of_funds,verify_source_of_funds,True,0.2750999992713332,False
303,a58bf8c34ed98f8aa3a9a8c5859258d6557c50b19da4d5109a1256a19a49cce6,card_delivery_estimate,card_delivery_estimate,True,0.26000000070780516,False
1327,aba4d15a6b9c2a7a9bff37e8d50cc00881a74183c85417a893bdfe7bfe9506ad,topping_up_by_card,cash_withdrawal_not_recognised,False,0.3260000012232922,False
2216,47967f68107bf4d3b5aaf40909290488ed3e6f1b52775a6f8397b749830f95d2,transfer_fee_charged,transfer_fee_charged,True,0.269199998001568,False
239,fc65b2490b5588e432488c043100471e3eca5cc299f59c6c13cc46bba81137bc,pending_cash_withdrawal,pending_cash_withdrawal,True,0.6224000026122667,False
1388,537a469d55b6f208ca40e86ab7df193bcfe6ee48e1c8a0af05535c5bd0c4176f,disposable_card_limits,disposable_card_limits,True,0.30900000274414197,False
32,81d38c11f7088f104a9cf12b5a91b147a765614d165865e89756cde53faa6e03,card_arrival,card_arrival,True,0.28809999639634043,False
405,19bd4f42422fcdf3a7c30ae071ba9ee5385a4896c31e8bf76f5b9079a861ddbf,exchange_via_app,exchange_via_app,True,0.26699999580159783,False
317,b1e82f73197e967a1b7ae049849e4147dedb2b0653e2551c033a8d0283ebf09d,card_delivery_estimate,card_delivery_estimate,True,0.2477000016369857,False
227,b6665ddb69768cd36d362ae03f9e15a187018b00050f7bab8508fc05cbbea217,pending_cash_withdrawal,pending_cash_withdrawal,True,0.5253000053926371,False
1390,ea3b02769dbcd73a72135892068eeb1630f654298382767650ebea6d1fd0f552,disposable_card_limits,disposable_card_limits,True,0.25150000146823004,False
2029,b89d8406b673dd75d3e87536a2b3c4e1677a53f02951cc9051808d71dc05102c,verify_source_of_funds,verify_source_of_funds,True,0.3673999963211827,False
1320,3dcec99e1e5a613cb6732334c7c63d048882b95f0b02220962159faa583846c7,topping_up_by_card,top_up_by_cash_or_cheque,False,0.534999999217689,False
2113,cacef4b8c4be4fc70e46a623a3f56b77387db7c836f826c211bc8f5fb1f4de81,reverted_card_payment?,reverted_card_payment?,True,0.44529999286169186,False
2237,30e35f3d97703241b35b409ad983dc407db81f95cc04147185710e140da92680,transfer_fee_charged,transfer_fee_charged,True,0.9363999997731298,False
1745,68baccba9511f0fd1a9298eb8fce2435d6207cf162e53b39cf9f7d286f8b9203,declined_transfer,declined_transfer,True,0.18399999680696055,False
1487,9ce74dde90a026ed58b00df0b2a12f46c3a922fff203914fa295159ab858a0ba,direct_debit_payment_not_recognised,direct_debit_payment_not_recognised,True,0.5940999981248751,False
2339,433ae91bd97b03e46c8f0071448be069550f6fa2a8cca6a2a338eecc5b775391,transfer_into_account,transfer_into_account,True,0.33120000443886966,False
3057,c40b28dbd48a9ecbd37d3e1c2a194d29028eba7ca29b6a5ae7582596aefb5095,country_support,atm_support,False,0.316400000883732,False
590,73aa4f1f63af93748314555b130cfc169f634164785bcfe2e3bc0391271d45f7,contactless_not_working,declined_cash_withdrawal,False,0.4592000041157007,False
537,db75aa2547f36bde5e575c2de2f2f4ac9c8956b34adac8bd0f984abd0a951cf6,pin_blocked,card_linking,False,0.6215000030351803,False
2948,a4ee90d7996aef97d410439c2ec090a9ebc5a483a5fe91138f0c860bcef36aa7,card_about_to_expire,card_about_to_expire,True,0.32950000604614615,False
2475,f80429c706194bf799287d2712384af54e221858f4915b30d77dda1376b651d7,top_up_by_cash_or_cheque,top_up_by_cash_or_cheque,True,0.3969000026700087,False
588,e13c713213043b2867d74f8a92f0d231d96f71034ab57b14a3e793b56c741de5,contactless_not_working,card_not_working,False,0.26670000079320744,False
1401,510930ddb66035b8eee141461878ce0b90210c8eefb06137a166f5c331f59cb9,compromised_card,cash_withdrawal_not_recognised,False,0.1990999953704886,False
2801,4cf6847dfedbab4ae7ed116144f4cb6f0dfd56e115845e87da05a4743c8f743c,top_up_by_card_charge,top_up_by_card_charge,True,0.3612000000430271,False
1797,6cac2765c9a358fccf82ef8c3b26c6ceca1f3bc4ddd84660ef3368b754a93805,Refund_not_showing_up,Refund_not_showing_up,True,1.0712000002968125,False
1743,e6bdef2fc2bb4381253473873440dca5056af533dc4e94abcb30771bab2f6bc5,declined_transfer,declined_transfer,True,0.28190000011818483,False
2742,09b090a9de16a6d6b09040ac18a39cb89a309f75a367efffb17ea7caebb09522,cash_withdrawal_not_recognised,cash_withdrawal_not_recognised,True,0.5851000023540109,False
1130,3259e00b34e1521c049fdbb25479a04a5f3e9c4ea20190dbd243ee0660d85f34,edit_personal_details,edit_personal_details,True,0.31600000511389226,False
2572,0eeee9f98da42a2def8475feb2d8a899a2644e4ae230c1e103026c0f7027dea6,wrong_exchange_rate_for_cash_withdrawal,wrong_exchange_rate_for_cash_withdrawal,True,0.6136000010883436,False
836,c5fbf3e3ba7870a275949b9f040934b792eed03cfe30c60b8bbe20de4f477252,card_payment_fee_charged,card_payment_fee_charged,True,0.2873999983421527,False
1765,c6b886df19349fc04c117d78336c66596aff7c31b1d5d3ee9df3d10b8e5bf21a,Refund_not_showing_up,Refund_not_showing_up,True,0.8184000034816563,False
2732,b9e6cfc141b628363b93c326b5f2983552ec145bca730f06b1ac7cc3e6554bc7,cash_withdrawal_not_recognised,cash_withdrawal_not_recognised,True,0.4380000027595088,False
756,e9c6f857b369f53d58f22ac2bf4f68bc760b14a5e4f19d5cf7d72041568bad92,top_up_limits,top_up_limits,True,0.34189999860245734,False
2642,5cb7fb02b174156b8a9d9f5524f90dd3ac025b63b510ac1f10a3c4dec355446a,top_up_failed,pending_top_up,False,0.35349999961908907,False
2857,aa3103d7f9ca394a7a4c5bb1b1f1a392944986fd69dfaff7ad68db116f817271,activate_my_card,activate_my_card,True,0.1740000006975606,False
1635,a767df8e4ed10d444a794d8b87faaf05f03f4fe94dbcfe1ced04b3ca9bbfb47d,pending_card_payment,pending_card_payment,True,0.6272999962675385,False
1458,8d52b35dd9c79b9d9ef785c6678187bd77b5e7150927309279ec7e78038722f5,atm_support,declined_cash_withdrawal,False,0.3282999969087541,False
637,501f82e052a7791bc098213be45dd869378ea692d65d6fedf1b770bef36103b8,top_up_by_bank_transfer_charge,cash_withdrawal_charge,False,0.2719000040087849,False
2289,e118455b4f241c1565ee3b6b007011bef39e4f3be49cd37c5b8e1698b00478a0,failed_transfer,failed_transfer,True,0.22850000095786527,False
2954,b718ea80aafdb2ee5babe2c3025a518b63279a7e8de43141a8447ae7db817588,card_about_to_expire,card_about_to_expire,True,0.5015000060666353,False
201,1aaec1c7a31efe34ca2d4ef71e120d2ad904c37d32b3a3c8be8825492e63d6d9,pending_cash_withdrawal,pending_cash_withdrawal,True,0.6619000050704926,False
1065,82b72e45184ec563e07f476a9f0b7246a41be346947d0277a17ae60ed4141351,balance_not_updated_after_cheque_or_cash_deposit,balance_not_updated_after_cheque_or_cash_deposit,True,0.4785999990417622,False
1974,745dc5e70ffefcf540ec77ece9bc93fb7480f2d6338c82b6ec8a778af41d8a85,transaction_charged_twice,transaction_charged_twice,True,0.9996000007959083,False
3005,1e045199ed6c0f45111991ac0066fbcf4d2804b33ff30b69bbc54f8a275fd9b4,verify_my_identity,verify_my_identity,True,0.2720000047702342,False
608,2886f9cf8be5d7e108d3c7c4b2fd13fd9d6ae45f7c4aba0ca70d66ee67b2c76e,top_up_by_bank_transfer_charge,top_up_by_bank_transfer_charge,True,0.3491000024951063,False
23,879bf422eb47cf9d50d85acfd2fd5b009a75b5e5676e2be772111e7c4b3a19dd,card_arrival,card_arrival,True,0.47989999438868836,False
703,8cd489331bf5a648a6d649813e4050db5bd277a346291241f189fa7371dda6d3,cancel_transfer,cancel_transfer,True,0.3040000010514632,False
486,80666a4bf62d5dba6161661bab24c6157c59636d208f04d2e8290cc6c2c57c37,age_limit,age_limit,True,0.26339999749325216,False
2601,e30cd81103632c1b49cce54e0fb289767ac245c5b851306a51ca3d3d0d11accb,get_disposable_virtual_card,get_disposable_virtual_card,True,0.2789999998640269,False
532,113a5a6ac3bb2a04328a88569227f016897d9c3045a88983c9296f666d50643b,pin_blocked,pin_blocked,True,0.6620999993174337,False
2293,bf93a29344086a4646bd5dced89d7b30c67c72f6df728b6e651456f4b4ed164a,failed_transfer,failed_transfer,True,0.4254000014043413,False
1806,b834d11e4edb179f2fbdce08fe0fb668ba1bfb16074c6fd3995dbac4b54d5826,declined_card_payment,declined_card_payment,True,0.26960000104736537,False
514,8af0414d578652c068c48bc2551140ae03cd93d7d3ace63256b231d22d2603b9,age_limit,age_limit,True,0.38449999556178227,False
1405,da24aff780f17387dc2935dc769bbb4fb90eba28b4123bd9dd0f0ae75e34e63a,compromised_card,cash_withdrawal_not_recognised,False,0.2649999951245263,False
359,cababecc88ee01e71581559b5d66d83537137a325c6cb9f4a04908d0b0483ba7,automatic_top_up,automatic_top_up,True,0.2630000017234124,False
701,c5d4d048e0d6a577037573fd0010fe18520bda244cb3ed44fc2fd05352c61529,cancel_transfer,cancel_transfer,True,0.4794999986188486,False
2573,56c0542425dffc708eb0e1440f1b26e984c41284ff653870242bd9abf3e0910e,wrong_exchange_rate_for_cash_withdrawal,wrong_exchange_rate_for_cash_withdrawal,True,0.37339999835239723,False
226,57324f7ee2a0fc2c8410f8108014d0d749b851e08761fd5fba28a1b1b325aec2,pending_cash_withdrawal,pending_cash_withdrawal,True,0.29350000113481656,False
1627,317eed571036e166a934886baa6a1ba28f5f1302898a70b06dad85f431e31322,pending_card_payment,pending_card_payment,True,0.3719000014825724,False
12,bfe9576597e25432be7581c33a696775172df17e1b38fc2bed4f4b2859901539,card_arrival,card_arrival,True,0.4096999982721172,False
2453,d95b2de7468f99ef05905146552dba73b7e9630d8132e41d4844d0c1455a2dc5,top_up_by_cash_or_cheque,supported_cards_and_currencies,False,0.33799999800976366,False
3041,dcb99d597a02fcd3fcf355392585b4378fecb851fa5fdafecae1989335143127,country_support,country_support,True,0.2496999950380996,False
2128,bc86968096d6776a39baa4caaf13420ed42f7204fb75254c2b15803fba451c7b,change_pin,change_pin,True,0.2554000020609237,False
496,c3c0fb198b9d5dc67a13f512aaedcb7f7486e445f6be6467d0603eac633301e8,age_limit,age_limit,True,0.2725000013015233,False
3023,7e979ccfca023e9b8ae386e9970424fb320bcb261679ca1be13218ff75f2ffd2,verify_my_identity,verify_my_identity,True,0.23399999918183312,False
1085,cc4d47cb6282024dd20c5c242b82e0fdf9ed275ad331760c1ebcee59b7d999c3,card_payment_not_recognised,card_payment_not_recognised,True,0.243499998759944,False
1583,39e2718ccd428f6a6f5c260e38d3d2ef4e4937ac75873e8788b45f2e947af776,declined_cash_withdrawal,wrong_amount_of_cash_received,False,0.3389999983482994,False
2809,a6ecfeb79e481dad505ca6a40e29a5733b015b60c5a89b08acb6acde4d2690da,top_up_by_card_charge,top_up_by_card_charge,True,0.3051000021514483,False
418,817163facd261af9d741526093ab56fb0518796b9b48e82387187409c0692547,exchange_via_app,exchange_via_app,True,0.22979999630479142,False
138,94cf80fbab83985428ef50719a987cf8521637f769ed3c4848f9192346d94cec,card_payment_wrong_exchange_rate,card_payment_fee_charged,False,0.22619999799644575,False
1788,3dbbbcf561833809dca5ea6ab740327a438a4db908a1b37424c3bcb63ac336d6,Refund_not_showing_up,Refund_not_showing_up,True,0.29380000341916457,False
1264,2683517ec0faf59eb424e152f3067b4e7b9ba84fd8bacc2369f82bb507be0abe,get_physical_card,pin_blocked,False,0.30530000367434695,False
1314,267cf18a64fbb32845ac11cd2c552b12464a08010928fbf8bd447d046a7f331d,visa_or_mastercard,visa_or_mastercard,True,0.2986000035889447,False
3012,57fb3425f7dae40e409bb2c06efea3a924f37775684ed612a8d3ad385f0b51ff,verify_my_identity,verify_my_identity,True,0.21800000104121864,False
1907,f9dddac342af91f687b08d0e6dad1e36dc4e147c732d54e81fb96d4f7c3da9c4,terminate_account,terminate_account,True,0.1697000043350272,False
2703,dd34371a877c4208b15c1c82a570f593a51e6d0d66d3bd563e66e30d3af14061,balance_not_updated_after_bank_transfer,failed_transfer,False,0.240100001974497,False
3030,5a6374b316b1df698d075754d03ff0ff02f0c4e489adc94b93b587b91b6225dd,verify_my_identity,verify_my_identity,True,0.26760000037029386,False
1267,016c09d2eed551d6f5625a9ae0f1bf2ef70a8b0b9bb3e8bdda9f175a0dc536e1,get_physical_card,get_physical_card,True,0.22259999968810007,False
751,97de9e54adcb2dfc5bcd24b2202b585cd3b896928b078e02ee16130f98b1768a,top_up_limits,top_up_limits,True,0.26509999588597566,True
2802,a69357e07c77f0aa1b6ee3f05ef06c3e7796b5e683722f93779d315860480ba0,top_up_by_card_charge,card_payment_fee_charged,False,0.55669999710517,False
2987,01d43e1480285092ba50c0030e43b9147be1a6c7a49ba2a99a7571ba0a1d7e96,apple_pay_or_google_pay,apple_pay_or_google_pay,True,0.42920000123558566,False
2478,4a05e0347e5a69d64acb62eee0a1dac9c64c7354fa34f379850d1cbcdafb76e8,top_up_by_cash_or_cheque,top_up_by_cash_or_cheque,True,0.2821000016410835,False
1468,63ddbd4fb7c4e54d14f34303adc66d1934cc71b22de1ead30abafed3554c1ad2,atm_support,atm_support,True,0.2523000002838671,False
2581,8eace20f3c83d3866c6a68143c8a283b663936146067226cfb3ee1dd59f5ae91,wrong_exchange_rate_for_cash_withdrawal,card_payment_wrong_exchange_rate,False,0.3880000003846362,False
361,42f23203055b961c727a593fc53902931be7a80d019abcc35f5cf07db36963a5,card_not_working,declined_cash_withdrawal,False,0.26029999571619555,False
1260,020b0c27c38cb0330066e1fdd4c3eb718f12989f46c215d1b0739829ad5b97ef,get_physical_card,get_physical_card,True,0.22890000400366262,False
327,b9205a9193ce5f9e25c30b15e03de8cbb163bc93787f79265ddf9355d4e27665,automatic_top_up,automatic_top_up,True,0.4470000058063306,False
1999,2614390997a10eb4d7cd35a64ed764254ac75f05b7dfd545849a8a75f7b51bef,transaction_charged_twice,transaction_charged_twice,True,0.3839000055450015,False
2714,84446215fd3fe40a751b4718863f27a1d35657a8e3d9a8ad0cc458018f2263bf,balance_not_updated_after_bank_transfer,balance_not_updated_after_bank_transfer,True,0.3988999960711226,False
472,3bfdce6ddfea29266dda0e1132777119b3c6a22bba4931652b39c7515daf0e14,lost_or_stolen_card,lost_or_stolen_card,True,0.6394000010914169,False
320,d65e9b75c67d6a53ebd4457246ff3d57899174ff9ac1dad92758900efdce1656,automatic_top_up,automatic_top_up,True,0.3907999998773448,False
1317,e390cd59c1b4394f68dfbec201af87430495fdefb0fd66d9c556bcb5ce1167b2,visa_or_mastercard,visa_or_mastercard,True,0.35349999961908907,False
1661,a72880082f1bcf97119af49af7b5d91b5de94ecea870d4102aa9b7e1ec6e30d3,lost_or_stolen_phone,lost_or_stolen_phone,True,0.3788999965763651,False
288,ef6c2d2941cb62a2e1cd5c918663c9174d0b7bf512579904b927ccc2ae06c471,card_delivery_estimate,card_delivery_estimate,True,0.5292999994708225,False
0,57a5a4533e3e3cf2792c4d5b2efe5c003df50a3588a8505158a0f0c16da5313f,card_arrival,activate_my_card,False,0.5459999956656247,False
2785,b791cf78d0a06c4b2ceb902a5df217826eca124853f3331741aef07691bc83e9,exchange_charge,top_up_by_card_charge,False,0.6160000048112124,False
1742,66d15f371cb38c348adb9cff51a8aa56aaa625997f9b96e9f90c068a21b9e3aa,declined_transfer,declined_transfer,True,0.24489999486831948,False
961,9574082dc9bf7a96abf48fb56b10ea56e94f52014dc61140161b4b178d258c89,card_acceptance,card_acceptance,True,0.19939999765483662,False
191,b58b5ca473d519170a3b8c2901ed24f57d1d47c4a08e9580f13146c3ec39d140,extra_charge_on_statement,extra_charge_on_statement,True,0.4837000014958903,False
882,080d64e318c38968db407dc0030db8f2c65c61b8915290f54eb005407ad6b4b9,supported_cards_and_currencies,supported_cards_and_currencies,True,0.34560000494820997,False
2333,d8b209d644004dcef8d29e406e5c29679e547f058bdb631eb392b202da2d6f31,transfer_into_account,transfer_into_account,True,0.414399997680448,False
182,58512137eef198c42612b0e2b76a90e048d6135b9a6d7bdf685843ed5c337242,extra_charge_on_statement,extra_charge_on_statement,True,0.31650000164518133,False
2099,ffae70120789833fdf187e5d3949419c591fadec7ed1c4205ca57704279ec28b,reverted_card_payment?,reverted_card_payment?,True,0.28649999876506627,False
696,d16df1cf5d30c4513a52d6f6871f4cdd7787971b14ca077650fa4a2ec27896e3,cancel_transfer,cancel_transfer,True,0.28309999470366165,False
1587,9fc3ac866e4d1072c40331a298e788ddf3d74bf8c7af6e7b38aae52a06c0c64d,declined_cash_withdrawal,declined_cash_withdrawal,True,0.3077000001212582,False
1625,e754f7341c099edd652b76ce18aaf41931b74b6dcc03b680847b2332059880fc,pending_card_payment,pending_card_payment,True,0.2347999979974702,False
95,46d5cec8058279870b250705beed526aae86cf03aecfe1d5ceb5c24b2fde18a9,exchange_rate,exchange_rate,True,0.2863000045181252,False
1679,ae8627885d27855a475d4f7ab03baeec6e33b2d024794aaff724b764f7b98c9e,lost_or_stolen_phone,lost_or_stolen_phone,True,0.6214999957592227,False
1704,00339ae2e7513baceb12c3d6309d7db6b66cca4d648924de34a359899b0f6a8b,request_refund,request_refund,True,0.22249999892665073,False
17,8620e61ffc354c76dd627745a7d72560b2f85dc9ebbbc123af4527345bd6eca3,card_arrival,card_arrival,True,0.2522000067983754,False
2460,b4f0b0afaeddb85c8de1dbcfbc138fb829b68bca2bf4d4114e1f6bebfd958d48,top_up_by_cash_or_cheque,top_up_by_cash_or_cheque,True,0.3496999997878447,False
1376,3cf8e73684eedc4824be46a9aff80f5a7077b848a7497cc1fc0180df46744e1b,disposable_card_limits,disposable_card_limits,True,0.45229999523144215,False
2063,d3d971bcc5bc384c16f489d4c7622d9aba838aceaeffccead8f68f229a58da47,transfer_timing,transfer_timing,True,0.2753999942797236,False
814,13d0c8d164d8887292d07960512711cae2b2da76b107deb733a99c14687360ea,card_payment_fee_charged,card_payment_fee_charged,True,0.38240000139921904,False
598,ed4d5a9fbdd1e2f2c41cd85d34fa10d858f5599690ad103569b9648719944a5e,contactless_not_working,verify_source_of_funds,False,0.3034999972442165,False
977,642913bf96b5b032451ba582952d63a4dd01628b070908f6bdf30d17ccfa5039,card_acceptance,card_linking,False,0.21659999765688553,True
454,ed3b54f086b710f931987e6eccc3cb9c4b540007956171299e8e7491a33710e3,lost_or_stolen_card,lost_or_stolen_card,True,0.5658000009134412,False
613,b86764d397a7d23a21c60ee5de010f28ceec7a59c23f05f12fdeec68651d02c1,top_up_by_bank_transfer_charge,top_up_by_card_charge,False,0.284100002318155,False
2690,9ff3737cdb7d2bbe54849b47b1b069df289c892f9b9daeb02245fa7d63afd676,balance_not_updated_after_bank_transfer,transfer_not_received_by_recipient,False,0.36779999936698005,False
376,7dd057db7980d8272df68894ed9dbc9303e7d0ed2f8c6c3c4503737e2ac486cc,card_not_working,card_not_working,True,0.23119999968912452,False
2800,3b684838db4fe215d25738b64dcdd94ee144ba5dc0d1a32592ead0d0fb90c397,top_up_by_card_charge,top_up_by_card_charge,True,0.3797999961534515,False
553,c2d4a3a1600cdec7cca6d70c29bb682a436f0f2f1ad0be09f0a530163bc6448c,pin_blocked,pin_blocked,True,0.19899999460903928,False
658,539c67116f458fac8babff5300104952b2cca108bb14fc83211acb75195efe9f,pending_top_up,pending_top_up,True,1.1901999969268218,False
18,d5e951199d27a269cd6de098b94221deabdc64871df9771326fbb06157f672da,card_arrival,card_arrival,True,0.35209999623475596,False
2872,9b0190c1d181fc807c5f42fd58a814fdca8fc03842de156a56da3c7b1cc12739,activate_my_card,activate_my_card,True,0.24090000079013407,False
595,d6fafc4a68e010246a97caa6a0d8caf5f141e1c7d40c5906353864f3fcad2cd0,contactless_not_working,apple_pay_or_google_pay,False,0.22039999748812988,False
464,e8cbf8149e731f70013dccb8f8361ff9082caa7543db0f6880bc328a201216bd,lost_or_stolen_card,lost_or_stolen_phone,False,0.2863000045181252,False
2272,362a4ace7df167861ba1c80bc76e27ad99d6a7ed337cd60aa6881a8fd5ff3438,receiving_money,receiving_money,True,0.3361999988555908,False
4,bb5a6ec65432e6ff06c651bf5d3a50f4ff09dab0b2549331a5fabb3527aa2598,card_arrival,card_arrival,True,0.22619999799644575,False
1413,02aa1d3156c646044d1e3591e6efc08638dd579eee24295fa0cf2784b12910ba,compromised_card,compromised_card,True,0.4034000012325123,False
1167,35f6ec6072079c9a7a4ec1274428928d842c1eaf7c93e18e0b58b6a1ef18c0fb,why_verify_identity,why_verify_identity,True,0.2782000010483898,False
2935,80d31a77c1864e0261bb27cc93a076b5f1b58b04d65da82c4884163c6c292f6d,card_about_to_expire,card_about_to_expire,True,0.3215000033378601,False
25,ce910705fe8bddacfdfda60f9d7adccfb931e5bfac63630df42a35295993ccde,card_arrival,card_arrival,True,0.34130000130971894,False
1910,38c660ab58e6a03275b658f78f0662f15dccb14ab5defd1e7812e66cb73acfaf,terminate_account,terminate_account,True,0.44440000056056306,False
764,06777f4cbb61b5b51058794adf964a269a0945fb75f9a8479a5df1de9626016b,wrong_amount_of_cash_received,wrong_amount_of_cash_received,True,0.33430000621592626,False
2885,538c7b10d18647c8afeaecd430cc1dcab2ad3569d1e506d138ec08f66f20ba1e,cash_withdrawal_charge,cash_withdrawal_charge,True,0.6052000026102178,False
2767,70978e49e4357df55e39a9c1d2ebceea0fdf12c9cb618c435ea9a4d727678d99,exchange_charge,exchange_charge,True,0.24870000197552145,False
1259,3d182ebe3629b2a75281a6fc61d08d9c47e641641c2ff7a200a6ba9432bb575f,get_physical_card,verify_top_up,False,0.2930999980890192,False
2166,6a789bd1ab9559af4e493f9cad49513957aa028bdf161fbebd96b770dd9ba096,beneficiary_not_allowed,transfer_into_account,False,0.5777000042144209,False
2951,437af44679d9d20a7859d5ad8e6632c878100b8f48c1a58ca9aaf6c9047d4987,card_about_to_expire,card_about_to_expire,True,1.0668999966583215,False
1161,883382e2db04369c3e41f4d73fe39c0eb1f071a6b1549d0290c3cc742c738de9,why_verify_identity,why_verify_identity,True,0.5273000060697086,False
269,78ca2127b8e69879198e2a198a7163a732c663516315cc5eecebdbed5830e733,fiat_currency_support,fiat_currency_support,True,0.3859999997075647,False
1172,7f5a56b748c95a2befb90bab1843e1ffd17b6292784a9c924d94f06f75eddc14,why_verify_identity,why_verify_identity,True,0.3297000002930872,False
973,f66618c58c30f10bb1b30ee01fa67e96139c75e0b9ea288e528af0018362e9f7,card_acceptance,declined_card_payment,False,0.22290000197244808,False
1288,f9c30997b7bc4e17a3938de7c0b00ed972915c2d739c38d33ddb3f3b69abb271,visa_or_mastercard,visa_or_mastercard,True,0.39649999962421134,False
2912,230a1ba43472ea47c94709d5072d66103d3839066c13e511ba0ee55eaca1dcfa,cash_withdrawal_charge,cash_withdrawal_charge,True,0.2725000013015233,False
1231,8e57edcaa89c0f7c0a9f349793369ba691b3ce010dc57022781bad70b21a2501,unable_to_verify_identity,unable_to_verify_identity,True,0.3074999985983595,False
1494,f55db0f907f5983cff74eba7a5fb6698d87de3c28108aaf1685de3055b138c89,direct_debit_payment_not_recognised,direct_debit_payment_not_recognised,True,0.29039999935775995,False
2845,9da361e849523d45c1b3bc39a1ffee9ea9b4c83cdc40e971d4b6ca48ef9f4731,activate_my_card,activate_my_card,True,0.33239999902434647,False
1739,7e1ecd5a21183bed5102d37c20db7d02b0e567dbb4acf7795d3e1c9cf956bc10,declined_transfer,declined_transfer,True,0.4397000011522323,False
3022,fe666042e06d7a41ce552c6ae095990b2cbec9c3153beb9ae72ba3d5fa781bd0,verify_my_identity,verify_my_identity,True,0.29850000282749534,False
31,dc8f4bcd8e1a7f7f7f1d67081a36f8595ebf0b0c9717a93084c38d8c7fb686a1,card_arrival,card_arrival,True,0.4589000018313527,False
721,a35b605b97e2ad6ddeff48a55343d7609221e32c71d0802982579821b91d610f,top_up_limits,automatic_top_up,False,0.3096000000368804,False
1480,0ad54f03d1e2aec988ed6a1fec98597b5443308cc329eb309dd41e4d3fea34c0,direct_debit_payment_not_recognised,direct_debit_payment_not_recognised,True,0.37090000114403665,False
1321,80314fcae5c79df34362b0edaa1856a92fed652b2ccc4f68aead09687fa72d2d,topping_up_by_card,top_up_reverted,False,0.34130000130971894,False
2256,8bb833a86150e3abdfff14bef14d8acbfe3072feab50ab43e8c4dcd4e61fab4b,receiving_money,transfer_fee_charged,False,0.32479999936185777,False
1470,a8f6a00bc377cd277d22cdbf613b22501f30c79c56385bbde04e651c4bb9cc22,atm_support,cash_withdrawal_not_recognised,False,0.21910000214120373,False
1579,6762619c4048ffedeec5b9fb78edd44ec24657f2cda1af17f622e05ee43a21b4,declined_cash_withdrawal,wrong_amount_of_cash_received,False,0.3865000035148114,False
3028,a5fac1456297cb565bf377cb684c88c786a8604b2946f8bea5753d5d48d02486,verify_my_identity,verify_my_identity,True,0.3350999977556057,False
159,4d4a80b01b2ff9d48b4a1394d543905b3b4b827cce2b44d39dc288959c195946,card_payment_wrong_exchange_rate,card_payment_wrong_exchange_rate,True,0.43029999505961314,False
502,864a0d78c37100328a5930f646666e2443fdf940b0fddf39ec5b7eabe8e28722,age_limit,age_limit,True,0.3003000019816682,False
87,46cafbef221d66035aa08277fa5cf2af09f5f45cfd51dc60ee19010fadf1821e,exchange_rate,exchange_rate,True,0.25319999986095354,False
40,ba1ef1bdddc5cd4a39ce00b052dbb4e21d9f92c0b10a43bde9f2084ddb52767c,card_linking,top_up_failed,False,0.31859999580774456,False
1783,3d7ccc05463efe6bc96230cf6fdd5c3f42a91b9c2fb88f0ec3db45d0c9edf344,Refund_not_showing_up,Refund_not_showing_up,True,0.3329999963170849,False
1489,93768102a91745e666a9813674cfd9f78b36b4ad791cd07eff66b6a8eb53fff2,direct_debit_payment_not_recognised,direct_debit_payment_not_recognised,True,0.3317000009701587,False
2084,52a611bd2c33586d6ea817a877f2ecda4350444afa5ad5423f64b04f5f6bccdb,reverted_card_payment?,reverted_card_payment?,True,0.1999000014620833,False
1835,e03adafe67a289377fb8c3906ce1dea9c467d1816073ec4e926b4bb766ba09c0,declined_card_payment,declined_cash_withdrawal,False,0.2900000035879202,False
493,7af4b5dc2600c8cc0c1a17f99ab5f6c5ead1ebcaf26fc2c71b88f337f3bbd552,age_limit,age_limit,True,0.27150000096298754,False
295,5a258b8af31e169f758d0a467d0858048459fbcc3642e5347e50bfe76919fbc7,card_delivery_estimate,card_delivery_estimate,True,0.24879999546101317,False
1178,ebb07ef24fa266bd135d54aa4fbb0babf091d5a3d1b7ee2f9bdc03f45db45e6d,why_verify_identity,why_verify_identity,True,0.480200003948994,False
2519,15651d1ff73771e27e5db18eaae1be6b05e5d9aeba4cfdc67dd96711b3880cad,order_physical_card,order_physical_card,True,0.21640000340994447,False
297,962c933d22fb48fb920ca0cefee61ea3e6d89cec797fed3c7a18bfa4b59e8de7,card_delivery_estimate,card_delivery_estimate,True,0.22560000070370734,False
1292,647710dbf672d09eb3aa521cd76c63bc40d19614831b35b6b25fce7982e2cc5f,visa_or_mastercard,visa_or_mastercard,True,0.301499996567145,False
865,fe2a97643fd83c877294505caa612b9da0b16a303f8d2f7d4d6f291fe29e282b,transfer_not_received_by_recipient,transfer_not_received_by_recipient,True,0.3352999992785044,False
90,61c8454f0e8070e14ae9255f9e2692dbfde3c66b783a5a53dc7da4b281551ea9,exchange_rate,exchange_rate,True,0.1790000023902394,False
41,81b9710f4c2ce9704e9941ceea687d1ab50ebe6523c714607a1002c5a8678fb1,card_linking,card_linking,True,0.24529999791411683,False
1445,b2d71b5daf12581f6de24b8cf3413f76f5b1f2dca1fc3c77dfbd359ba55d162f,atm_support,atm_support,True,0.3271000023232773,False
2543,a4e57e293417a4515fb1681b3d779ddc367fe456e0d382b2680a4b97678ec8f0,virtual_card_not_working,declined_cash_withdrawal,False,0.3256999989389442,False
2457,2b8aab786e16253ec299078c2708867e46281bfb7a33d42b3a2fff98ed61b730,top_up_by_cash_or_cheque,top_up_by_cash_or_cheque,True,0.36330000148154795,False
2771,8d2d1884b6446a4d7281044a9cc8cfacf85b24d43e3bd10c4d5b19f587b250a1,exchange_charge,exchange_charge,True,0.27830000180983916,False
2514,d9ddd8fc2f98151f862e2120ac3e7fe3f064549f08dd971a1dcd7fbd2889d6f7,order_physical_card,getting_spare_card,False,0.37679999513784423,False
2854,fc824ec023e796f96a3c9a2b79fa05d1dfc90dc3e6975e69db4c03cb291bd43a,activate_my_card,activate_my_card,True,0.48499999684281647,False
938,1d3cbba6eba014250448f49a375d2449e816057359f35e1008fdb1459eaaf045,getting_virtual_card,getting_virtual_card,True,0.37739999970654026,False
2633,c0bfe85c19539a4eb26a30ebde4d3c6c686005ac2a8ecabbb96854c308405d1b,get_disposable_virtual_card,get_disposable_virtual_card,True,0.4976999989594333,False
2080,d9e1813b1eccbeb9193a33416e821756de66083233ada8719b931eef37512d5b,reverted_card_payment?,reverted_card_payment?,True,0.2992000008816831,False
2211,d96dd3cbc9ccba5e9fbc1980172193ef167cbc1c763c77b7ac6de0a4e5d5ee2d,transfer_fee_charged,transfer_fee_charged,True,0.3733000048669055,True
1761,52a772cf2c277306c6c4c65c822e4336de24ef9f14f586a7d4a9af47bf3e0f7b,Refund_not_showing_up,Refund_not_showing_up,True,0.5480999971041456,False
1006,e29ae1fbade464cee13e9917df2d85e1f21afed582e7469e73874f543c45ff9b,top_up_reverted,top_up_failed,False,0.34840000444091856,False
150,106ebb39bebb1aa3ced2484d4787d9b297c700447615bc1747f26c23f7f76eef,card_payment_wrong_exchange_rate,card_payment_fee_charged,False,0.34899999445769936,False
68,b6e59da5ca9bc66cd706f15e144553d4f76536ddb944416adb66ce1d4ce17835,card_linking,card_linking,True,0.33940000139409676,False
1223,b639d37fd3185e8525a740e7ce42135b2e2ef71ca847d3a9527db5c0bff2bf28,unable_to_verify_identity,cash_withdrawal_not_recognised,False,0.30759999935980886,False
1156,520acb4deab964daf73a807d7f5baf2e1f72c9dce74fdec131c73235f965e955,edit_personal_details,edit_personal_details,True,0.27370000316295773,False
294,b3d4b54f825d4a5f628af6835a29df5901342d1928a979992d844c46f52267de,card_delivery_estimate,card_delivery_estimate,True,0.46160000056261197,False
1153,b3791e6cdf7933a4a2ba6aeeba9bf33dd2a73e8b06d0f91248d7cf6d138648aa,edit_personal_details,edit_personal_details,True,0.29579999682027847,False
2142,4f57c02afdc72a95c2d5eba36c7b6b6ffcdce9644681f727322bab5fc546cad8,change_pin,change_pin,True,0.41289999353466555,False
1992,5927da7752e3b8279761f0080138b65d17b111c629c904b22fb75c1b79437831,transaction_charged_twice,transaction_charged_twice,True,0.28590000147232786,False
2700,e68b847119916f14433f8fc3f179565360af80e6beeb3799828c802231a4fe8d,balance_not_updated_after_bank_transfer,balance_not_updated_after_bank_transfer,True,0.38109999877633527,False
1088,f8418dcbf1cfbe2a7281d574a4d59cdff023233ca1d11c75d2199fcb4b70d1d8,card_payment_not_recognised,direct_debit_payment_not_recognised,False,0.3406000032555312,False
1476,876d264502d1daa479bfd210da1e474740924b3bd4ebba4823eb44fc18f21dae,atm_support,declined_cash_withdrawal,False,0.22600000374950469,False
1040,8303447acb78ae7cdf9b9be00e2199754c0b4cb8e8f2710b3b305c393c98e174,balance_not_updated_after_cheque_or_cash_deposit,balance_not_updated_after_cheque_or_cash_deposit,True,1.019399998767767,False
48,9d8986faf433a178fcb09f798e04deb0c15a638f5d00a1c522cfe333023650ec,card_linking,card_linking,True,0.40720000106375664,False
2483,2e1036e6994d55076fe7de4143d429d0762a4b444e1ffafa4fc5d677665be00b,order_physical_card,get_physical_card,False,0.23880000662757084,False
251,395cc9cd91d27f218477612e3914423852cbdd06369054b2639613ca128976c5,fiat_currency_support,fiat_currency_support,True,0.276099999609869,False
291,3a790f715562897e64aeb32142d721acf24e1814849d57a8a80b177af1a1e9f8,card_delivery_estimate,transfer_timing,False,0.24790000315988436,False
2683,cc110c1d9c03307a0d16fc407364e383a12e1c0278101f8c45787ad4d375db5a,balance_not_updated_after_bank_transfer,balance_not_updated_after_bank_transfer,True,0.3695999985211529,False
3032,995c79e2effceca4f1c1da9a3ad36c1008a19c6b99c4926c099646e829745247,verify_my_identity,verify_my_identity,True,0.26790000265464187,False
1681,a16ea274e53d5bf0ea83b295e5e11d660fb0971238b5a95aad25a5898555c967,request_refund,request_refund,True,0.2823000031639822,False
296,8a2d034bc380a8b1e4c8152e9ff437d9f66a25274cf2fd2fec4820da4675166d,card_delivery_estimate,card_delivery_estimate,True,0.2756000030785799,False
1495,74b80e007f83b2ff398c460155cf194cf072cd1660b4d210ef6fc7553eaa691d,direct_debit_payment_not_recognised,direct_debit_payment_not_recognised,True,0.32640000426908955,False
1864,4b6018ad944d2c961721d4f075dd83f5fcb8f351c436a5e4be78eaa37ffea1b4,pending_transfer,transfer_timing,False,0.22899999748915434,False
1512,e2877f57e1dff8a8c85c104361766609831ec90a428d46c4bb1ca49b9e691882,direct_debit_payment_not_recognised,direct_debit_payment_not_recognised,True,0.4769000006490387,False
615,316252514ddc07eeab8b76ccd201fe1d212a971309f54386c2c33cee77f4c533,top_up_by_bank_transfer_charge,top_up_by_bank_transfer_charge,True,0.28500000189524144,False
3040,fa09ba7aa18d6f5f29335d4253ed3371a08d3e599053a64a36d96590937283fa,country_support,country_support,True,0.3470999945420772,False
1009,1c484d7fe273dd3a5e2dd34415cf1f1d0997735cbc99f7dd672674dc66a312dd,top_up_reverted,top_up_reverted,True,0.31060000037541613,False
57,bcb45df58b0070344c94b86408707609b5267f9b2fd5dfca68c132d961c4f509,card_linking,card_linking,True,0.2978999982587993,False
492,6e4eb00ccec00340522fa7e9e1a5303540868672bd91aeaee8fb25ec867a65fc,age_limit,direct_debit_payment_not_recognised,False,0.2463000055286102,False
784,eb52543628bb843d81ce0699fc3570c73b65c0af58e4f3216aca1205ae313e9f,wrong_amount_of_cash_received,wrong_amount_of_cash_received,True,0.41030000284081325,False
2650,7184657e3a8009b8d78532a7df152c759ce2e5b5d5f9954cd9f30dfff1189421,top_up_failed,top_up_failed,True,0.3456999984337017,False
1545,60e94d0f1b83ac3588c75bfac10a5239559e2ecb378cdd9cf0c2e5c9c222f62c,passcode_forgotten,passcode_forgotten,True,0.17320000188192353,False
2589,02133511255d8a566d41ae7d4d5615438bf26ec82e8cab0691e8094f84132d79,wrong_exchange_rate_for_cash_withdrawal,wrong_exchange_rate_for_cash_withdrawal,True,0.6139999968581833,False
1941,2012b43f6245af029bc21777daca71642a17f1b616c176b8c700019699149ee5,card_swallowed,wrong_amount_of_cash_received,False,0.3782999992836267,False
1949,4a325534ed771dba072aa938606dd45d0e3f30b61edc201c24b9e0d49dfffe20,card_swallowed,card_swallowed,True,0.33409999741706997,False
1319,50d0b93be5084f1b77cf62521c3fa6a5390bdea3fb88d5a5790b9ab6c4d948f7,visa_or_mastercard,visa_or_mastercard,True,0.27430000045569614,False
2438,7c5f7a99d070bc906a71b6128f5c5eeb1495208f8b7830602cee23cac505ae91,getting_spare_card,card_linking,False,0.44319999869912863,False
1357,527063aa7bcbffa173e08ae79dcee1a6dcc3cc45e5be1640fb0319fda5b797de,topping_up_by_card,topping_up_by_card,True,0.4633999997167848,False
657,bae9a9aaa001e6458afa4c0e901641cd33475ececfd92566da7a72cc04296b65,pending_top_up,verify_top_up,False,0.4397000011522323,False
633,d90f3c1756d925b1a0f2ac49ad0510363c89699ca4ea8343f9a9aa41bf84a65f,top_up_by_bank_transfer_charge,top_up_by_bank_transfer_charge,True,0.20880000374745578,False
1274,c239150cfb718351311d64263f97a2b138906a2a3d25b56b1500cd4a314b9ffd,get_physical_card,get_physical_card,True,0.26110000180779025,False
1809,8f89bfde377bcd2b21ddecae970f27d706a828d8d28d179b822cd2252a58dcf2,declined_card_payment,declined_card_payment,True,0.7670999984839,False
1582,4ad16fbf1524e112273a99de5bc86313eaa84c8068bd3034509017c5201e049a,declined_cash_withdrawal,declined_cash_withdrawal,True,0.28200000087963417,False
89,d0e57869117f0a432e67cd38046478f00a98c650add46650f9256b72c976442a,exchange_rate,exchange_rate,True,0.2562000008765608,False
1224,5dbac2e96b7745e9be35f7a9810a4570960fe84752eaf58a738e4fe71b1ddfd4,unable_to_verify_identity,unable_to_verify_identity,True,0.30529999639838934,False
767,9c924e31dbd6340f2bb1896fe7139c41a815cd1fe77372980064e3ac354abf14,wrong_amount_of_cash_received,wrong_amount_of_cash_received,True,0.7024000005912967,False
2724,ba3aeb5132777f2f3f3478c5a10bc6de00d6f095e6e4cccd37f9fa0cbf868014,cash_withdrawal_not_recognised,cash_withdrawal_not_recognised,True,0.34050000249408185,False
2824,f9f53f87aae6837c6dd6d4afa92d68fa59b06018c6830f358f216bc7a1d91bfc,top_up_by_card_charge,top_up_by_card_charge,True,0.35480000224197283,False
668,a7ae0be242800b4de3d8ec36392339912c8065cea27687fc8d5b0c61b344392a,pending_top_up,pending_top_up,True,0.23359999613603577,False
1427,9fb9a37528830327260ccf8ef6314284557e0c0efeb3b3066ec99b03b2e596ad,compromised_card,compromised_card,True,0.5757000035373494,False
461,5ef1b6207d9e2e53c3e0dd517c9668896e329f9c910a83c9cf20f929090dffbe,lost_or_stolen_card,card_not_working,False,0.7697999972151592,False
272,3fe7ad9a395cdfaaeecb10b71251ca9a731e25016222fbf990220b102eb005ef,fiat_currency_support,fiat_currency_support,True,0.2603999964776449,False
2330,51de0af6cf169c76fdc3c6ff73384d721a11589df1534b96507f84571a8a838e,transfer_into_account,transfer_into_account,True,0.3987000018241815,False
442,8a516d7c50594c3c519e1a5d8666f4f047081948431fcf4a6f9dacdc6dde4c6c,lost_or_stolen_card,lost_or_stolen_card,True,0.5648000005749054,False
1778,d2b1de19e36dc26fbedb5a8b7e8de543a74a936b496e8e8b9ebef09d56a5e78d,Refund_not_showing_up,Refund_not_showing_up,True,0.2986000035889447,False
1537,8405af70adb4fbea656f7ef229b6c4452d53e94d5b9f1d662d23f527d17a21b9,passcode_forgotten,passcode_forgotten,True,0.27860000409418717,False
739,10cb7a0e2211c3a2d643f10f7d8f01bc23af1b53cf482c4bc44e5fbb6781a571,top_up_limits,automatic_top_up,False,0.25180000375257805,False
901,76cf0bf48f80e889fea8d2e86659f64413788358e644e17942ef5219022d734e,supported_cards_and_currencies,supported_cards_and_currencies,True,0.23859999782871455,False
53,849ed79f89c704fce81c5949541643de11d5c6b6da18f67fb50fda6f3e4ad799,card_linking,card_linking,True,0.29070000164210796,False
818,79b1994fcf8400262559ffb1afb5f68af2a4f4916bd06d933e70f1ae2ed552c1,card_payment_fee_charged,card_payment_fee_charged,True,0.2702999991015531,False
1061,c1e20b854658f2dbfee202ca501282c94618fc29f8dd8436ed431a388a22b5b3,balance_not_updated_after_cheque_or_cash_deposit,balance_not_updated_after_cheque_or_cash_deposit,True,0.3991999983554706,False
1004,6f558deba2b9815b0449d9c4cf53ef5a7642f5dcb032b857f993065c5fa0f0d4,top_up_reverted,Refund_not_showing_up,False,0.7556999989901669,False
530,42d1faf71d5e96962ebed67d18da7554df6ce5688f9818d0efe982938c60bc81,pin_blocked,pin_blocked,True,0.4167000006418675,False
131,d6ae1c288cf6cf34ca60d6b025fcaf6ddffb984f6fc848311d8379ce356c4248,card_payment_wrong_exchange_rate,card_payment_wrong_exchange_rate,True,0.3299999953014776,False
2616,72a8f5bf051023c7b0d230a038b458a2e453a0c404166e2e942427106e21d695,get_disposable_virtual_card,get_disposable_virtual_card,True,0.20260000019334257,False
1889,b28e0ad2709dcb2001111db982c8f84de74bc461fd0e9371019f3a50a9f7533c,terminate_account,terminate_account,True,0.25179999647662044,False
2574,f0f8d47dd58451ae8588dcf0db86ef9f11a150152e7ef7983d5583d4606653e1,wrong_exchange_rate_for_cash_withdrawal,wrong_exchange_rate_for_cash_withdrawal,True,0.3117000014754012,False
1736,7ad40154df6624368bb28dc8e4b22f3900e1e02dc8d2fa92605a234b3c9fe18e,declined_transfer,beneficiary_not_allowed,False,0.27100000443169847,False
872,df590fb4398d119d9c0a278b05b12a14bf978bc8ea6120e7def9e5112506b2ac,transfer_not_received_by_recipient,transfer_not_received_by_recipient,True,0.359799996658694,False
202,64b0612be881a16263be8e7e28a6ff669a008256841cb7e16a2e193cc63aa56d,pending_cash_withdrawal,pending_cash_withdrawal,True,0.3369000041857362,False
2834,1b8190e27f38ef460abc18b2c8ffc621fbf9272a149d04316eec53f136fe5063,top_up_by_card_charge,top_up_by_card_charge,True,0.2566999974078499,False
1818,e4b9279fde9a6eae1ed75215b457970e96f841f0d1e1f363be55154b19877dfb,declined_card_payment,reverted_card_payment?,False,0.4098999997950159,False
670,9b78d382c920fe761738caa450c07bae25134d0119bb8a5186406471adaaba82,pending_top_up,pending_top_up,True,0.5211999960010871,False
1585,a2f17b28274ca1812eb174a4fba9e5f30446547672155bc54f314f3d32a38443,declined_cash_withdrawal,declined_cash_withdrawal,True,0.22840000019641593,False
1551,a98e52f494fbf9096ff68694e3c38d3242f63b3db4d83708dac8474a9a17fa9c,passcode_forgotten,passcode_forgotten,True,0.33570000232430175,False
1866,895994da547f9fd9b039bc720725e7e61cdc0e849b816afdde69ac2fe788263c,pending_transfer,pending_card_payment,False,0.40920000174082816,False
853,5e0aaa9c8d892ab12a0bec64b5c516c6c772fc4bfce175a3af5d15fe73cb90e0,transfer_not_received_by_recipient,transfer_not_received_by_recipient,True,0.4065999964950606,False
1882,473be1d8c03c74b46c76c19b063721e46456f63815e59831e38cd612671b47a0,terminate_account,age_limit,False,0.2234999992651865,False
811,e18a1a24e9a27d39610ece02e0793adf2c0c35373d6b11ef922af7c684dbee72,card_payment_fee_charged,card_payment_fee_charged,True,0.22249999892665073,False
1363,e81d3f73bbd7053297fcd3b4043b670f557270fcb9c187a4e867db65999114d9,disposable_card_limits,disposable_card_limits,True,0.3711000026669353,False
556,2ed04914a93b13e8052a871fb41e262681b182700e4401259215c252d6718484,pin_blocked,pin_blocked,True,0.3910999948857352,False
2978,c13ee4a40df8adc739d9560df470714f87ec78bdd02fa4cc6fdda473d993ad7f,apple_pay_or_google_pay,apple_pay_or_google_pay,True,0.8320999986608513,False
1617,c9c1c6e0207518684755b4fb41a01114a9a7535417428082bf942802d97d1f9f,pending_card_payment,pending_card_payment,True,0.9110999963013455,False
2231,53325a241d33c5744114211675ec49b0678cfda22777e8f464ec0cdf808f6611,transfer_fee_charged,transfer_fee_charged,True,0.9712999963085167,False
56,5061f99a45510495e37ef490c24928734baed6b10fe8696f8a1152d7f27f9247,card_linking,card_linking,True,0.9534999990137294,False
1513,756ac3a24c7719f3a07b6b1c704515195a0a5d49cfcff70b94ab04343e01a3fd,direct_debit_payment_not_recognised,direct_debit_payment_not_recognised,True,0.8478999952785671,False
1206,1d8d80fb8d56caec38839ef1585a362a8cb36465d4f7fc4aa12c53ff215fd665,unable_to_verify_identity,top_up_reverted,False,0.49649999709799886,False
1010,95e40ae5f6dd9439aa412ff89378374b1ed6819bc560d5f7ac08e52814a09756,top_up_reverted,balance_not_updated_after_cheque_or_cash_deposit,False,0.9261999948648736,False
2065,422389a4a6491b9932a3bf623a60fc767c2bd7def6b0c0952f14f757ecf76e71,transfer_timing,transfer_timing,True,0.4351999959908426,False
2007,6017e449fbf5f1e6abab99ab41e2b8c0f533aecc9cb8dab853f72e6dfc9aa634,verify_source_of_funds,verify_source_of_funds,True,0.54929999896558,False
1491,6d00a42e2232ce5573fb97f2797f293bc0f61e518b9db14d81dff2bb4d71cc57,direct_debit_payment_not_recognised,direct_debit_payment_not_recognised,True,0.44329999946057796,False
2381,2fbf7ffcd20e2f71cdcbbaecc77699d199574741fd4147fc384bf50f1d978bf6,verify_top_up,verify_top_up,True,0.3043999968213029,False
2083,fc18e6f4151c9af8d3c1175b7e6974ea35148e05382cd466969561dbf7ecd971,reverted_card_payment?,reverted_card_payment?,True,0.20539999968605116,False
2397,12d587eac90c151042d987771d7cab6e649cfb0289304d8bd968897ff284db8f,verify_top_up,verify_top_up,True,0.38830000266898423,False
1525,5748238e26800b695a16e470f032c1d437fb4e6bbb62bd8a805d44ac8410bbc0,passcode_forgotten,passcode_forgotten,True,0.38869999843882397,False
2292,9e48aa99063a51900ef399a45df92a9a7b05fe18b38f818fdfdf0d89d17cc5d4,failed_transfer,transfer_not_received_by_recipient,False,0.3297000002930872,False
293,24c957616da05fcec2407e49fb5746c32fb7dcb30239b3fd4ace2f674a1bb9de,card_delivery_estimate,supported_cards_and_currencies,False,0.3217999983462505,False
2137,06c7bba8738b867db83bda8e2ecf99916602d37f3292365a257d30f6f7861209,change_pin,change_pin,True,0.2615999983390793,False
2364,b1f3e3a0fe81881927d383c6dda35927285061150efbffc2f995c109cfea1665,verify_top_up,why_verify_identity,False,0.2851000026566908,False
404,d8a11a22b8ae8b5e799b5780df7f6308d01dd6c2079320f68ec02def024048ae,exchange_via_app,exchange_via_app,True,0.20740000036312267,False
716,3e4ebb0ccd786111736cbf7f9f3524e5418b1e1fe19af065ab996b16fbe0df0e,cancel_transfer,cancel_transfer,True,0.22569999418919906,False
1205,113281b3d7bbba9f34c3c6f0753e56b918358d7c8093dc21c9803e6909fc223d,unable_to_verify_identity,why_verify_identity,False,0.2199000009568408,False
2321,c1fa23cba54b775d661a7b96dafe2c0a20dbfa200fe07d7cbdf2545ec141a86f,transfer_into_account,transfer_into_account,True,0.31550000130664557,False
475,b300ec8d8c41330c09e6f1d102d8d22b71439099df9c14e91d84650d785fd9d6,lost_or_stolen_card,lost_or_stolen_card,True,0.2969000051962212,False
1455,af2bbbfc632030c89bd2af2fc72c292f3dd743ee128f756f9abc065fa0435f3d,atm_support,disposable_card_limits,False,0.25939999613910913,False
1945,ac5da9b22dcfe5999ec65cd8458587dbdeda3c1ce8999d8276ddc0bbcb7180e3,card_swallowed,declined_cash_withdrawal,False,0.24950000079115853,False
1605,6d98d74c11782b601e701918f2d11c9f4dd069a931be3834e64168f17c36ebdc,pending_card_payment,pending_card_payment,True,0.2488999962224625,False
1244,abc2a3d3c4f297fff7067712dde64cd6696e71ff916ec0218732ac9258eb4b88,get_physical_card,get_physical_card,True,0.3193000011378899,False
1408,36726ef7b770cdb57fffa5bfed07209c26778a45766703b619b88fe6eb40b1e2,compromised_card,compromised_card,True,0.3986000010627322,False
584,eaaa4205183f87c438fab744edbd6509d680355d245f7d4bbf0a7964dfab8aa8,contactless_not_working,card_not_working,False,0.519900000654161,False
434,ff01fb4ae053c7c72f227af0da8b890bc8b80b8f0af6c6fe57d560d418490a1e,exchange_via_app,exchange_via_app,True,0.3065999990212731,False
2637,bec1ed7a45f43204b92d54d63b7a4729e747cc5364335ccbfdf6a1a8951941f5,get_disposable_virtual_card,disposable_card_limits,False,0.320099999953527,False
419,ba28007f59095645efd65409ddf128f67d8a396e486411919508a6e6289a1ce2,exchange_via_app,exchange_via_app,True,0.2941999991890043,False
289,8e5e36c20693a2a58be5127888eb3d7e7db40aa344e00fa0b8e0493e9fb58d9d,card_delivery_estimate,activate_my_card,False,0.19009999959962443,False
1692,e64094beaf4362dde3f9fb0da6fd06b088d707611cf7576b5b9f9ec187532b0a,request_refund,request_refund,True,0.7945000033942051,False
2789,b062e4e8233e184c208d65f0fb946bac36eb3bac709cf29965d6d876c46765f9,exchange_charge,exchange_charge,True,0.30270000570453703,False
2577,456ef620a455cac52a7a92469f84c424d823a2e8367b1796fc82aca556d1713d,wrong_exchange_rate_for_cash_withdrawal,wrong_exchange_rate_for_cash_withdrawal,True,0.4687999971793033,False
1652,bf38eb6514857961edb38330e6df6dea1ad661531fff52ec0e037e534628a7ad,lost_or_stolen_phone,lost_or_stolen_phone,True,0.4078999991179444,False
1640,52a9c178e533aac1de4064532a1263f97e03b1ac814392da5686bdba204c941a,lost_or_stolen_phone,lost_or_stolen_phone,True,0.17420000222045928,False
2477,3a8b14128d91d1a5219e0fe87eb56864d96dd82da3ee9816492d1d75b1106f5e,top_up_by_cash_or_cheque,topping_up_by_card,False,0.2384999970672652,False
1701,a8daa3e984483c1e05c0ca4eb87669de080839aabe446f32ad11d24a37b3f980,request_refund,request_refund,True,0.19549999706214294,False
1171,5a5d7609f31c615fd74cc6c601308b9020787b18ed9411ed54de06817880e0ef,why_verify_identity,why_verify_identity,True,0.46320000546984375,False
1738,e53a19e838e20dd3ec15a3f3fd8691acff7104c5bf1f424109605f0dadd1cdc4,declined_transfer,declined_transfer,True,0.2521999995224178,False
1903,30dcc431666cc0eb132e4b18ecf10d8827739550ab09911442cbd098826c2687,terminate_account,terminate_account,True,0.42350000148871914,False
2790,a3ed390e3ac93f48dc50deb7b6d325b3bae1d05ce2d11b1860433665d226198f,exchange_charge,exchange_charge,True,0.25520000053802505,False
115,0c4fa6e76d7db9d8e68f93f6354851b1db864a1794d06e54b3c84e4d753e1d7b,exchange_rate,exchange_rate,True,0.23060000239638612,False
2755,314893d2690625aea3aeb696269be72077e16e68cd0c1c1b1d0e8c3cf4059126,cash_withdrawal_not_recognised,cash_withdrawal_not_recognised,True,0.29940000240458176,False
916,2456e2e2fbbdede75f7885b17195bd48646ffb3a13e9e199063f09cbb8e94d0f,supported_cards_and_currencies,supported_cards_and_currencies,True,0.3730000025825575,False
1466,cd3233b7a50a7cd3073742bb3cc5e84cac7a9e20e61f0ebe06842aa8cbc8106d,atm_support,atm_support,True,0.5897000010008924,False
1433,a3b8bbaa09e2bcf7cdffada8133b365ca5f7398fdec265082bc9b6934d8a93db,compromised_card,card_payment_not_recognised,False,0.727099999494385,False
469,2020cd801a28714e345cd5e49e5adc642f1391462de71064f3015dcee5181198,lost_or_stolen_card,compromised_card,False,0.3141000051982701,False
1166,d90fdd4c69b1a6ac9cb224eb6c7033458f26194cb12ca3d21b4c11ed085a6702,why_verify_identity,verify_my_identity,False,0.36660000478150323,False
937,c2354e54e45a30ffb66480668e309ef5968c0f592a5379d5cc75d2bc6a14dbc7,getting_virtual_card,get_disposable_virtual_card,False,0.2452000044286251,False
2408,015845f72e80087664a19b0a0735d7082336e9d3f34c7bbf56359428e1d3a826,getting_spare_card,order_physical_card,False,0.31460000172955915,False
103,8ae5a8fe0475976eaad845a00f5d9cd81d5f3b05b379e6d5ab97c0936cb1fc76,exchange_rate,exchange_rate,True,0.2961999998660758,False
2939,cd85f6a215bdf0c1105bf7a30b68e01f908484003623620860cb58085ffd8572,card_about_to_expire,card_about_to_expire,True,0.3819999983534217,False
2807,49c84186800bc09a45a5f2cad813aefaa528e6b41ba87a0be6436ba24eeeb5ae,top_up_by_card_charge,top_up_by_card_charge,True,0.3378000037628226,False
1829,473b23b72e8e73dc44b793a6bafd47d230e156d024779ecfb89b00ebb38b37df,declined_card_payment,declined_card_payment,True,0.3065999990212731,False
2995,80d4cbf6fac887f8349f863c7eeff82dda78083416937f24e639bd8418f4aca8,apple_pay_or_google_pay,apple_pay_or_google_pay,True,0.28469999961089343,False
2648,a2f42b5aaef99313631912313a376a265c2470e2a6c9a3682deac95dbc7f0a9c,top_up_failed,top_up_failed,True,0.2843999973265454,False
1530,1c634618d7ef5295af6eb796ea4ee10d7f34b847d51e8737bab24ffd0ee5a5d8,passcode_forgotten,card_about_to_expire,False,0.25430000096093863,False
2496,45509a2bd4a74b60bf377357d621aeab74779302eedc23d93cc04fdd01a7c314,order_physical_card,order_physical_card,True,0.2040999970631674,False
1310,a618d91a0892c12403a086efdc3edc399e2d34fe5e5738be3ce3aab881bea443,visa_or_mastercard,visa_or_mastercard,True,0.17970000044442713,False
2548,325228cfc385788ef9f4143b929413b7ec6151ddb5316d40f923340ec76186c6,virtual_card_not_working,card_payment_fee_charged,False,0.43849999929079786,False
2394,83437709d9a546c819c920c8c9c1ab55898c9e35cf5ce9c00fdc46d609a0d92d,verify_top_up,verify_top_up,True,0.2542000001994893,False
2938,df841c4c1f04dd44d5b2fe6f01f773378102199576414d910cefb4d3ba49021a,card_about_to_expire,card_about_to_expire,True,0.3164999943692237,False
348,7466497320d91aee8f1f4179c230b85fde5725062c9a3080f778067bf91fae91,automatic_top_up,automatic_top_up,True,0.31010000384412706,False
2213,5599369a77b04a42ca2afc835df078a14f5575d822711d90775a2e95c91e575d,transfer_fee_charged,transfer_fee_charged,True,0.9321999968960881,False
970,baaa0280b006ffa05aad9b7ed91e0e1ead0d57bdc64b73cd1ce60ce6c23c557b,card_acceptance,activate_my_card,False,0.34579999919515103,False
2623,980607d3cf0a67bfb055232bb56cc99c71430c30d9b15da0b79f2c0c3d191177,get_disposable_virtual_card,disposable_card_limits,False,0.33909999910974875,False
1429,16895348f8b4938a6587ce76a65d27bb70afdca7a4dacef7bd2591a965482c70,compromised_card,compromised_card,True,0.20589999621734023,False
2389,2d3f5023f60567576a5e8b95891cb10fbed0fa645379342d26a41e1ce355efdd,verify_top_up,verify_top_up,True,0.3333000058773905,False
2221,10e0f7f225d43744bb3990ac6567074764f9394c8d8f42890f02f5df4ff161c5,transfer_fee_charged,extra_charge_on_statement,False,0.36109999928157777,False
2646,acfaf4280ef5f9ee4c3073c0cac69e04e2a4842fe6f4c152a8e5aafa7dcbed81,top_up_failed,apple_pay_or_google_pay,False,0.22840000019641593,False
450,361a399366fadc1d2e27d00964e23dff8627f9d69c85b777f1d1a92b1291b2e5,lost_or_stolen_card,lost_or_stolen_card,True,0.19830000383080915,False
521,ee7742ee5bd3e4abf9c143a6e0d8c454febe4acbb50a67dce98a22bef6662ed8,pin_blocked,change_pin,False,0.22600000374950469,False
2129,c7750abc92387e560f8656344537a81dfbc2fc5bf9551a6dbbd80286d0b6034b,change_pin,change_pin,True,0.538200001756195,False
2299,b863212c4c6af7c9ac0c36ed1b80dbb2902dee7ca5856dc202f6ec436807bd30,failed_transfer,failed_transfer,True,0.20180000137770548,False
1056,f60f4551c149dd59efea0647f27b438f49d2d2d1bc8756b2b1ffc9e6ada8d156,balance_not_updated_after_cheque_or_cash_deposit,declined_card_payment,False,0.36440000258153304,False
880,159328647479925b40d7c991f3a0fcf768fbc198cce33c6d484d82d5c0d3af62,supported_cards_and_currencies,supported_cards_and_currencies,True,0.7006000014371239,False
691,d09150fdcba07fe08d647e4950a24dfad5f22045d1b321fa94643ab7bfa3cf0f,cancel_transfer,cancel_transfer,True,0.5110999991302378,False
1947,d439e06ce77c33659e7d5053d829549bed2f5d484fdb2f24b2a6bc0e5bf567d2,card_swallowed,card_about_to_expire,False,0.6576000014320016,False
672,f2b3cf539f90e41cafba97727e8a3214461c3c63af6c87d55a60c224204dbc50,pending_top_up,pending_top_up,True,0.4667000030167401,False
1469,be8d3b7b5528bd3a85ea2402f01d2ca480a1a34502ec73a53fb03f1550d3ccf0,atm_support,transfer_into_account,False,0.2798999994411133,False
1356,20351140d59c7a26d8da50f5e579c64969e9c3c208fc4bc683314e29a9107d36,topping_up_by_card,topping_up_by_card,True,0.3023000026587397,False
1824,d71357b3f7346366669b6e78d48e5c4038b4f00e938a31e424f7be15d6cf36e6,declined_card_payment,declined_card_payment,True,0.3561000048648566,False
1880,82a60c10a124442ae508e70c1fbc562e8b472318c4787fb0846ec74a6683e97b,terminate_account,terminate_account,True,0.2201999959652312,False
2349,12a0b8c0d0e6602c7191ce1ea96d57736bd128b05a76f3969c342b7a798fbf41,transfer_into_account,transfer_into_account,True,0.31070000113686547,False
1230,f2e21f0f40b37e77e8c86cf986e30133351360cc6aa0645f51edc73d0039fb29,unable_to_verify_identity,transfer_timing,False,0.3304999991087243,False
1311,48ee90ad56b453d723bb8fb89ab5dd18545dceef4d9e8e5f40f44a5be8590e6e,visa_or_mastercard,visa_or_mastercard,True,0.2330999996047467,False
2740,1c67bd3fd68b251e824196ead2a99825a92f3845065f804910018e9fce9296ee,cash_withdrawal_not_recognised,cash_withdrawal_not_recognised,True,0.2796000044327229,False
1462,2c8bcb8bcf53b8b5b862f10d39dd61dc5a528a34d84d060b8e3dac31dd06f4d7,atm_support,cash_withdrawal_not_recognised,False,0.33740000071702525,False
2930,f65efe4be6cff538d520b79e735d7f51451b902da806de4ca0c9e838d031fed8,card_about_to_expire,card_about_to_expire,True,0.43300000106683,False
2864,8f7069d3b12638fd8b64a7b49753dfb63d9d9c8a35b1476fbbde31e6c1262374,activate_my_card,activate_my_card,True,0.15809999604243785,False
802,7627187791efe3e107661be31530db985645d362c073d2c219fb59aa2d37c954,card_payment_fee_charged,card_payment_fee_charged,True,1.2777000010828488,False
2254,983152ffa71229243a737071150f405fed68f3e7a8080eca7c2db21611979976,receiving_money,receiving_money,True,0.7399000023724511,False
153,4df7da3cec6b5a844cc0051f2afb85cd7b2d7e17ae0c6f3cc3ed8eac2d82b3ad,card_payment_wrong_exchange_rate,card_payment_wrong_exchange_rate,True,0.3662000017357059,False
222,8f53b69b0e051785d65939d6f8a841a675587783336e7436a8be48f9fb9415fd,pending_cash_withdrawal,cash_withdrawal_not_recognised,False,0.3851000001304783,False
1873,0e4fc25383a8147cdca1e23d2ee64c5fe593299e0e4b0e81ef3c023de87b9de2,pending_transfer,pending_transfer,True,0.7511000003432855,False
2093,06655260d62f8c21a86ebcdb36dad1d3739cdef63edacc77e5c2826e61fe2871,reverted_card_payment?,reverted_card_payment?,True,0.3291000030003488,False
1029,f27e5b20821aadcab872cf4dbceba9d34324d067dd6d7a80572c0e9edf5fdc5c,top_up_reverted,top_up_reverted,True,0.3097000007983297,False
1158,135fc314b1bdaadb5bfdcb98ac47d943f6fc69f809b4a5e07d26290002baf626,edit_personal_details,edit_personal_details,True,0.22500000341096893,True
2965,bed7472491069efc41e42f74aae691b8a845a58666fcead9daaab5707b950a08,apple_pay_or_google_pay,apple_pay_or_google_pay,True,0.3192000003764406,False
1086,7c26612d1ddc5976e8353d240254762ebe167746e5f567aedb86a14f4a4bc0fe,card_payment_not_recognised,direct_debit_payment_not_recognised,False,0.3495999990263954,False
1066,b380d8cbf90d3cf788ca4b786f3e922edca739727153b794c25f8c5887fcebd4,balance_not_updated_after_cheque_or_cash_deposit,balance_not_updated_after_cheque_or_cash_deposit,True,0.3447999988566153,False
1716,924c679101c1ce99354f7f2edd7e09651d3eb58dc5fe6ea230bca2d62ea69608,request_refund,request_refund,True,0.25270000332966447,False
1117,56ee1b385823a64f1c2de3c09c2df9c68096e924baa46e68bb9b28e53be0372e,card_payment_not_recognised,extra_charge_on_statement,False,0.27090000367024913,False
2568,bac04e4ea8a748311f47ee5df7b8e77213d0206e2a8c7cfa95f7b02fc0c51d2c,wrong_exchange_rate_for_cash_withdrawal,wrong_exchange_rate_for_cash_withdrawal,True,0.3342000054544769,False
196,dd2d4fdc0edb3453ffd703ba08700bb829e8b6a038172eb2d01f063bdbf877fa,extra_charge_on_statement,reverted_card_payment?,False,0.4346999994595535,False
160,527a01385efd0f890edcac895dbf47396320d66707f7be539a8c21d5d89915aa,extra_charge_on_statement,extra_charge_on_statement,True,0.3958000015700236,False
2557,a450a65fa2942c8da3af765d469197177b28c31c59c225f7cf1d1616fbf9cb45,virtual_card_not_working,declined_card_payment,False,0.5117000036989339,False
738,86e0505ed8abecd776925f97c1bbe07b68b8fc919e289c0d198f5c074e38ef85,top_up_limits,top_up_limits,True,0.24500000290572643,False
3042,eef0e46a6bf6b01e7994a768b509dec83ed265335c6e28ea9567d2795a32676a,country_support,lost_or_stolen_phone,False,0.32249999640043825,False
2184,36482b52edcb6ec7b1dbe2b7e271894d3a4e6fc73c8fca4086a06e6db7751576,beneficiary_not_allowed,beneficiary_not_allowed,True,0.31820000003790483,False
1629,1fbe04e156bd6a354efb8b2a11018e3a567ca69f94448c857f884142ee8495e7,pending_card_payment,pending_card_payment,True,0.22890000400366262,False
499,b7d899e5064b34d789216df585a157cbe65caa8655ae1a29625c7d3cce3c42df,age_limit,age_limit,True,0.4265000025043264,False
1128,ba522caeb1ff230bbd8e70f86f5f7ec9e49495ec62ecdb85aefbc4526faf2486,edit_personal_details,edit_personal_details,True,0.3859999997075647,False
1891,401d15de39ffbb319ac298a303f987423864d7e47c9a331a3f0c4e8d4e061682,terminate_account,terminate_account,True,0.3068000005441718,False
380,0f9bb1a3eef49df652f8569a2ce21d6a0cf76f2c1131422a14545d3cc649118e,card_not_working,card_not_working,True,0.23720000172033906,False
3003,e731ee1e31eb095cbd07568066f5f3b473bb0245cdf7bfb936cd6e20442bdd26,verify_my_identity,verify_source_of_funds,False,0.2195999986724928,False
491,0445fc84deae7bd3280cbd1abc4e70480f3c227b7997fd0b720589fa4afd960d,age_limit,age_limit,True,0.19829999655485153,False
854,2c96e625fb15ca9fa0d8491ca8d5b30a5eb68732197ee12c87059e683ec502a3,transfer_not_received_by_recipient,transfer_not_received_by_recipient,True,0.3744999994523823,False
718,b0c3fa9295966f57c952f3ccabb40d3e114df0ae6f22a659720600c3314bcfbc,cancel_transfer,cancel_transfer,True,0.39459999970858917,False
2537,891b6e0b2d185ffbf7616f3d8fe0fbbe2a99a0e939db3ce50347c67cd305ba76,virtual_card_not_working,declined_card_payment,False,0.32410000130767,False
2777,37f58f274a968f2e144b284391eaa818a4bc19333953fb9d395ce745bf092151,exchange_charge,exchange_charge,True,0.319799997669179,False
2819,940a878e47f81ebb75e06eaff77b350dcd317c7bb7cb875526146d93a9043237,top_up_by_card_charge,top_up_by_card_charge,True,0.3749999959836714,False
2831,f6996f061b1efe5eb9c148d01b6d316d949f3a1c771c5e6c64b45a749e637837,top_up_by_card_charge,top_up_by_card_charge,True,0.2516999957151711,False
1955,b561a7f4f9aa8435bd22c8c2e729589d9af96db970a156fc9c11e0fb29c41a33,card_swallowed,card_swallowed,True,0.6279000008362345,False
2539,e82e723a6dc51211f274d84aec88a3eebd1f7d6ce7fdd97098215e228dbe7801,virtual_card_not_working,getting_virtual_card,False,0.36810000165132806,False
96,b5fef74f692169f3022f6b0ac579437d83a96c49d12f6a3869f8d675f361334d,exchange_rate,exchange_rate,True,0.3040999945369549,False
693,78d52d03b973fdae6717ae5d1119fa1c95df16d529457f7a5c9cf3b505b1b35b,cancel_transfer,cancel_transfer,True,0.19910000264644623,False
1102,54a2fc77a7b1628fec81c6f44910c4fb11639246e1a743e341920cf73f09e1ee,card_payment_not_recognised,card_payment_not_recognised,True,0.7040000054985285,False
1410,f0d77827a7eda8dc258083314ae21aea1f7026d450ef2d2891c7f7fe7d4a3517,compromised_card,compromised_card,True,0.6791000050725415,False
1235,57ab74d5c9748e8fb4a1828338eb1bd0e4dec08c61b73ae2a3b01de4d5b12418,unable_to_verify_identity,unable_to_verify_identity,True,0.2547999974922277,False
1622,223a70bcfbd9915a118cd683c1e228a18cc6fd7cbef6132d7ed5f473de797ffe,pending_card_payment,card_about_to_expire,False,0.298099999781698,False
755,0ccf303717715980ea13b82a3d5f512a7fdb748781e126fc464d97ae3e7b93c3,top_up_limits,top_up_limits,True,0.28219999512657523,False
147,0fdfc40517ac708351ed88c1999b96247598a2cd6e189c32dde62d1f46058d11,card_payment_wrong_exchange_rate,card_payment_wrong_exchange_rate,True,0.8130000060191378,False
856,91c1ee5ee0060427fcc38061aec6c035d7ac9c8b84ae84eb1f78e3d6d738e603,transfer_not_received_by_recipient,transfer_not_received_by_recipient,True,1.390400000673253,False
2567,e64bdbed3c727fb61566e3ae529e97d2971850189d328ed5a98de6c9239de81a,wrong_exchange_rate_for_cash_withdrawal,wrong_exchange_rate_for_cash_withdrawal,True,0.5278000026009977,False
1747,3c489c9a7f2e4e518b4bd962db1f45b1a4d66f76b51d6b2944d9df518fd0a165,declined_transfer,declined_transfer,True,0.3816999960690737,False
2059,aa92a28abe7b4654d52ca968f6530cf8098f103b88ef94b25af3a85b7301e124,transfer_timing,transfer_timing,True,0.37029999657534063,False
578,739f36a9fe6bc4193df117294bdcea554778c1b224330ccc3f57eae39fa9abd7,contactless_not_working,card_not_working,False,0.20000000222353265,False
918,c76100e94b3e2634266e25675f99792e1eacec38bee4c738253b8530b59d2064,supported_cards_and_currencies,supported_cards_and_currencies,True,0.33290000283159316,False
2803,2bcc53e8b2620f696d1988ed07095eae4cf76ead5937134c9539776ac6c0eb4a,top_up_by_card_charge,top_up_by_card_charge,True,0.38889999996172264,False
2902,38e2fe320445f9aa600f2f3913c197284069b64d906c94465b5a94f47a1d7678,cash_withdrawal_charge,cash_withdrawal_charge,True,0.31540000054519624,False
1269,90282c760c1f253f9b5e5a3b8df7cd01d19b2d7d3282e760b1b525cd322c6ec5,get_physical_card,change_pin,False,0.16850000247359276,False
3076,9223a3b28770cdd68bb2cf10270b7af131b2bed825b83ab2b3e852396957a9db,country_support,country_support,True,0.22629999875789508,False
2151,ad41b80736ae132fccdcf15372e1c442484a305cb00c1d6608e3c3b93c8150dc,change_pin,change_pin,True,0.30610000248998404,False
2343,01087aa3c7675e84ffe5c78f0b3b0307980f3633882beddfdbacdd731d414a05,transfer_into_account,transfer_into_account,True,0.3730999960680492,False
449,40dc80052c6330f63163177a5ee6f79ad4cee98e0fa9bd303ff02228a176ad6c,lost_or_stolen_card,cash_withdrawal_not_recognised,False,0.21910000214120373,False
1535,d547492d3ce286d046a38ea7634e2c9e032383836b44bb92842dc802c62b7396,passcode_forgotten,passcode_forgotten,True,0.1694999955361709,False
709,9bbd7530bb86751590f3fed775dc41c1594b9cb4814119a8aab9fd413a5986a0,cancel_transfer,cancel_transfer,True,0.22039999748812988,False
1706,3ce67f8cb77dbcb14639773ba772c6cbb0f6b7fa2ad7f1e434d8d967f26624cf,request_refund,request_refund,True,0.7898999974713661,False
324,78160599153f6d7394e0bed3df759348b838fc0f0927c70e1bfcba0a1bc757e6,automatic_top_up,automatic_top_up,True,0.2556000035838224,False
1391,b93356511618f56958b832031e7f3edd1d535896427d112d21ee03328e05343f,disposable_card_limits,disposable_card_limits,True,0.25009999808389693,False
306,ccd0f3f2b2ab96e699abf98fb903051cc05b526e5e197db66ce67b39ff88bcb1,card_delivery_estimate,card_delivery_estimate,True,0.17970000044442713,False
1925,f4a2c30d71f74b5fa7fc7d651c473af4b4465eb3e16ad824655bb51c64412044,card_swallowed,card_swallowed,True,0.1770999951986596,False
1034,84ca848c32df12212cd9d27c5a5fdbafa45850210af760d04793ead948d60adc,top_up_reverted,top_up_reverted,True,0.31670000316808,False
1383,95a23e5adf39252872395fdbd2caae125642a76617c44d973b28301076feb8e1,disposable_card_limits,disposable_card_limits,True,0.3617999973357655,False
2737,10afe1ce59894ae664d66e1e43d855cbd7597876161141091675f8d5f302ec7a,cash_withdrawal_not_recognised,cash_withdrawal_not_recognised,True,0.22539999918080866,False
1956,48ea6939bb9f53d70ff5d87c060990a2e66f500e74db9a8271afe049b4c89e87,card_swallowed,declined_cash_withdrawal,False,0.27799999952549115,False
2607,074290bf5496ae8cafddc699900eb8432a17004172e004eb55be0d6a34e44d7a,get_disposable_virtual_card,get_disposable_virtual_card,True,0.221800000872463,False
954,a922ddf2be8866cf1f2b60b511bfe3326fa0f6f0aeb4fc9b48dfe6e64897faa5,getting_virtual_card,getting_virtual_card,True,0.3208999987691641,False
1645,b9280aeecf0868f8702a6041a16bbada9c5544051d99eee3d341ffdc8ba364fc,lost_or_stolen_phone,lost_or_stolen_phone,True,0.2282999994349666,False
1854,9b207b7ac03e49df12f4970cdbfaa2d92dc2242ba700bf71c0af4fafb432e85d,pending_transfer,pending_transfer,True,0.447300000814721,False
2920,2abcbb4b8b52c55d92463d39a4255870266070ad3d12536756e4870f24970a81,card_about_to_expire,card_about_to_expire,True,0.43929999810643494,False
1686,d1e62f49fd1b040370401231836a0061ef575cb868dfec6b656c987c2ff47cfd,request_refund,request_refund,True,0.27150000096298754,False
2860,9d25c8ba012178592cba46f8bfb9f15927c80f2bbba57042c37d2694f67f3ab6,activate_my_card,activate_my_card,True,0.3129999968223274,False
572,d3309832dbb58fc9dd0cfa143377f07483e3f55338a9a36821c50b395883cedf,contactless_not_working,card_not_working,False,0.22589999571209773,False
2674,f81997abf3e5b873b6bd377e407956c920a7d7dce0249edd0afe6e5659afb342,top_up_failed,top_up_failed,True,0.18309999722987413,False
2449,56e35731e6b2e402ec3d9d13e1ac4802b5c6804bfa943c9e0f5cddd47b3f23a5,top_up_by_cash_or_cheque,top_up_by_cash_or_cheque,True,0.40720000106375664,False
185,473871feae754788682a0b1d45f58d8f7be05b149f03c54b98ad0935c84a6391,extra_charge_on_statement,extra_charge_on_statement,True,0.3372999999555759,False
2849,a91ebba854553d652167e95703550c1fbd1ce5ce9a856aa11cc567960ce59447,activate_my_card,activate_my_card,True,0.24809999740682542,False
3015,df0cfbfbeffd95038c83a83bd1b8aed1586bb55d37feb6b8f3ddef37b88fd6f8,verify_my_identity,verify_source_of_funds,False,0.3180999992764555,False
2203,912b28fa33f64b54cccffdaf7d862567470dd99bbd5e5502231023827633dd14,transfer_fee_charged,transfer_fee_charged,True,0.25469999673077837,False
2102,681268b3283fb6e57923158c540315aa62d76c538ffc739f6014df2757e6b794,reverted_card_payment?,card_payment_not_recognised,False,0.7344000041484833,False
586,e3bd911b30c91d5e897a59420f00cb3f458ac9d0f69f3ec162cedc27b3fee049,contactless_not_working,card_arrival,False,0.24700000358279794,False
104,047766b05734ae4a46f58ca829143a708186eb2d87056ca1979dbaae9888f30b,exchange_rate,exchange_rate,True,0.25520000053802505,False
2366,3fbbb1abd7e5efbce2b7f55d0c4dae9fd17266776be1e1101d8660ceba3705b9,verify_top_up,verify_top_up,True,0.24739999935263768,False
49,3b2bfd78908f748b2b10d17d2e2cf79f64bb1475083beeb6711f37fe671ad24e,card_linking,card_linking,True,0.3448999996180646,False
907,8ac292a5271b18fac4c6fc58cc1b3223ef8a11875cce5bf40512046f841eff6f,supported_cards_and_currencies,supported_cards_and_currencies,True,0.35429999843472615,False
1922,45d485a2ae21494adb14e3cbb1300d7d12d0f78eb98e85d3f4f63e48de6cff6f,card_swallowed,declined_cash_withdrawal,False,0.3193000011378899,False
967,f606ca548078d1387840a012ec38f661e5a73ebcd72d423979ab37aa3c6996f3,card_acceptance,activate_my_card,False,0.2282999994349666,False
1241,ff931c14850da0597caf9fd3aee27aafb632f7fbe824db3fcd0d3d66d4b4deaf,get_physical_card,get_physical_card,True,0.2896999940276146,False
456,df26977d00649f5a33ed8122c30522fc2ffb133c2e90f855e63fb62178ea5634,lost_or_stolen_card,lost_or_stolen_card,True,0.6647000045632012,False
355,e7ab0d4c5be2fbdc4c140d73386bb49ac9e67e664b8275994183231c80ec05ce,automatic_top_up,automatic_top_up,True,0.6962999977986328,False
2358,51f4877e6b80795612f1744c81ffce9ca686922dc67176e3a3003261ef176576,transfer_into_account,transfer_into_account,True,0.4501000003074296,False
21,fe06e0057f137bd2b6dbc74db924c050d0274f8c0b42a1422c5540b44b925806,card_arrival,card_arrival,True,0.23189999774331227,False
1070,77dfb82fb2e456464a9fb3e00716dacb6c4057d38817647a67f42b87cee5d5d9,balance_not_updated_after_cheque_or_cash_deposit,balance_not_updated_after_cheque_or_cash_deposit,True,0.4216999950585887,False
447,4a14fde2eae2143a280ce8abbcce3aec77808d8fa97470a62b15174bc0f75685,lost_or_stolen_card,cash_withdrawal_not_recognised,False,0.5278999960864894,False
2487,a2c015e37ec6e1dbd387c3fec06675426d4e950f75d88b25031fa4082a9012fd,order_physical_card,order_physical_card,True,0.3338999958941713,False
1215,db543d6ff5a5813f1ec24958cb8a9f6a6c6354c6bcfac94af9c26a61334ad9cd,unable_to_verify_identity,beneficiary_not_allowed,False,0.2995000031660311,False
733,06b54e75df75ab0da49fc26fd996a8320cc5e149ff4b0c80342156c629605fd7,top_up_limits,disposable_card_limits,False,0.42209999810438603,False
2215,be7c18cc711b415ecf5507158934b669ddcdabab6ec6bc03891a2a1dbccd6947,transfer_fee_charged,transfer_fee_charged,True,0.5197999998927116,False
315,790be7012fc7b7c6bc7f81932877e79493fff02046c026f2c727f2bb6ea5b779,card_delivery_estimate,card_delivery_estimate,True,0.23159999545896426,False
326,e160ad3b5141da4e44bb827af3ccc0139a070299458913433f4a0cbd54372b85,automatic_top_up,automatic_top_up,True,0.39590000233147293,False
2608,9e7f01d22d2301e3951f13bb68c34552aca051dcfdf48a6bcb7dae7e75a6d8a3,get_disposable_virtual_card,get_disposable_virtual_card,True,0.2705000006244518,False
2236,7b674383505fcb4f46461b3c598543b0bbfb1ca06c071cd49878ec3ef68ae101,transfer_fee_charged,transfer_fee_charged,True,0.2744999947026372,False
2501,b3dc46ff168de30c0a65f7f19a02ed00c821c5926b77c4a6dfc39f272e1db08f,order_physical_card,order_physical_card,True,0.23829999554436654,False
2889,8804856cc3305c2102e07b1995e44a38c8f84e0d4919f33b6f353786d4f5e5ff,cash_withdrawal_charge,cash_withdrawal_charge,True,0.30160000460455194,False
799,171fe768c6f0a23754f25d1d71b5bf13ebcdb11de0ca422072b9686fc3a559dc,wrong_amount_of_cash_received,declined_cash_withdrawal,False,0.3300000025774352,False
552,70c7facd9f907d3721d94c5e58c16821135e9302490181a212ddcbdaae3d8244,pin_blocked,pin_blocked,True,0.2181999952881597,False
800,f1c7bac23b5dca0be76393c0fe162416040311d37a5d3e0b98142e3def6d7b90,card_payment_fee_charged,card_payment_fee_charged,True,0.35709999792743474,False
3073,c38156e4031846ab5422547de9a65c981e4e735a7ed9aa5368709d43ddf2e71a,country_support,country_support,True,0.7562999962829053,False
2192,d92a56dcbcedb09c08dda226af1e307c69769db124a5bf573196912e3a0a6d96,beneficiary_not_allowed,beneficiary_not_allowed,True,0.4174999994575046,False
1548,4e2792f88e2363c9f63e40ea51e8c79d45359e6f8e69846f69feed4265fb89ec,passcode_forgotten,passcode_forgotten,True,0.27119999867863953,False
1421,f195cd53cfd829b9be874f20c59302bc1d442b0b734b2fec0287ef1b1dff7a8f,compromised_card,card_linking,False,0.3036999987671152,False
313,679a259547548a0fb99884e366633a92eacdd3ee5e25b61379f5c060d92f42f4,card_delivery_estimate,card_delivery_estimate,True,0.26760000037029386,False
548,3b4ac53dd893ae941c78139751d9434a2b93c8842306e792b4a6958d373970bf,pin_blocked,pin_blocked,True,0.35650000063469633,False
934,629eee1f87b298abb5924cb627aa6109eb133140e00c2aeed288e709f40bf080,getting_virtual_card,getting_spare_card,False,0.32310000096913427,False
1995,5147d57e437fa0e086ae3bee03e35acb1798aeefcf39bff8f13c0f9c106c3dec,transaction_charged_twice,transaction_charged_twice,True,0.7543000028817914,False
2717,1be6ac2a2ab9a06e3635f885e594a2dbb5a95c56b0c3e4b1e2a699df53f1cb77,balance_not_updated_after_bank_transfer,balance_not_updated_after_bank_transfer,True,0.26249999791616574,False
2658,c2043e1bb4adc97466b95c4947ec490928c50aa7a71f582772af2ca4ed31adf7,top_up_failed,top_up_failed,True,0.6753000052412972,False
2967,319cca88e2136dcf26cdf6242837d3c4f6a689ac5cd4c9b25de0d6fec904c4a4,apple_pay_or_google_pay,apple_pay_or_google_pay,True,0.3052000029128976,False
1129,98e911701b623bb10c5ee8ffc17869541c5b56f2c477569b169eecfc738864bf,edit_personal_details,edit_personal_details,True,0.3723999980138615,False
1540,ce6e4cd242ff771c4caafce34308bf1105dee4b7a342d53389b5c937cfa042a3,passcode_forgotten,passcode_forgotten,True,0.37489999522222206,False
624,911f7895ee510e0633de8524dc3c3e2943b171ebf7e7fbb85142fff94c5fa3d6,top_up_by_bank_transfer_charge,top_up_by_bank_transfer_charge,True,0.3071999963140115,False
1938,12f5a987d9006ddfdda53e1fb70a86a7bcb48fac12c6109c6146419cffaac317,card_swallowed,card_swallowed,True,0.3057999929296784,False
2395,0eb9c367e181a760750a0047378be89abf3c32d3bc34177e7701d42b0041c8d3,verify_top_up,verify_top_up,True,0.4371999966679141,False
2513,91252a3271a31746e1ae92dcfbe512d4092833554c9f61288549455b3bb91354,order_physical_card,get_physical_card,False,0.22259999968810007,False
2764,d4d00a61a2b6dbd2fc619deb8d0e197dfda997bafd6e52fb15a3a06da202137f,exchange_charge,exchange_charge,True,0.3268000000389293,False
1216,91105e4ba8467374261199c1f1dcc3a46a1acb97eec9279a80da052118ca43ae,unable_to_verify_identity,unable_to_verify_identity,True,0.2666999935172498,False
210,ee1de2145fd9568d132ed52f1ceb0085b9c0b4b35839f55108fc4d77c92a2ddf,pending_cash_withdrawal,pending_cash_withdrawal,True,1.0381999964010902,False
948,b7ec7cfc3d45f147110f18880e886bd88d48d9d14f336ada3d211bdd23503f47,getting_virtual_card,getting_virtual_card,True,0.40409999928670004,False
1597,f01ef9383676e7aeca9bb1a7e967acd06d510f5d0f5ecb5d42b7429435ae1b67,declined_cash_withdrawal,pending_cash_withdrawal,False,0.7676000022911467,False
391,3fe0909e36c30501f2d123cb19b70c0185f94d0c66114ac649f9467fad698fbb,card_not_working,card_not_working,True,0.287199996819254,False
1246,981d5861a096bfda26d927fa51de2e24783bd4d7324ed58cf74f35d972fab1bc,get_physical_card,get_physical_card,True,0.27379999664844945,False
2145,e791ae3f7d99ffd2ee1e77d7bf065a95f4c357d06c0c3bb864604fd70ed4706d,change_pin,change_pin,True,0.2342000007047318,False
1277,c08f956c804fd2cc742c34347ad5ddf4d854b53177b2f6c7ffbd22dc0061aa37,get_physical_card,get_physical_card,True,0.2049999966402538,False
2245,95eafb97c2808f374cb41d467cccb933b7370523ed86f3b8f84934cb7957e4bc,receiving_money,receiving_money,True,0.34869999944930896,False
1789,68d34765f5ab1e56f13208112cbab6bc6a87cfac0c7b6f39e0f22a6ff94e8955,Refund_not_showing_up,Refund_not_showing_up,True,0.38109999877633527,False
587,d79b32987d418040f13ff6e6d775d2d25a50c8de6abad0c0c00a49a5950713c8,contactless_not_working,declined_cash_withdrawal,False,0.2604999972390942,False
1576,48a81ba02413126a6fbff53aaed7471aeb82a04d5fcf04742cd9e7b146cf10fc,declined_cash_withdrawal,declined_cash_withdrawal,True,0.28619999648071826,False
2164,a8459cc7465e7e3ad20cdf89df0f9dcee62f76eb83a20b711b84f48013fe1516,beneficiary_not_allowed,transfer_fee_charged,False,0.20279999444028363,False
2606,7b1947581fe544b7bb94e96609f5c0b6d9db39eb9aeac23be539608c18ec4a3e,get_disposable_virtual_card,getting_virtual_card,False,0.22199999511940405,False
2472,36eaadc9aa8fe7fd8d8d66ba4878808671f68240cfd56b0ca9edf85d1f782838,top_up_by_cash_or_cheque,top_up_by_cash_or_cheque,True,0.331300005200319,False
1870,718fd7e2622645efc1a18c92b937aef125d503b067d0a468810e4c7f4e1b2c46,pending_transfer,pending_transfer,True,0.23540000256616622,False
2748,d22b380d04754643843fe83633cfa74d893edca59e894a91fbca76ff044724cf,cash_withdrawal_not_recognised,cash_withdrawal_not_recognised,True,0.4776999994646758,False
640,3036249862a8ac9f71bfb74697d47e404177a5feab4e00740553d666098e2c17,pending_top_up,pending_top_up,True,0.5318000039551407,False
2600,4c1690928f89d900ee4f8b0885bb7da80a564020d453c85b182f6c52c26f4122,get_disposable_virtual_card,get_disposable_virtual_card,True,0.35010000283364207,False
2835,83a3dc79a917cab6c579e325f86a851e11ecfcbe05617de3b0c9262980874924,top_up_by_card_charge,top_up_by_card_charge,True,0.2778999987640418,False
2448,5d14ca1a41a5c06bb62a06e6932ba27b7b8c987aa332fc6fa9cafaba4787203e,top_up_by_cash_or_cheque,top_up_by_cash_or_cheque,True,0.3485000052023679,False
436,08319f8e6821782dd954a3993dd57eaf3ad97868955acbea973226bd5addde2c,exchange_via_app,exchange_via_app,True,0.31820000003790483,False
2904,670fa239b8bc6fada2a096494ce8fb92bf76a53e542311a1e8138c76e1ce0015,cash_withdrawal_charge,cash_withdrawal_charge,True,0.40070000250125304,False
1270,f28c9ae56f379455ff64f6cb456593a8bec6e9b80627044598f2c695c455d029,get_physical_card,get_physical_card,True,0.22729999909643084,False
609,c3f4841e2e346031d3832c898aa60d668a5b21d20292dd2b2bf97b24a0b6a933,top_up_by_bank_transfer_charge,balance_not_updated_after_bank_transfer,False,0.31650000164518133,False
1152,3b9f070b782653fe9bdb7b509eaeb035b5f90d95a9ad9d70f960d9fc9b20f313,edit_personal_details,edit_personal_details,True,0.2578999992692843,False
1586,3be1fd9f460a6b6e6e0ef061de811476e617c9adc8248e883e387ae95d954a7a,declined_cash_withdrawal,declined_cash_withdrawal,True,0.23379999765893444,False
2626,33ef5c4bfa90ce2a943ff664263124a24024f8e340f4666034f3dd0574924e54,get_disposable_virtual_card,get_disposable_virtual_card,True,0.3299000018159859,False
1037,5a0ace97c32bca09b3b0794b6e5aca448bf096b55ae107ad99047783927b98ea,top_up_reverted,top_up_reverted,True,0.23359999613603577,False
2249,341816cb6363dab483bc03874384a19361037cc9a7f4e1ee2e454710f769e0ba,receiving_money,receiving_money,True,0.2702999991015531,False
1997,a673590e312cb7aaeba894a0f5b265f03e49e1b4ab13a153b196831378fa5ff7,transaction_charged_twice,transaction_charged_twice,True,0.22870000248076394,False
2404,b9d9bc5c26e65ac33df2c600314f2cfcf99e322954c626d1696ce315a9c6d908,getting_spare_card,card_payment_fee_charged,False,0.2523000002838671,False
687,9327e2289341236b9cb04823dbe31cf5f0f4a690a3500e83619a60b54d1bbcce,cancel_transfer,cancel_transfer,True,0.3273999973316677,False
2871,54bb09991d83f27dfc61d4fd975c107a6d4e79d8332315b388932a04bb4ca44e,activate_my_card,activate_my_card,True,0.2776000037556514,False
717,7d70102f754dedc394a141d55e182921c07952cc40fd3e1ec7ed54222c35e61f,cancel_transfer,cancel_transfer,True,0.32440000359201804,False
1091,5bb6e30d8c8484530b2018afa220026b778b53dd3a68862c790e295138114887,card_payment_not_recognised,card_payment_not_recognised,True,0.5323000004864298,False
820,ae1277ef25a3929abbc582f5e7d6cd48ea000bf2cdbde340edccf979614f5162,card_payment_fee_charged,card_payment_fee_charged,True,0.3572999994503334,False
1228,eeae1e21ea6eeaa1f17b8bfc4bb92c893a961879a77e6a6019e36404c01ba2b8,unable_to_verify_identity,unable_to_verify_identity,True,0.2610000010463409,False
589,9e6fe55c4706435ad1be81ce108354a1e1a0562f0eac9dc9d9c3cd83ebb73337,contactless_not_working,declined_cash_withdrawal,False,0.4619999963324517,False
2198,64d485d6856f65c17535c910753bf7ae5ef5a368eb7a82dc6a555821f877ed05,beneficiary_not_allowed,beneficiary_not_allowed,True,0.4042000000481494,False
1020,36c40525885c20dac25c7d571bbaf69ec30619d75f1c4bc60dbde8833aad8d6a,top_up_reverted,top_up_reverted,True,0.22639999951934442,False
2273,0aad915857104b9fe700483eeb0a1fdf900ef19cfd624a44d925421d52de179f,receiving_money,card_linking,False,0.2735999951255508,False
950,6fde5c4283c8be60a6a964323585f0d4382c4ff19ed85a812331726bc42ec4df,getting_virtual_card,get_disposable_virtual_card,False,0.24590000248281285,False
680,506d43bbc99890d99cf49c23a0837f573f66258fafbf77571d97124da4a15faa,cancel_transfer,cancel_transfer,True,0.3723999980138615,False
117,9fb0d27037d476196d6db55541e54259785b04f0e51d0c16fb885ab1b415453e,exchange_rate,card_payment_wrong_exchange_rate,False,0.22880000324221328,False
2627,fb1a3f343014cbb2430bd377e2ba9059eea2ec40377a67611be5b90aae7c0416,get_disposable_virtual_card,get_disposable_virtual_card,True,0.28140000358689576,False
2176,b540a098cb5597a3588d07796a42b715d85a3a0dae1d3b27aa4a12ad8d57efbb,beneficiary_not_allowed,failed_transfer,False,0.7288999986485578,False
796,492b9a6ca039ac94d0d42d9bfac3e08a6902fde5fd6cedb648289257ee296fd0,wrong_amount_of_cash_received,wrong_amount_of_cash_received,True,0.3163999936077744,False
1702,f26e534a47b8da6b7b69a472cf98440ed137db4416ec921fe8aad07b9dfc7957,request_refund,request_refund,True,0.2514000007067807,False
2731,84cdaa39196c89bee15d0e529f4b38654123ea37adf8d8620ad4790ad6c349e2,cash_withdrawal_not_recognised,cash_withdrawal_not_recognised,True,0.3040000010514632,False
161,4c5cbd1d6d2a655581ebb52740ca8ece74197591de62111917349a59b3eff84c,extra_charge_on_statement,extra_charge_on_statement,True,0.3847999978461303,False
1426,339e669785332bd8f1d88ccef3f52433ea4c069fa5057f18a51522920013bbdf,compromised_card,compromised_card,True,0.7987999997567385,False
1160,7d556e91187ff7cfd7882b5af0753e132b6245cbfb865ccb32ae13482599af02,why_verify_identity,why_verify_identity,True,0.8314000006066635,False
1687,824513f4c16856ac1ed09703e64a044a7bb077f5715ac1c1273a6acb1b44f794,request_refund,request_refund,True,0.41849999979604036,False
2188,1bac2f6775c937a002541233cee5d9dfbaaafd4a64a6fb62111ac42e5d5b13be,beneficiary_not_allowed,beneficiary_not_allowed,True,0.49620000208960846,False
1879,d211318dc1af46dbae7c8e1d3ee62501b0d2e96d740085c72f12e85c0e93b7d4,pending_transfer,transfer_timing,False,0.5267000015010126,False
2547,6dd2bb865921f59839dcd51f6e5fbcc4910bbf1789caff5118a704bce7504a54,virtual_card_not_working,card_not_working,False,0.6496999994851649,False
480,18dbe4c7bac3d1876f15c5843f7a86fc8c8b3a79f2329a23b70690d437cd6343,age_limit,age_limit,True,0.37519999750657007,False
1896,7f40c6b1ce2e43d586d7eddeae8fd33a0f4ffbacba6f38f3ebc6716d35dc7dab,terminate_account,balance_not_updated_after_cheque_or_cash_deposit,False,0.24200000189011917,False
3021,7b8cab64e27841d72cf9778362e8924679fc1c5b6cd5e187bd73dab2d08ea22d,verify_my_identity,verify_my_identity,True,0.305800000205636,False
2759,c5f95bb131270d9d42339793524455fdaa6eac13add6bd670bc1eb730041d7d7,cash_withdrawal_not_recognised,cash_withdrawal_not_recognised,True,0.3482999964035116,False
14,c5bbd9ab97674c331b0e2a252db9115b95e5a944faf605ea15be263d706e62c0,card_arrival,card_arrival,True,0.41909999708877876,False
924,3aa6b57ecf8b328244bd2208af7e7af619b56a4aea054fe3d177eb7b65d98446,getting_virtual_card,getting_virtual_card,True,0.35539999953471124,False
1503,16c20a612954077a83c1827135109655cd998b81243b36d38bd866aed6bd4b59,direct_debit_payment_not_recognised,direct_debit_payment_not_recognised,True,0.4560000015771948,False
2862,ddfe41b3566f226ca5d03504f5f02069df3514d06cb806c567ca997c3e45ee94,activate_my_card,activate_my_card,True,0.432699998782482,False
2726,a59621a92d6267cf7d17cfa56fa4f4150b29be7492610f52ba1a6155842465ba,cash_withdrawal_not_recognised,cash_withdrawal_not_recognised,True,0.3214999960619025,False
601,88a0cdf51e49ef25efc34f083f2fd62ca271438fe3487b38ce6dbb734f7b55cb,top_up_by_bank_transfer_charge,top_up_by_bank_transfer_charge,True,0.3832000002148561,False
2005,b3f75d9819ec0cc9273af1cd7a71fd13de58160bbda212a1168bc65861364649,verify_source_of_funds,verify_source_of_funds,True,0.24979999579954892,False
319,fea740f6d91130d2d5f9f796203c1e2aa02bcaa72357371838981ecabd70860b,card_delivery_estimate,card_delivery_estimate,True,0.32389999978477135,False
741,cf4bd4c31bcd42eb1944c76ff8fe78a29a503d13f0a3d4062eb512527a553ad4,top_up_limits,automatic_top_up,False,0.2781000002869405,False
1532,bfb043c168524aeb599daa13383743e5a08098b4674f33bbd4c4ab59c2c166cc,passcode_forgotten,passcode_forgotten,True,0.34919999598059803,False
2182,1451bcccfe4957f15f609e292789d3e413a513edbe374d4aaca38089fd1e610c,beneficiary_not_allowed,beneficiary_not_allowed,True,0.2686000007088296,False
520,cb8fd9731954cc585640fd877f143588ebcf1bcd968852017a0ce3962beff938,pin_blocked,pin_blocked,True,0.24850000045262277,False
1116,4a0b17c6e9dc67cb1bad8211bcc77b272d33a611581fc5ce8c23afebd6065d6f,card_payment_not_recognised,cash_withdrawal_not_recognised,False,0.39649999962421134,False
2866,37b1d5bb6881c8aba66c81d2fe0f3cdcc5bc1545a80b13833864dcfdde74d2d1,activate_my_card,activate_my_card,True,0.2158999996026978,False
2316,19ce6ad0566ef1a4f477fa9cf299c26fa954d049d9853ad3ab4c1be1f0f40e2b,failed_transfer,failed_transfer,True,0.25599999935366213,False
883,50ace559c7ed60f101f24109b4a00bbad3f5110fa0e9edac1d4994f2142dd2e1,supported_cards_and_currencies,supported_cards_and_currencies,True,0.2769999991869554,False
1053,74eba8bb36d979d3a0aff3c827dfc1f66b384e2fa1b77dec866bed8219394d13,balance_not_updated_after_cheque_or_cash_deposit,balance_not_updated_after_cheque_or_cash_deposit,True,0.3329999963170849,False
2233,cae44ac03eb15b7f639650f8d72c806f0c9d13e3a6e35d0468eab317108e94bb,transfer_fee_charged,top_up_by_card_charge,False,0.20030000450788066,False
273,4b80ae301c1a870f4b9d9be235e31a72026fc98c2c0d4e6d341fb5e61c7d6987,fiat_currency_support,fiat_currency_support,True,0.25599999935366213,False
676,5afa015f2554784a0dbdbcdec609100ce4d39d1c3e38213a99cb961ec72e9d10,pending_top_up,pending_top_up,True,0.4031000062241219,False
1753,e7ec4e7b056dbf984b3611e282da5f2899c155cdd5643d77f37c538b6c3f1f74,declined_transfer,declined_transfer,True,0.5820000005769543,False
2915,54b4a54a166ccf24e668fe815244bb0eafbda77fd28aa80863529921306e8eed,cash_withdrawal_charge,cash_withdrawal_charge,True,0.6219999995664693,False
2840,ac8e6235b465e378d28ca3a11fc15f3e7d95e7994379dbbc3d23ebb6a704ed47,activate_my_card,activate_my_card,True,0.22170000011101365,False
2882,0ec07841f9621471e1e35302b7089ae48c8436290ed7b0ee7fcc3a5f958b34be,cash_withdrawal_charge,cash_withdrawal_charge,True,0.2824000039254315,False
2428,f0bd2a792969a7f34505c84a832edb746e5dc6b7daf366e3422d612a168b9748,getting_spare_card,getting_spare_card,True,0.2195999986724928,False
1443,4e790467c1a0bb3ad1e98ddbe2c6d64ab2418f58b1ae53ccdcbf7062a6233b65,atm_support,cash_withdrawal_charge,False,0.2745000019785948,False
1248,e1432530dac7e2ea541d667a13e92ac4aa100547f28e858964802b7ba014edfb,get_physical_card,get_physical_card,True,0.3234000032534823,False
2274,51c68ccb792abec6c02d2fad9a1de0e849893ed1d96785253c5c8b314464996c,receiving_money,receiving_money,True,0.36860000545857474,False
379,ee860209f11332a8c6e00d7b040b51b31a83d66f6517e13c9b1398c16b314620,card_not_working,card_not_working,True,0.44640000123763457,False
1198,8748e1f54d86b06d75cc9c13cae7e2b680da460e6f85f19547a91249d9940c3b,why_verify_identity,why_verify_identity,True,0.31409999792231247,False
1420,28a3b7b1e21d8ccc8bc8eb3a3734e6721858476c4a2a000824a4308af41efd52,compromised_card,cash_withdrawal_not_recognised,False,0.83710000035353,False
2027,84b4b1da656c72925bc242478734ae060516cee97f2f2ea38f05cf19279041b4,verify_source_of_funds,verify_source_of_funds,True,0.3217999983462505,False
940,f4bcde48d45fd36ad0edbedffcfa846d24775135fe46c9154ee683fb747fe471,getting_virtual_card,getting_virtual_card,True,0.2511000056983903,False
1837,ece500ff2f58851dcf162549cc286bd1cbeb8ae72595c41d49f9f8f8eb39cd7b,declined_card_payment,declined_card_payment,True,0.36840000393567607,False
2830,440e70336902713eee5bf8515251ea129199ce8ec02f078fcaf80c913489f7eb,top_up_by_card_charge,top_up_by_card_charge,True,0.2535999956307933,False
2267,b528fc1783efda337f76658b337dfe36a596962268d7cefa4c3e9d2829a91988,receiving_money,receiving_money,True,0.36700000055134296,False
455,cb4194e286807d2bd7f39210f069d75ece295d1cd16f5ca3b98518c0c71f5200,lost_or_stolen_card,card_linking,False,0.3797000026679598,False
1300,62569012f7750b7f8f76612e9f66f1c8c842eaa36dba9d898a46553b2ea83ec2,visa_or_mastercard,visa_or_mastercard,True,0.3284999984316528,False
1915,0c86f7f7b41ad0c042709d4cd2f09068842ff02c9b6c9b9fcd1873e8e50d7505,terminate_account,terminate_account,True,0.4126999992877245,False
2181,6e703f8cb771274880b2b4d17c0419bc8888398fddaf94b63722759e7edd1c86,beneficiary_not_allowed,beneficiary_not_allowed,True,0.2989999993587844,False
2295,70820d637891dd83a7489a47b480c1cbd89a4ef0edbee6fe7e1a37819f97419c,failed_transfer,balance_not_updated_after_bank_transfer,False,0.25969999842345715,False
1286,c20581c80296941b1b0c58cf0072e3fa4e3de0355215243f4e063004e9f5a819,visa_or_mastercard,visa_or_mastercard,True,0.23750000400468707,False
381,7b6a983a5ad3f74861e989524e46ce521d2a03907a5bc2d625cfca62e8474d50,card_not_working,card_not_working,True,0.18269999418407679,False
3064,2e984ab6761d03c3f75a6ed4773ce47945fcaf4a32bb4c72db56dfbb7579657c,country_support,country_support,True,0.20529999892460182,False
2520,83c190358eaa74510b5ee85d6703900bc973cc4a58281e63fb233e885d37ce52,virtual_card_not_working,virtual_card_not_working,True,0.28759999986505136,False
1766,d2016772f1ddb573665227ab4e70fe69589dc08984f7aa5231d6adf289b7ce20,Refund_not_showing_up,Refund_not_showing_up,True,0.20900000527035445,False
2991,0e92f69225b5bf2390cffa91fbfa5b4185482ab1b0dd0e2decb3e2d322b9c422,apple_pay_or_google_pay,apple_pay_or_google_pay,True,0.41880000208038837,False
1182,1512863194c5af03ef705f403c22fde08839429f6f0b751eafb202237aa6a924,why_verify_identity,why_verify_identity,True,0.46209999709390104,False
1784,b07ca69fd7215e45052d19e98599d2951a7e9756309e96ccd056c3f5c71ec5d0,Refund_not_showing_up,Refund_not_showing_up,True,1.1587999979383312,False
864,4c72cda7e199a06b8456c1b5bc2b3f62ed4319d9eaae7f045a55fdfb8118f376,transfer_not_received_by_recipient,transfer_not_received_by_recipient,True,0.6161999990581535,False
1076,14f6386e28f499bd09cdf637627b238687b92f3fdf85a97f2da03c0d4e174345,balance_not_updated_after_cheque_or_cash_deposit,balance_not_updated_after_cheque_or_cash_deposit,True,0.48489999608136714,False
423,2a8130dee259b7dbcd3e130bd4bf107e3b007bdffac209be33dcb0fa4c09ccbf,exchange_via_app,exchange_via_app,True,0.3569000036804937,False
3055,38bdfb8af107f6330618d060cfe0b2341af7088b17f2fc563c57251c87a94658,country_support,country_support,True,0.43140000343555585,False
1195,704382abebb8e0b5ff4cdb2727cfbb6c736f0e47cfb2c9e809f29a3aafdaef63,why_verify_identity,why_verify_identity,True,0.3804000007221475,False
2914,725b3c8ea0724d470368d4694f9c06b0a9b593ce72cfe84546afdd3bf4548cc9,cash_withdrawal_charge,cash_withdrawal_charge,True,0.2851000026566908,False
350,e91a251afc1d3acf91082e920856be85fedfa4c7f0a9ea20051674699032d2ee,automatic_top_up,automatic_top_up,True,0.27720000070985407,False
2121,0f8900af960d7462dbb5f47ef831dbb31d2bb311ba210f56fdda6d2f39ffb617,change_pin,change_pin,True,0.23179999698186293,False
2434,a66665028b88880b159310163d70ac5846a62e5e5fe8a04468b94f36c9bf7f1b,getting_spare_card,top_up_by_card_charge,False,0.34360000427113846,False
1656,e563fff5a11aa8b8e85250710b350bff2756f2631326e7cb798c1c07d32afde9,lost_or_stolen_phone,lost_or_stolen_phone,True,0.5042999982833862,False
264,9938ab28db96a500eba3fed6b6e5ff2922d96115585347c09e8d9b26ddb0cdc7,fiat_currency_support,exchange_via_app,False,0.2271999983349815,False
2504,1b86b851d663b12f85d30c3d083e82fa93e1cc7e04f39754abf3099f3c680d55,order_physical_card,order_physical_card,True,0.24399999529123306,False
762,c79cafed88d014471ac0e071e3d0064cbd62d82a76310c0cd53ce845825f0690,wrong_amount_of_cash_received,wrong_amount_of_cash_received,True,0.4138000003877096,False
2081,9df70ea3110bc2db1a45072721cad2b18817c5e45f35d1259df410dff358f761,reverted_card_payment?,reverted_card_payment?,True,0.23570000485051423,True
1403,c359b3486ae4b8caf22a305993b997a7e129d0c4c15fbaf6eac63421ba07fcbf,compromised_card,compromised_card,True,0.23349999537458643,False
1942,9dfd4803cfede9d441ce5c1fa237892d57a75c7723afc9b05b2172b93f678772,card_swallowed,declined_cash_withdrawal,False,0.36690000706585124,False
2699,efda620f08d66ac3822398d3a82b643713b3b5d4167ecbbd9cc2c5b23f44c458,balance_not_updated_after_bank_transfer,balance_not_updated_after_bank_transfer,True,0.3282000034232624,False
1372,63cd51ef08e532d506a80187ad4f017c42c7ad09f457dc6a83377014cd755d0f,disposable_card_limits,disposable_card_limits,True,0.2552999940235168,False
2454,760c28057d2f6e344e952c8c17512dcebda1956c7a502afeec876cb07d25db7d,top_up_by_cash_or_cheque,top_up_by_cash_or_cheque,True,0.2516000022296794,False
2307,f6ef84ba94906a09eb04ae0abf7d266d6ebcbd0201d2374f103f76a08f38808a,failed_transfer,failed_transfer,True,0.18170000112149864,False
241,e2016e7ca82ca4fe6db97c59d11d272bf67facdccd38fc498c9c93c5943ed74b,fiat_currency_support,fiat_currency_support,True,0.4043000008095987,False
267,69f38f70c1a86e9410e9dc49961310ccc38bec3123bad01763fa7c05662fd2a0,fiat_currency_support,fiat_currency_support,True,0.2595000041765161,False
656,853487424532d20610868bfbb69d9aa629d25be4b526d0e0645e7d95ecfb4379,pending_top_up,pending_top_up,True,0.31039999885251746,False
526,062f208fe593b81268d3fb1b6d4d4e50694bba303479c82527ead4b92c7ade11,pin_blocked,pin_blocked,True,0.28140000358689576,False
509,67ed1a5b8d3659900e3bb642a58fb532c60316bdb48074ff5ba8a6231f4c8120,age_limit,age_limit,True,0.30420000257436186,False
597,b2adf8b733bbe9e3c0520906e848cecc2080ee71d2be7738295b551587d696bd,contactless_not_working,cancel_transfer,False,0.35460000071907416,False
13,c3be7814d5be60227017d39d04a5fbbc3a527c1ee830f1197df869797cffcbfd,card_arrival,card_arrival,True,0.23019999935058877,False
905,943b208621124fb740a4a827228fa0b66e7375fd4ed965850216f78cc41a247e,supported_cards_and_currencies,supported_cards_and_currencies,True,0.3128000025753863,False
2209,dec53db6873354c68164d01925c8ef6d9ccc43b88317ee587c3b0850a4177b35,transfer_fee_charged,transfer_fee_charged,True,0.33239999902434647,False
2946,56c93b868b02f22131ba85d401448b19aba4cf7bde3a6dfe2b8a16c404747972,card_about_to_expire,card_about_to_expire,True,0.6109000023570843,False
2392,e966d0d29cc5065ce2c7146049d265ceba7a5a908a38742f1fe207affbdbd8a0,verify_top_up,verify_top_up,True,0.38640000275336206,False
457,7d506fd99b4ba325d011c746cc91bb6eff64bcccf4d88ce610451a5cc40b4932,lost_or_stolen_card,cash_withdrawal_not_recognised,False,0.2519000045140274,False
1359,242383ac1cc8d1933617fd3b6eac6c090b0f83ab494d6dfe9ae09484e29a64cb,topping_up_by_card,topping_up_by_card,True,0.4794999986188486,False
351,a5ff79ac156c8a0f3caefb74b9e298b42aed99c7f932abb424bc196c77ea3a2a,automatic_top_up,automatic_top_up,True,0.6881000008434057,False
2365,f504b4a003a91f987ee3a436816ba8589a3e4e487fad80bfd9a6282f1c6df123,verify_top_up,verify_top_up,True,0.5363000018405728,False
2950,e3a5d3b48ed261aaa0563ee712e57fb765817d2a8b7f7d19539c560e50be2d85,card_about_to_expire,card_about_to_expire,True,0.48180000158026814,False
1185,b2488b817a7460f5de5193ebab385125a40cdb9a37636c0c9ec1743b05f87cfc,why_verify_identity,why_verify_identity,True,0.429300001997035,False
2875,86ea90ba280aa536ceba1e292f2eda40b4e9b593253dbcc4eaa9ae5dd82ae576,activate_my_card,activate_my_card,True,0.4093000025022775,False
92,9471995ee89deaf5cdf59aa997427dd615242979fdbbdd2e458cc5ea01ed32a0,exchange_rate,exchange_rate,True,0.3549999964889139,False
592,116241e3c53dc23461ff93599dde820ba2517c7a422a3644a0020c3556cedd30,contactless_not_working,supported_cards_and_currencies,False,0.23489999875891954,False
2917,2fd84f28d033d15980d8fff48415a7a107391cab3280993d665adfcffc0480aa,cash_withdrawal_charge,wrong_exchange_rate_for_cash_withdrawal,False,0.45400000090012327,False
1471,cb21983d6612a81642e980ec6d2865c1040fcd0cd697fc62a8c944ff7b7d05c7,atm_support,atm_support,True,0.3051000021514483,False
685,c42b9505199b4958d4c102317658ab641b6283eed287c73c16d8e210d7718db1,cancel_transfer,cancel_transfer,True,0.6968000016058795,False
1323,065c3965a96f8772b317ab0f43ea4e41e789c252ba72e73f6d22f1296e024f38,topping_up_by_card,topping_up_by_card,True,0.3767000016523525,False
649,43577de65ec89a08f8b011e44cb1aca064f6f845d73703beffb7bc27da412c6e,pending_top_up,pending_top_up,True,0.2773999949567951,False
2910,4dc56fcdca2d2a5128a2a82931e242923ae30b8c190516f0700883ad3d3c2704,cash_withdrawal_charge,cash_withdrawal_charge,True,0.4081999941263348,False
990,834a9e38db76fc51240fcc448fd79c74885625041b187ce5855a206c14ec1224,card_acceptance,disposable_card_limits,False,0.22110000281827524,False
1022,2b0adc818a4da37db0eb5434a7d674e98fc8af6c1a427b97b555285f5d5abc45,top_up_reverted,top_up_reverted,True,0.4399999961606227,False
2592,ab2efa512f0c1d7d3011001ac2128a4e967ac2b2262286fdac94658d02781a46,wrong_exchange_rate_for_cash_withdrawal,wrong_exchange_rate_for_cash_withdrawal,True,0.3648999991128221,False
2858,66ab72732ef6b138e34f4974e3b1782b67b186297e9d34875222160bdbf01d92,activate_my_card,wrong_amount_of_cash_received,False,0.35509999725036323,False
1221,9a316768d1634f4cffe3f8dffff6e164a30d270b0622fd13360deee7bd9de087,unable_to_verify_identity,card_payment_not_recognised,False,0.22589999571209773,False
3034,de2327302375c52af04ad707512ea8ac079a0023b8e0f75c8ddf9478fabe89cd,verify_my_identity,verify_my_identity,True,0.2553000012994744,False
174,902c7eb7665d162390f1133a471593b70e586a32b1c0dbd9f6b6bbac912e3354,extra_charge_on_statement,extra_charge_on_statement,True,0.4837000014958903,False
179,bf12c5d3261a8755b8666fc3c5ac8ab6ce68a7f9db846413b9be4cf88248c4d5,extra_charge_on_statement,extra_charge_on_statement,True,0.4023000001325272,False
2756,b33ccb9153f9875b585bb97e9e69b481219c93ef487d6c7636727859dfe640f5,cash_withdrawal_not_recognised,cash_withdrawal_not_recognised,True,0.7146999996621162,False
1923,ae6194d6d5e2fb32c76d891607d49681385746601bce415c64896be6bf6d0f30,card_swallowed,card_swallowed,True,0.3524999992805533,False
560,41924795cd07ee4fcb56770a8846f64ad271700ff428b0cf2fd1a71ae577e900,contactless_not_working,card_payment_fee_charged,False,0.2873999983421527,False
2077,aecd30a6635a4867bc2aaad616bffc8533f6e42aa7f39e980830427619ec5120,transfer_timing,transfer_timing,True,0.560399996174965,False
490,6381a23295a50faa652b7396267ab8aced05390bb9f0a8eaeb59f29a2d8eebd2,age_limit,age_limit,True,0.3097000007983297,False
2035,89e0ae723ff2c4e3e39658524817f4beb1f13b707d6a0dc979c912e7cf910be4,verify_source_of_funds,verify_source_of_funds,True,0.3008999992744066,False
1438,a435daa238f103f14c80cdf804e06409432ccff8151026857ef32c26a048c5f5,compromised_card,card_linking,False,0.35269999352749437,False
1081,71ce6d16f92b770d963d0f5ad4575ff2ec71e2b58c7b06755f44b4086d4376a4,card_payment_not_recognised,card_payment_not_recognised,True,0.363499995728489,False
2582,c53356122d27aa6ed3a1cf67539fcaa5c7f42f104e805174c0df94f158542445,wrong_exchange_rate_for_cash_withdrawal,wrong_exchange_rate_for_cash_withdrawal,True,0.3682999958982691,False
992,42bd79a8e15a36178eb72cdf641ffa01dbeb16d6a3b6f1d0b1d7aa34d69be14b,card_acceptance,card_acceptance,True,0.28960000054212287,False
1823,3dacb15824e89993c0248b1ee7708f16264dbbd09e518db4145f76374be16674,declined_card_payment,declined_card_payment,True,0.19919999613193795,False
512,63a2fdabe9a741588ad403f125c74f34ddea4eac44785335b517a8f35e705255,age_limit,age_limit,True,0.2592000018921681,False
1365,f26820bd57e1f6c935aa56506c7487e3ed84ecdc61757e3b775ea2e2961c18a3,disposable_card_limits,disposable_card_limits,True,0.22929999977350235,False
2369,6cf6e8d1a85418ec18cf3d499a0a2c70d689bc7b3532a1d160307fe1df7ce56f,verify_top_up,verify_top_up,True,0.3285999991931021,False
132,c39cd20e6ed7ed3edbfa8cb5d9b44f626ac857b7a47de98906384da071df27fd,card_payment_wrong_exchange_rate,card_payment_wrong_exchange_rate,True,0.3877000053762458,False
1299,a690cce7c728870963b977f1f59890a9e9e03efcd58b2c1c7172af0bd0ca4a70,visa_or_mastercard,activate_my_card,False,0.2518999972380698,False
1368,1b5a80d09a890ffd4987102ae719604dc4a46c6ecd282c09df5d3518eced8c10,disposable_card_limits,disposable_card_limits,True,0.2514000007067807,False
1507,d7c7db94e97fdd9754b9302c9136f47a5a0af653d733f4c285bf8775ffec49de,direct_debit_payment_not_recognised,direct_debit_payment_not_recognised,True,0.3285999991931021,False
3065,02db55cc608fecb26c54b9b65c3c0692d347beafc95c0ae8a23e3916dab6faf4,country_support,country_support,True,0.27579999732552096,False
564,e4f154e9f4eb76d69d68bd99d2c5b7420d3a55c2edc658196ad04ea21b1507d0,contactless_not_working,activate_my_card,False,0.3723999980138615,False
1958,d19fbd4543f94381b05936249c3ed94529caa9287ef284a20d34f6adedce4aa7,card_swallowed,declined_cash_withdrawal,False,1.0525999969104305,False
554,8b92849dfaaeb1314b8ae21ce60764aa8cd724a202b8e10a1b1ec7f9ea5d74fc,pin_blocked,pin_blocked,True,0.31709999893791974,True
43,bf32b2ba002696b4a2e3c9c0a3523a3c446cade4d2fa7d7ed01050911d28663a,card_linking,card_linking,True,0.49820000276668,False
1256,52ce2322978111b9199d1baeb08a963bd21b08f458b798a2f78fcd8b1d07e23e,get_physical_card,get_physical_card,True,0.192299994523637,False
1839,a124f76af0af3a1c74a979ddc106dd8c58f350eab121cee554f739eb23673aab,declined_card_payment,declined_card_payment,True,0.6505999990622513,False
146,24c2350727b57f5d696adf2d11976da63caaec6802239b17ba772cb5c3187ae3,card_payment_wrong_exchange_rate,card_payment_wrong_exchange_rate,True,0.46290000318549573,False
1977,3db3f8b4919fe70aa4c2096527b1fcc4e71392cac0b50bd8ee1140eda434c080,transaction_charged_twice,transaction_charged_twice,True,0.4177000009804033,False
695,2c4206ff2b1f7bd1be11a76c1b70b56f45300af2d83e0b9da9b29e63e66ffc2b,cancel_transfer,cancel_transfer,True,0.20909999875584617,False
606,c0913492b031c93fce09a570ad2d6dea806e5818a3265c6fedb2b9a0b1597821,top_up_by_bank_transfer_charge,terminate_account,False,0.3053999971598387,False
2100,d2a3eef626eb443b5f55e946fa135178fc2d2ac9f4505b9dcfc2599a864fdf68,reverted_card_payment?,reverted_card_payment?,True,0.799399997049477,False
242,f6982298e7cd6eae92a882eacd1200aaa0e840a489b81c71f68de60ba2c9b9a1,fiat_currency_support,fiat_currency_support,True,0.2424000049359165,False
2913,4b5b722d698636f549ddeeb0aa39b2819df76a68977bf8d6591cbbdac0b4d5fa,cash_withdrawal_charge,cash_withdrawal_charge,True,0.3037999995285645,False
1733,3f72b5f36663de9f23d77a62dd1e84e2fcfb37cbbc1dfecb8aae0e5a578eccae,declined_transfer,declined_transfer,True,0.2351000002818182,False
2891,e702e38f33f15109518c45fdaa4574017dbf5b5d1b6eb61955c1ae12097dac63,cash_withdrawal_charge,cash_withdrawal_charge,True,0.3972000049543567,False
2660,911473f50222e1977cf0abfb63d61e08a75e501670788d7d0ec61736f28118f4,top_up_failed,top_up_failed,True,0.22599999647354707,False
2503,538005795ba013be2b42f45ec9c6d9196290f73f2bf46fa0ea2e8ede8c16475e,order_physical_card,getting_virtual_card,False,0.24419999681413174,False
2122,d9073cf9255e95613676f8d0ea78c8647cfe141cc36b6e8a9bf757143efcf190,change_pin,change_pin,True,0.3245999978389591,False
832,b4949fe45108447719c4c4b0e3f49cdca66bfaa0e86f4d0763789cfff30ce6ec,card_payment_fee_charged,card_payment_fee_charged,True,0.25779999850783497,False
931,c60c77c16c8667455fffbf4e779322079451134225520bd0de1226631ea732d6,getting_virtual_card,getting_virtual_card,True,0.29769999673590064,False
1005,ea61f4bfb31e0faacc8df42dd812ab81771bd3f70e5d9877ea69d29b65248485,top_up_reverted,top_up_reverted,True,0.24960000155260786,False
2040,63346c489e4744dc027022e71e7b51b21ce656352d4a9fa0f56d7139c3b018a0,transfer_timing,transfer_not_received_by_recipient,False,0.4206000012345612,False
2974,fc8a5f5bd8c53490a7cf961714e85fa8fbcb29421ad085918ec2a5cb980ff1e0,apple_pay_or_google_pay,apple_pay_or_google_pay,True,0.4523999959928915,False
2183,fbcafdf05a9de4437d3050ac12125f12c149f5b2c0fd64996e9afd83dfe60834,beneficiary_not_allowed,beneficiary_not_allowed,True,0.436099995567929,False
897,cef2ac1c6c1810f6ce4c3b1f664f2e5a970d54ce52e673b0f6ad44aee6f6d2b4,supported_cards_and_currencies,supported_cards_and_currencies,True,0.24899999698391184,False
1415,17763c7570ba51735578186fb236ac4cee5a8097cd0fdeceb4ccc8ba4a9b8557,compromised_card,compromised_card,True,0.5718000029446557,False
1048,999670e59bf5da1529d73dc3d425b033842471377e98db6ace068e123311730c,balance_not_updated_after_cheque_or_cash_deposit,balance_not_updated_after_cheque_or_cash_deposit,True,0.2554000020609237,False
286,2d2bf1a46eef3cab63cf34f20c2bc21341cc047d8760c0c75b6c9e04b5a0e800,card_delivery_estimate,transfer_timing,False,0.30339999648276716,False
2619,f05f2991b12bec9d6a49cb9df958d6e5ab700d91c2ec606692e269f8d0563eee,get_disposable_virtual_card,get_disposable_virtual_card,True,0.26950000028591603,False
1902,44b7a74b29ede73df51b153d8f8e29dbfb5156eef35c7b7a25fa08450d7e4e94,terminate_account,terminate_account,True,0.4254000014043413,False
1275,ef399b4596720814ad515a313a5750964dff6d9ca75bc5366a73cfe61e8eb316,get_physical_card,change_pin,False,0.2606000052765012,False
510,669007b1c21cde11c53cf4fb51010181e7e00e19968bafaa15184ebcf3f8a85d,age_limit,age_limit,True,0.3457000057096593,False
929,71fbb377119e346d6e91fb0a9be589932b6828bae1ee6263f70f25f6fe393b4d,getting_virtual_card,getting_virtual_card,True,0.24450000637443736,False
1461,929b610bd6a9cd36cbbeb0e5797f230b0983846da3cdb0d26b9f40140d182222,atm_support,atm_support,True,0.20740000036312267,False
968,5c2e56a8b89554ee8af9cc642c3417cd5b7d0faaf0b3745ca287290882cae467,card_acceptance,card_linking,False,0.24700000358279794,False
1396,47d714a4e0fb2dddf15447b05d611a6121eb3a296aac4102c10c95f538ca64ec,disposable_card_limits,disposable_card_limits,True,0.28279999969527125,False
1353,b1893d3e8cbdca3631d03dc727cbddd2600827e8fe05aa9516864d4a7d05918d,topping_up_by_card,topping_up_by_card,True,0.2578999992692843,False
2528,95a163ed165b03999d573f705a4bb311b0e7954c71549f40a67bdae50e0bd010,virtual_card_not_working,declined_card_payment,False,0.5571000001509674,False
1095,c003d74e76e8f289550b6d6684e456b270b4bf06f9fabeba380a71f8fcb4fa5b,card_payment_not_recognised,card_payment_not_recognised,True,0.2463000055286102,False
1090,9a4a1c4b8251c172061936284962165897520e69883f75a881b8f2a25138b686,card_payment_not_recognised,card_payment_not_recognised,True,1.069199999619741,False
540,722c8eb403830908d382e455bfba18c89345c91e97c8ee034046fee364eb02df,pin_blocked,pin_blocked,True,0.3367000026628375,False
302,f6d46b3107615048c2cea76dcf0c585d74129dad1801c80d854c2b208cdce22e,card_delivery_estimate,card_delivery_estimate,True,0.32310000096913427,False
930,80850fb4eed0a8fb8c23f5f706cf00211c7204c0f2f270b79597b194df597914,getting_virtual_card,getting_virtual_card,True,0.27489999774843454,False
2926,e384e7c9833edafab92a040b3b81ce3b8b71b2b8b23e1a2f68b8a2d8a287fefd,card_about_to_expire,card_about_to_expire,True,0.34220000088680536,False
1678,e4be4b9866fe973700af52d1073333e937afe27d86ada3467bab388330e1a436,lost_or_stolen_phone,lost_or_stolen_phone,True,0.4149000014876947,False
2222,358e9e538e92d5d00ed60c46cb71622fee18d8e2797cc56aa0c10183d0f5f711,transfer_fee_charged,transfer_fee_charged,True,0.9210999996867031,False
2556,a43b2f1efbb6ef91a0404864d415f7dca0566e62af82e53b902ef12d05287bcb,virtual_card_not_working,get_disposable_virtual_card,False,0.8331999997608364,False
2604,885947ced46a21fb8012024b46ac63ba3ce8f79aeb338062ddc47d5cd2fa0e24,get_disposable_virtual_card,get_disposable_virtual_card,True,0.4703999948105775,False
831,e00ce820eecd1a04ba833b37ddcce65bff60779953663afe90e362d44df4bcf1,card_payment_fee_charged,card_payment_fee_charged,True,0.9258999998564832,False
1807,40c0a1b6eb815f1d9932adfc2f42931537f7641e7f0b95bac571ea4d4670642c,declined_card_payment,declined_card_payment,True,0.360099998943042,False
2052,e3bf5fc73a39d7d8c764ec3574d1deab24e9fca52fabd2b2378a490e494892c9,transfer_timing,transfer_fee_charged,False,0.8207999999285676,False
1565,ed6797c8b3bd52f53f2f429f331ec80cf94d4be1893d1d97d079ed1389d44aa1,declined_cash_withdrawal,declined_cash_withdrawal,True,1.6175999990082346,False
2981,cf24222d7b836f4b94ea3d39a835bbfce0ded4f51bb2d9c956bceda4ac2e71ab,apple_pay_or_google_pay,apple_pay_or_google_pay,True,0.8865999989211559,False
243,abde320db4011557359919b18bc7b3efa1ef07fa161bb3f192f439c2053ebc99,fiat_currency_support,fiat_currency_support,True,0.5947000026935712,False
2311,befa305fce6459527e7612eb3a3d05093a66b53fe67dd4c2e0563a0bfc0753c7,failed_transfer,failed_transfer,True,0.6164999940665439,False
1719,ee4caad82c8040cc2a1ee61162534f4667975539a5604337a63dfc28ec933a47,request_refund,cancel_transfer,False,0.6028000061633065,False
2594,19bd044cda438afc70249a1cdc9377c8799df0de78aa85eab216b0274a6db07a,wrong_exchange_rate_for_cash_withdrawal,wrong_exchange_rate_for_cash_withdrawal,True,0.9471000012126751,False
1051,e9aa5190d19b95386780d655d6732cb3996a5135c8579c383cab5eb4bf7c828d,balance_not_updated_after_cheque_or_cash_deposit,balance_not_updated_after_cheque_or_cash_deposit,True,0.9334999995189719,False
1890,51462fd15109c1832f1c62f3f9391743298a0e2da8209a00947709397c3f6de7,terminate_account,terminate_account,True,0.8604999966337346,False
2992,63e60366cde0b748901512d5adc8281eae89e26926c045304dce082532bc899d,apple_pay_or_google_pay,apple_pay_or_google_pay,True,0.7394999993266538,False
661,bcc7d83d0de307f1b4a17d3325ca9e1880d4cdf2d4f32c08c365e7484a6d0192,pending_top_up,pending_top_up,True,0.4912000003969297,False
813,698a4c15b665de2659326bb9cbd42aee828bd63d6338a40c66045201ed0231f3,card_payment_fee_charged,card_payment_fee_charged,True,0.7045999955153093,False
2722,0f7b2a8191dada7178b96a6943c93e1f71a6bef2419c01500416a52fb96aa5a1,cash_withdrawal_not_recognised,cash_withdrawal_not_recognised,True,1.3326999978744425,False
1294,30658b7b19bcf94959a08fd06622f0b28b10fd58006c879b42404681bd2bb5c2,visa_or_mastercard,visa_or_mastercard,True,0.540999993972946,False
151,1c8ccb0ad41d7f2bb4a3bb182a2fd8a808f91866d61859ea43c1b5e308fd0a04,card_payment_wrong_exchange_rate,card_payment_wrong_exchange_rate,True,0.9959000017261133,False
3038,87db92df8a347edbb7ec511359a07ca05287d3ac5f787b10b33c31679f0058cb,verify_my_identity,verify_my_identity,True,0.5890000029467046,False
1346,2039529d866e0508d9cf38a3e23bc7b677f054e4057a590c6b7eed8d4e1c3b8d,topping_up_by_card,transfer_into_account,False,0.6668999994872138,False
1562,50ca601b012defe2dd7c2616c69a8db2c8ba22498e805581dd1b1fe65a1109ef,declined_cash_withdrawal,declined_cash_withdrawal,True,2.3126000014599413,False
2097,1e9dcfc8be5fb3f33e0ef4131a8719ec53eb79ca2eda9c543c102c328fc425f3,reverted_card_payment?,reverted_card_payment?,True,0.5059999966761097,False
2635,f7480782b9c94b23d5567d7d1dc9dc6ab42a5fba02e208770a913178b8ee4bee,get_disposable_virtual_card,get_disposable_virtual_card,True,0.6935999990673736,False
750,94793bf3e64d8a74d4765a2ecb6c79f19a81170fe289cc8c0261a0df2e6de3be,top_up_limits,top_up_limits,True,0.5886000071768649,False
646,a7063f8bef9f0c38eb0bf279c30fc99fa150b3ea3e669170e46d6b9d98c47059,pending_top_up,top_up_reverted,False,0.9022000012919307,False
2051,63d26d6f2a36671bf88ea76bf81b8f3b1c96495b622591f565172bb4b1974e37,transfer_timing,transfer_timing,True,0.6312999976216815,False
707,9675a20f2c097953179b614be8c9bd06cb2861cf71b63400b39dfa7a11a690d7,cancel_transfer,request_refund,False,0.8127000037347898,False
2400,2321e742b6d7c80963c2c61f2658f67c761a461ede5dd91bb76202ad5ea39eb9,getting_spare_card,getting_spare_card,True,0.658800003293436,False
2226,21f084d96b36d5f79d47b38d5cefd00194ee6d287acfb4e8b5ee8e8983f2ec33,transfer_fee_charged,transfer_fee_charged,True,1.709399999526795,False
1931,ba376a43531894c2f741edcd678ed27c5d34fad17fe580bbce3283b5c873af9a,card_swallowed,card_linking,False,0.4467000035219826,False
2663,dbd17e3a43a3e9e69b4c749fe131bf6f72844fd4b67cc300d3022599a6479360,top_up_failed,top_up_failed,True,0.41790000250330195,False
203,b71606d580f7b9a2aadf75087afc36d5d0e3f626f824d8be7827f912ad344752,pending_cash_withdrawal,pending_cash_withdrawal,True,1.1798999985330738,False
963,e0f6a55abff5f604593da77ba8f8095f01f27b2c2c5ee2baa99d90e6cf954dee,card_acceptance,atm_support,False,0.3597000031732023,False
2634,614a049dd2e8151b809e1baa9d17e7dd76146bfbe8a755a94905d6efa2d034c2,get_disposable_virtual_card,get_disposable_virtual_card,True,0.43390000064391643,False
1601,e0f83c42b75aa588aaa66aa890e63a47a95cc8a2646a474e2b0a32da410ba751,pending_card_payment,pending_card_payment,True,0.20049999875482172,False
1296,c15f97624bb4ae3f9d866fdd728b5c2c095460599feda161c2260f3fd4ec7100,visa_or_mastercard,declined_card_payment,False,0.32449999707750976,False
1608,e069b7213ee599657fea82db716deb19fa6fea59e4fb27e7c3302e44edf6bd6d,pending_card_payment,pending_card_payment,True,0.2564999958849512,False
2825,574f359e0c8c76462985dd2c89ef4204b4e65e3093671e6ee2532506113af893,top_up_by_card_charge,top_up_by_card_charge,True,0.2781000002869405,False
1213,da909d7a2d9b52fef8cd17b0460b0ee581d1834795ed4ebc0fe2442265f78695,unable_to_verify_identity,direct_debit_payment_not_recognised,False,0.276099999609869,False
3059,56780acd8bfb37b313a7f17e69c096918e52b03aa4998f823c4c386db857949c,country_support,country_support,True,0.355799995304551,False
783,59e403038de1363b70685025118ef1034ab3eca70aa4dffd0400667b00e926c9,wrong_amount_of_cash_received,wrong_amount_of_cash_received,True,0.3130999975837767,False
114,fe463c4b996a42ce3c6bccdcfa0362400c593a7517c947ef9c8035da0bbd79bb,exchange_rate,card_payment_wrong_exchange_rate,False,0.28110000130254775,False
266,cbdc80bfc2bc41d55ff5b730b55edbcd590a00080651f2870fc88833e9b359ea,fiat_currency_support,fiat_currency_support,True,0.2362000013818033,False
875,b8dcf28dde9ff3df192c40555ddbd3737926763fe0015b8ccfdb2c235baf10e4,transfer_not_received_by_recipient,transfer_not_received_by_recipient,True,0.8031999968807213,False
2057,5b5a92da09c78b895b9c73a2e48d2f5241ebd787b22137c53b1611f15650e58c,transfer_timing,transfer_timing,True,0.4504999960772693,False
860,5daac7ecfc30c74d538f89ca04839cf4485a4c9664b783944a18b57da050ffa4,transfer_not_received_by_recipient,transfer_not_received_by_recipient,True,1.4221000019460917,False
2576,e2563c53b8dbd46a4f957852ec8519a10d8382eeccf26d91cbeb1f5d1d27dc3f,wrong_exchange_rate_for_cash_withdrawal,wrong_exchange_rate_for_cash_withdrawal,True,1.2147999950684607,False
1378,89c15d21dd8020dda83fc6ae4563ef2ecc44b8875a629691e97e54aba19eb519,disposable_card_limits,disposable_card_limits,True,0.40409999928670004,False
106,4d894b0a3104717c6bffe8020656480751cf8f03de645cdd3d2a34ab19cb8680,exchange_rate,wrong_exchange_rate_for_cash_withdrawal,False,0.20930000027874485,False
74,37d1b8cea76793fa639733670730a3bfaf4fef78a357623a45a7d9490e5205f2,card_linking,card_linking,True,0.4450999986147508,False
1097,09a2092b3f826681192608f51950b8223e9f173fbfd9be98c4eb875d9c3ddbc6,card_payment_not_recognised,card_payment_not_recognised,True,0.30110000079730526,False
1906,880b4f714bf9614f6f8bbc8e8286b93dc75e15cc5e46f94fa3286bfe791489cd,terminate_account,terminate_account,True,0.30250000418163836,False
1644,15f4b9c19ecc11beea035f294e6e78967aae38604de9d653b783b94cbda0d343,lost_or_stolen_phone,lost_or_stolen_phone,True,0.41539999801898375,False
2927,4684ea1a4715389a0de9e30759162779f88f2f16800ebccb2091ba40e5218812,card_about_to_expire,card_about_to_expire,True,0.33399999665562063,False
2533,d3916a0fd0ff071ae836aa31fcb405c5cf7050ca3c55eac264d3220c5ffb485e,virtual_card_not_working,virtual_card_not_working,True,0.28469999961089343,False
2140,d888a7d3b1398896d42cb933cee9da3641342d7c88fdd7316ba6ec86617009da,change_pin,change_pin,True,0.36080000427318737,False
1209,f449737d66823cc1a6617c35c914bda7e888fc950c740c1ec42e869ad54abd14,unable_to_verify_identity,unable_to_verify_identity,True,0.17809999553719535,False
2655,bb2cee0230f4b8d914d01767baff28ebf455e4cf5671fc7999603fff90d56999,top_up_failed,top_up_failed,True,0.25009999808389693,True
1191,424693feed7809a6f4e78abcbae72229bd6e4d1c46b1b470974efd8dc2507cb8,why_verify_identity,verify_my_identity,False,0.1982000030693598,False
413,1fa406cd82c70aea7bc239bb4647a46f8cdcee93a2077697357701407f7dfa50,exchange_via_app,declined_cash_withdrawal,False,0.22979999630479142,False
1060,df7a265a34f334ba3d31e436e1cbd60c7808951f45aa5d8b7c84f164b6288e7e,balance_not_updated_after_cheque_or_cash_deposit,balance_not_updated_after_cheque_or_cash_deposit,True,0.1706000039121136,False
275,c35dc8ffdc066ff35e78deb5ac63b86afcab377f851d5146b231fe3d6fca702f,fiat_currency_support,supported_cards_and_currencies,False,0.28059999749530107,False
623,175adbb6e6b3cf014a1509cbf60d228aecc9b6274a24f11164b71e9e7f967eb3,top_up_by_bank_transfer_charge,top_up_by_bank_transfer_charge,True,0.2964000013889745,False
2688,4a3b2c4b5fb3a347b7bd505a9baa0679f6d8b2b256acf29ba8e80fd36a28f032,balance_not_updated_after_bank_transfer,wrong_amount_of_cash_received,False,0.24979999579954892,False
1341,75f4ff95885d6054ccc2f8267e62be9d65791ea38e3647ddd122e3397c30f68c,topping_up_by_card,topping_up_by_card,True,0.3023000026587397,False
2551,cca9d2ea418d1bbaf0bb0ac5e46c8b1fa113db74193fa5f0f8a86c6810782f17,virtual_card_not_working,virtual_card_not_working,True,0.46660000225529075,False
1793,9c53100d84ef1f0b789829b7af88df79900b60ad142d0f70d02da5ae8d9d823b,Refund_not_showing_up,Refund_not_showing_up,True,0.17519999528303742,False
44,fadcb5b4bc1f3c988d1cddf8b65672d44bd35547015cf28abc44e4406ae19385,card_linking,card_linking,True,0.2905000001192093,False
2061,a69cfe95f1badd04898daebab730da6c6484e97634c701a8a6cc762718c1205c,transfer_timing,transfer_timing,True,0.2961999998660758,False
167,da0045b05a25c32dd4de16fd6bb5c3e8e9909c79bdf0d7a6aec097269b0311a5,extra_charge_on_statement,extra_charge_on_statement,True,0.27540000155568123,False
2180,03ba005089d0a66735fb80f2c436d541e0d257a90936f77c0cc4135cc2d69d89,beneficiary_not_allowed,beneficiary_not_allowed,True,0.5086000019218773,False
617,d89ead363e601b91487b6d5ce3db39d9dc5911e7aa1d0da85b911e8c72487706,top_up_by_bank_transfer_charge,top_up_by_bank_transfer_charge,True,0.34949999826494604,False
209,308552d24a1c62ff46a67dc704e316632f1673358ef5c670feb9f773682de8e0,pending_cash_withdrawal,pending_cash_withdrawal,True,0.2776000037556514,False
2336,0cedce877aab4e4fc2a53d01df4d50e9228e1b6756296fa2e2a7c102b12434a7,transfer_into_account,transfer_into_account,True,0.43989999539917335,False
2602,52cd1d5e2a7fa3e5beeb72f0026d92826ca7811038d9a93374f5dbe8d7c8f7db,get_disposable_virtual_card,get_disposable_virtual_card,True,0.3423000016482547,False
2217,30ddb9240aa5641f4c0ef7e0c6cfb137921e178e68bc3a6fa1b9344b36e265cd,transfer_fee_charged,transfer_fee_charged,True,0.2277000021422282,False
2811,33dbf988efcc882148ed6e14c5a0cda4fa91d66a00ff5d93f89cec57fdd60fa8,top_up_by_card_charge,top_up_by_card_charge,True,0.32610000198474154,False
2303,6137f5b10e4cabea84936549d60de091f360bdf0cf80a482c84f89137bdbcb82,failed_transfer,beneficiary_not_allowed,False,0.24959999427665025,False
1672,1b91d684fa699a7d22609a7e638b8af27a7b6e188927ea9ea5a41519478e6239,lost_or_stolen_phone,compromised_card,False,0.18279999494552612,False
2822,f25f0ba92a09a32f5a02607194a6e6cacfd92ca2654a0681485be06311ba9be2,top_up_by_card_charge,top_up_by_card_charge,True,0.24339999799849465,False
1928,bc126cbd4b40f76a2ac4c11bdebe3764e584f48200b22dcbfb415dc7277ed811,card_swallowed,wrong_amount_of_cash_received,False,0.27550000231713057,False
1475,075b9aaebbd9352ff97c7497ea233d9853277f576c4ef39f4d21b2d1687724a6,atm_support,atm_support,True,0.34189999860245734,False
1746,717f1e5306d0059f98df2be07530844db91958443b5a5ad1d4884c5614c414bd,declined_transfer,declined_transfer,True,0.32780000037746504,False
2103,f98e8e6d9718a43e1f4c738c17a495a529486cde043fc4c7b9ddbd0b8cfc309b,reverted_card_payment?,reverted_card_payment?,True,0.22840000019641593,False
398,5198b4d678f38929fe833d9f45d173c05962fd68c5aaea2e211f46729fd252e3,card_not_working,card_not_working,True,0.3393000006326474,False
998,6214927f6ff4ef0473343d035635b01026df959a4401b20960a4bb6d12aaf3ec,card_acceptance,supported_cards_and_currencies,False,0.29010000434936956,False
2037,0a97ae334ba43aef3f6b576a35a0cf40d4ebad19d1a569e647542533bb5b953c,verify_source_of_funds,verify_source_of_funds,True,0.3473999968264252,False
1232,528030077053cece4299bd088792e7350bf3a2e24b88be3e355557232c742798,unable_to_verify_identity,unable_to_verify_identity,True,0.2745000019785948,False
1930,42080b55ed29d588f329fd3a326bc609c1a89dd7e190239d8f6a880275b20b1b,card_swallowed,declined_cash_withdrawal,False,0.27639999461825937,False
2783,fc56f8e0ca72e261adcba70fd2762f31a01dfb5c4c7e2c3d5e9c1941c5c20107,exchange_charge,exchange_charge,True,0.19780000002356246,False
1305,584efbe8b1ec72d81eccc50be300b7c4cd11618be328281cdfd1b117d13da206,visa_or_mastercard,visa_or_mastercard,True,0.25630000163801014,False
956,b3993f465f69e4eef7f141b5a303917cf1a728b9b6cff38a3dcf98018c0ec1d4,getting_virtual_card,getting_virtual_card,True,0.3032999957213178,False
1504,2dcaca98c95ec6415bdab24639b76ccd01fa3e01053d98f450bb0c1d5b492698,direct_debit_payment_not_recognised,direct_debit_payment_not_recognised,True,0.7335999980568886,False
1304,da23746d408f7f49fe4cdc9dea07c5dc736b0b1a81136b52112366e4c393f706,visa_or_mastercard,visa_or_mastercard,True,0.5853999973624013,False
1151,2ed5c02f56b422b326c1ed64a40db7925c3059c96ba72640cbacdb8d2a08678a,edit_personal_details,edit_personal_details,True,0.37620000512106344,False
2337,2c741351fa044b89af8e4cf79e129353a42996f66e74b18f4362fecfd1f92c22,transfer_into_account,transfer_into_account,True,0.4996999996365048,False
1089,6f1fde494a1eccae455161fd4cbbc1ff99ace3fca84cf02d6d9654a82eac3123,card_payment_not_recognised,card_payment_not_recognised,True,0.374099996406585,False
3058,753420620b96d973ea8f21478db82529a297b9ef4d296ead445d051c7d32cd8a,country_support,atm_support,False,0.26219999563181773,False
2867,9e48056cc5842a862710ab9a9e2afcd93ee8f0071a9638650e4e561b14ba252c,activate_my_card,activate_my_card,True,0.39030000334605575,False
583,1fdf5ce270e9d0fed3ce609aeced38bb77901d3a3a2605924358c8a158a4d898,contactless_not_working,declined_card_payment,False,0.3242999955546111,False
1578,3917c0040550c914dedbe19575d1e8ece35354605248b96d9957c07c5242c771,declined_cash_withdrawal,declined_card_payment,False,0.5986000032862648,False
1708,a2f82bbf805e78017959168cee27cbd7db44ac50f1a11b630fb532d6f657c473,request_refund,request_refund,True,0.3580999982659705,False
1473,766f3a0ebe7c8b70fb85444696f8ed820c3402690c233c52743eb44b524024eb,atm_support,atm_support,True,0.3285000057076104,False
2775,444063bb53bc1bde98301aa22bdaed9d3055d6e9a83c2012d90c3e5b01cd742d,exchange_charge,exchange_charge,True,0.3409999990253709,False
627,cd876af48c0cee1f831703f7539b1591c8371be06656f0605868f65b8ca9555c,top_up_by_bank_transfer_charge,top_up_by_bank_transfer_charge,True,0.3550000037648715,False
697,c3cd29f8062953b8f324f948c6e26e92647f040281be6cf5c930d2f275138466,cancel_transfer,cancel_transfer,True,0.3479000006336719,False
1411,88163d084caf57368bc8bd099b781f6c23a34f6d6e50b77b2971b1845fcd086f,compromised_card,compromised_card,True,0.2998999989358708,False
386,217d7de7a404159c83b95e6d6dcbc799b7c8fb4a0cb287e554fe8bf731f38389,card_not_working,card_not_working,True,0.27299999783281237,False
2933,a3e248851b333ce2357255f80d157c08c42cdb15675a889d49226aeb63ed3301,card_about_to_expire,card_about_to_expire,True,0.3467999995336868,False
555,dfa31845e4868b33bc6be1ae757877dbb72a07585516655756339b326e2a5916,pin_blocked,card_not_working,False,0.26249999791616574,False
446,2124427baf9bd4489378c63392bf9e403b713cbd599e05fb0189252c64ec50d8,lost_or_stolen_card,lost_or_stolen_card,True,0.25239999376935884,False
2776,d2869af030171fa1fcdb4d5fbb9410e63a8db6c44036f03d33e25f661b58e915,exchange_charge,exchange_charge,True,0.5273000060697086,False
2046,18711fd607d403a89859478ef60cc60bdc3d6665b7e92dbda1d6485b3fc0bd9b,transfer_timing,transfer_timing,True,0.23570000485051423,False
2108,5dfabce6a20a97283dd4f11cddd5e6d80334b68cbf16d18132984999a657a86a,reverted_card_payment?,reverted_card_payment?,True,0.4105000043637119,False
1804,ad93b42c29ac13b0fceaf3012b174deeb73e153d26561ee88ebe6281ed1e65ff,declined_card_payment,declined_card_payment,True,0.35650000063469633,False
500,339c3677f55513933bc8576cce93f2c2ea2a7289f286236f4916d3899a301f95,age_limit,age_limit,True,0.38440000207629055,False
1084,e4d4fffacc5c7c4185f7b275781f493f049e6ad47d8d77889a92a5026510cd56,card_payment_not_recognised,card_payment_not_recognised,True,0.24410000332864001,False
1262,bd8338c05a7ea097e5b36191b0e018643de38bd048be04170522ee09937bf4ee,get_physical_card,balance_not_updated_after_cheque_or_cash_deposit,False,0.25439999444643036,False
1133,97e27b3e48f0f738c6f90f57a6c0da418f7ff79fc66f45c0b6f0bddc5a2bec2b,edit_personal_details,edit_personal_details,True,0.24810000468278304,False
1219,abe565226b30d879ea9ef0f4dd2917818cc946fa02e871f48632cfb4768896b3,unable_to_verify_identity,wrong_amount_of_cash_received,False,0.3234000032534823,False
2480,6012c9604f28ab8478c2b6bb57f752afd1257fbbef228514e0e44e5d10c19367,order_physical_card,order_physical_card,True,0.24330000451300293,False
1052,949658d0e8a8ec39236a94da26105bbae37f55d1d674df5510b128610d84976a,balance_not_updated_after_cheque_or_cash_deposit,balance_not_updated_after_cheque_or_cash_deposit,True,0.3465999980107881,False
868,84dbb23726ef054383697232b3a44d4f5671a7921c2a996283920d452975d075,transfer_not_received_by_recipient,pending_transfer,False,0.32500000088475645,False
2997,4d1317cee70cede2381d18752b0e00cf591365716e83dff0d2ff9180bbf95c22,apple_pay_or_google_pay,apple_pay_or_google_pay,True,0.3595999951357953,False
2360,6192e21340eb51479e4f48cf2cdc144c5ab8ffab10c03935c1c9ef730436001b,verify_top_up,verify_top_up,True,0.3295999995316379,False
565,d6beb7decce29561915b6d5ca77e61c2502fb0ea6bdb59b038a0a4efd77d1940,contactless_not_working,declined_card_payment,False,0.5021999968448654,False
2515,635ca00d4b63d1c0e25feb087f89b096f95ebc547f4ba15a999ceb1a5e49c959,order_physical_card,order_physical_card,True,0.20000000222353265,False
1333,19670bfd3df7bd9a9473ad544b85aaf215d870b6b1b8ef84f0d82aff322f8997,topping_up_by_card,topping_up_by_card,True,0.5498999962583184,False
1428,71c58e9deda6f4db4e2474c4fdfc321325d1bcfc6ca1f522739099bfaf8bc827,compromised_card,compromised_card,True,0.567299997783266,False
2942,6b5e2b52bd32a8ca9da503a62674f3733edccdfb0c4066022cdabeac8e91e727,card_about_to_expire,card_about_to_expire,True,0.3992000056314282,False
3018,20e0db7271dcb549a73acc749294e079562254a6fc5a4ac57c497b8cdf46d29b,verify_my_identity,verify_my_identity,True,0.2663999985088594,False
2523,b68c06000bf9365a51ce2703b9bbda49161e4db0ed160494be9ca222dff5a29e,virtual_card_not_working,card_not_working,False,0.2517000029911287,False
1643,7712f8e44c45c1b5c238623959dd44a06d287f560a3fe535e1276b6e0f745ef4,lost_or_stolen_phone,lost_or_stolen_phone,True,0.4409000030136667,False
1901,69fc0fe9fabe95051c0099172618ebdf617c2d8dcd9653ff2bec6318cd247717,terminate_account,terminate_account,True,0.225800002226606,False
390,0413d5e3579fac647fc94c23f8c68212343c426931c0c8fde16b507328723c0b,card_not_working,reverted_card_payment?,False,0.30059999699005857,False
2554,1a675c098066b6dbc5e0cc3f1c9c1f58fc3435006fc3ad10e62adf98885fdbd8,virtual_card_not_working,virtual_card_not_working,True,0.23610000062035397,False
1863,8fd17f7a449b14d9447d85c53e1b79eabcc1b3515a67e04fb42ad220c987186b,pending_transfer,pending_transfer,True,0.30730000435141847,False
2509,83774420bf2b6ef569e7157ab1e9424211514012764872239df8d44846bab38e,order_physical_card,order_physical_card,True,0.27689999842550606,False
216,572bd74702cbf7d915920e28886cbcd2aa822333f3d3d610773f811ba5c07cfc,pending_cash_withdrawal,pending_cash_withdrawal,True,0.30619999597547576,False
842,d9b61c9ce58956bce25aaf1e1fac6ce3ae390a41bef29e71b8a00527106b7ce9,transfer_not_received_by_recipient,transfer_not_received_by_recipient,True,0.3549999964889139,False
652,c14cfb22f9f141de88821974c7e85e3325155623c7136ddcd4e75d8d7f961708,pending_top_up,pending_top_up,True,0.2212999970652163,False
2613,34c9b55715c67027d57c6c6713a3c17f30d02f83890e4d97264d4f4478d05651,get_disposable_virtual_card,get_disposable_virtual_card,True,0.2738999974098988,False
3014,2ebed13170da91c9107c15089509b2686e1ee5c892e20f6b956144b506164b7d,verify_my_identity,verify_my_identity,True,0.3004000027431175,False
1724,07b131241d04b42f5fa858b91e2cd067dfc7dfbaf40586b2dc03bdc721c4ed69,declined_transfer,declined_transfer,True,0.37880000309087336,False
2585,06c73755829aa98e194e05d707ca0530d46dbb70e9a70aed81b1563cc989a73f,wrong_exchange_rate_for_cash_withdrawal,wrong_exchange_rate_for_cash_withdrawal,True,0.37169999995967373,False
2707,81589fddb1bd379364bb5f8c78780d75f7994dc16747a51d60f96d061070f3e9,balance_not_updated_after_bank_transfer,balance_not_updated_after_bank_transfer,True,0.4870999982813373,False
871,30a17c4d1747926669c5561263e6f78101dad99b45f0c219feab6559f5c050b9,transfer_not_received_by_recipient,transfer_not_received_by_recipient,True,0.7664000004297122,False
2795,ef941c653279fd67349ede60f6c8a8f65fddf383fde004f5cd94db2532ede51f,exchange_charge,exchange_charge,True,0.3972999984398484,False
2709,e4a336af1b48ad901e8e292ec1e17fc2fa1c993406f8c8f317d69c133dd7856f,balance_not_updated_after_bank_transfer,balance_not_updated_after_bank_transfer,True,0.356399999873247,False
1360,7139e8bb24f1c827ca2b10ad6577ac9d37c3ead4ceb18d4280fd22f911956e99,disposable_card_limits,getting_spare_card,False,0.22539999918080866,False
933,3cbc3e0cfb5f99a27979187a64f3683fc2c1531b9bb2e5fb1008fbb2fa76031f,getting_virtual_card,get_disposable_virtual_card,False,0.32300000020768493,False
1929,732584a9f880a7a5e618b94e5399a149e52787ea5bfd3b8ee74cc0462640c302,card_swallowed,declined_cash_withdrawal,False,0.345499996910803,False
352,49251ba9f897f800f5fe5979bf12b91a9c7be95613c56dfb44fe36231d603b9e,automatic_top_up,automatic_top_up,True,0.39770000148564577,False
2511,43ad5a4cd15ecb25feefbc4c98cf820d69547080567df9bdd563fe20dc601513,order_physical_card,order_physical_card,True,0.261199995293282,False
2672,45b95edb6d75d41426546978d1c16fe305cd6438ca9fa386f98a5c5ef5193e79,top_up_failed,top_up_failed,True,0.22190000163391232,False
1760,77d105933341b06b3f3141483c93a09afa0bf35406254569c712fdf503b7b1f5,Refund_not_showing_up,Refund_not_showing_up,True,0.301499996567145,False
941,cf4cb93561783adafb3d3d39658a901517db073f4cb69866059c5ac39885efa0,getting_virtual_card,getting_virtual_card,True,0.19600000086938962,False
223,a2ca0cbf2e9b4db63b7a3cfa9022e943aa3cbae0bdfe49dbdff39e0aa6724878,pending_cash_withdrawal,pending_cash_withdrawal,True,0.2043999993475154,False
1126,dacf65d8a4e65cf50c4b8b5c52b2223eac0eedb28aac9e691e0c044d63fd7e7c,edit_personal_details,edit_personal_details,True,0.2598999999463558,False
877,63056221298bda440e8252824e1c5f3b734a8515f4c876993bade914b8dee5cc,transfer_not_received_by_recipient,transfer_not_received_by_recipient,True,0.2941000057035126,False
910,b53ecf274d7ca93958d5d201e8dc0340042365aa5db05edba33aaef167304f51,supported_cards_and_currencies,supported_cards_and_currencies,True,0.35680000291904435,False
958,2eb218f2f9b8b198091a2d76d08c8edf8c2a7aad347e6ba0adbf041b7887577a,getting_virtual_card,getting_virtual_card,True,0.2795999971567653,False
1759,5117aaba009bde0e04dbd344bb6be4c49e375c6546ca98f4f9d29ada6b818e44,declined_transfer,declined_transfer,True,0.2777999980025925,False
2471,2dcac378af60128c6fcf993b4ea3b3a614928a5fa94ea007f0f97b439ac1bd14,top_up_by_cash_or_cheque,top_up_by_cash_or_cheque,True,0.29999999969732016,False
1479,2332639809efa03d6018d54f67934470834a2a401ed821a1e3981ea61781838c,atm_support,declined_cash_withdrawal,False,0.17940000543603674,False
2414,6f43be4202d83ace38bb49e5239f31d7e619b343fd95b0e41d89ad2734fe28c5,getting_spare_card,getting_spare_card,True,0.4792000036104582,False
1032,92fc88edc5f200d1a2e1f342a0fa968ad8e5283d8fed7ac3e91ce25f6ef9bf6b,top_up_reverted,top_up_reverted,True,0.17839999782154337,False
3044,a9377019c1495ea6eba53ee3040e8cb76cd2023480004165ec4531e06738fb72,country_support,country_support,True,0.3224000029149465,False
2994,65d04aa30f7afe59e915e1a2d8e4566feb64a3389bacc410f18429509f862a41,apple_pay_or_google_pay,apple_pay_or_google_pay,True,0.4050999996252358,False
2351,ce0c940399b21f35734e33115d404e88b0ecd88a14c42788711f04b1559c2b5f,transfer_into_account,transfer_timing,False,0.1984999980777502,False
64,55f49d8608ebe801fc9b953f6ae9af4f7d660ccaf03276c2aa0cd4971df83e28,card_linking,card_linking,True,0.41459999920334667,False
545,cf524cfc1d04b771469e7d1553ceb02fecebaf2aa514d283d4530dec1e7406ef,pin_blocked,pin_blocked,True,0.4902000000583939,False
1307,0e15a0487d482766390ad7bd8264ff9eba33e0b2e837ca3f76d5c9bff45f0e93,visa_or_mastercard,visa_or_mastercard,True,0.3394999948795885,False
1884,2673a17952a5971dd8209cbdae4e8dc00a00e83aa7ecfb587ecdf4b1af104b55,terminate_account,activate_my_card,False,0.32189999910769984,False
2098,00e63b1a6e5d84c903fadff9d27d263b4d456efea9420b7a679fb60eab4eb0fa,reverted_card_payment?,reverted_card_payment?,True,0.25179999647662044,False
2023,bdcde7014e49c829604ff2543b14882a9236c1a036f72ea9bf165688881a9ec1,verify_source_of_funds,verify_source_of_funds,True,0.2908000024035573,False
2952,28dd9034f2b988f4944ae2f2cc4ca0795c73e52b8a1e7dca04af2c7bb9b7ab54,card_about_to_expire,card_about_to_expire,True,0.39259999903151765,False
2837,402196365781e5276834ae17794265e7c71a2c7e236f63b9252fdc2e35d77843,top_up_by_card_charge,top_up_by_card_charge,True,0.3874000030918978,False
1543,0ae656d59077a0a9f51b7217e4ff892be045f3d9f85c9ecea9722a3944f0c8b4,passcode_forgotten,passcode_forgotten,True,0.3006999977515079,False
2877,9cbb02a10898915377081f23f6bbf356b8a7acaf241bf287ae290b9cbce7aa9d,activate_my_card,activate_my_card,True,0.5130000063218176,False
1557,21312c1e69a4ed77d97cf24053d45528a79a8aeb880fd0b74b1767da23bf9cdd,passcode_forgotten,card_payment_not_recognised,False,0.3395000021555461,False
237,ec0ad1b36669844acf4e8bd2135d1dc50eff06a498b36a2b76e6ea4b63d8e3f7,pending_cash_withdrawal,transfer_timing,False,0.3269000008003786,False
63,a8b63469acd074c9e2069549c06bfca2ba6bd1f6b626d79c7a934593788a77d6,card_linking,card_linking,True,0.26059999800054356,False
816,c4700f5cb7158753c6dcb5d6ef7eef714d08e99a50784d0e828721296428865c,card_payment_fee_charged,card_payment_fee_charged,True,0.36700000055134296,False
2088,63b454c3d448cc4e978ffbf0c1d5e5f8af1444a8e204d64a4a3a4ef02ca2c132,reverted_card_payment?,reverted_card_payment?,True,0.4535000043688342,False
631,d969646a2b0c177bf73efbc2f91b77140370a67423573d69be7cadb2b81857b9,top_up_by_bank_transfer_charge,top_up_by_bank_transfer_charge,True,0.46940000174799934,False
1786,5765b816759eaa278e73f9220771dfd1ccd273b4d19470b13ee9241a6ac00ff0,Refund_not_showing_up,Refund_not_showing_up,True,0.4107999993721023,False
2896,512b7ebb1bb6b2e157b652c4a9ace13d5b1730dad3c4d463a6e1dba4657e1d77,cash_withdrawal_charge,cash_withdrawal_charge,True,1.4305000004242174,False
1071,5b43eea3f9cf46d609818411848ac364ffb66ef86f5e7cb43b4ab3351045fb3a,balance_not_updated_after_cheque_or_cash_deposit,balance_not_updated_after_cheque_or_cash_deposit,True,1.2662000008276664,False
2158,ba210d2e45a199a598aa3009bdcc6c8c642105cf33789c31be3c300c65162572,change_pin,change_pin,True,0.7106999983079731,False
747,a7848c56b292c3bb8bf6be8c0ee9fb9b3a928809fd0661f717a4b0c5332b5c8e,top_up_limits,top_up_limits,True,0.4473999943002127,True
1769,1b44520ff999da8f35ac0e9f9685c9e161925a6c901118e657b45723867c1f95,Refund_not_showing_up,Refund_not_showing_up,True,0.49030000081984326,False
1534,ca963abb8636fd3522e2abd6fe5657cf961e61480cab475a86cc22f82c0e0098,passcode_forgotten,passcode_forgotten,True,0.24059999850578606,False
2630,88d3f4717f363301a52373c20fd8918f5b9d0685c7ddf4b2fbe809e5a73c0f69,get_disposable_virtual_card,get_disposable_virtual_card,True,0.207500001124572,False
59,b59e4525951fdb3167d6144769143b9388f37d73aea9ce4a0020548d857c7c26,card_linking,card_linking,True,0.32869999995455146,False
1816,6971ab5c21519974fd68d47cb302ddd00768add4c43e4242281dad072ef17764,declined_card_payment,declined_card_payment,True,0.327600006130524,False
2687,28d12e06945804d2a24132bc54f7d28972fc2714f26784e382497f910739c651,balance_not_updated_after_bank_transfer,transfer_timing,False,0.28619999648071826,False
357,96873f123ea3c4c5339e451d88e17df658da5e33c6eff04ff3bd6500aa7ca69c,automatic_top_up,automatic_top_up,True,0.4229000041959807,False
2011,10421bd696eb33e0151f0e1cc95f130e896e520877aa545659d8a4e3fe238b56,verify_source_of_funds,verify_source_of_funds,True,0.2781000002869405,False
1876,1c0f6fb4b7e55290a3f011b66cfa1e87ca75172a33fe3133514d53bebda61764,pending_transfer,pending_transfer,True,0.32929999724728987,False
1546,1ed41a00ad699cc843b55f94fa169d91e7305d02b39cd2cdbb97a6009330930e,passcode_forgotten,passcode_forgotten,True,0.30470000638160855,False
2636,546c39b7b7dbd5d0a98d212a9357f77414c2ccef96e1371d0ba387dc429307b4,get_disposable_virtual_card,visa_or_mastercard,False,0.24950000079115853,False
1634,bfe0e24e63b49f5904698aa554e538c74c1bd03b58038764d63c007fcf70f1db,pending_card_payment,pending_card_payment,True,0.3040000010514632,False
2847,4807cb71d364ed6c5bff61a3f9fc172405cdb112b2c1ad4d22b17b76324a0d1d,activate_my_card,activate_my_card,True,0.29489999724319205,False
863,4097c9479b6871b2c5d344bef9d5ab916f844176ece197251c10217a720032dc,transfer_not_received_by_recipient,transfer_not_received_by_recipient,True,0.42720000055851415,False
1821,7e4c159070dd3aeb52cfc18f978e5bf9fb5349aea20c094c9426f06e2815f6d2,declined_card_payment,declined_card_payment,True,0.2249000026495196,False
536,9ec28c33e5bd87895775ea48bd698b34769226fe73906b763f340f0afb66918d,pin_blocked,pin_blocked,True,0.27289999707136303,False
287,4a3272f5c8cd78c7b9ccadcef281e04c01f1bb032b672e2819794ed4d41be6e2,card_delivery_estimate,transfer_timing,False,0.36810000165132806,False
2101,bc7113bb57493750e86010d5ed8fe2eee35bb9e407becbc5d4718c2361617744,reverted_card_payment?,reverted_card_payment?,True,0.2992000008816831,False
2588,d3c43d50752f29ee3aa041e24ca75b67004f96bb15d1114f5367de411f35be1f,wrong_exchange_rate_for_cash_withdrawal,card_payment_wrong_exchange_rate,False,0.4215000008116476,False
1290,d0a74f7aee7ca732c892a2c906f1948ef5add4d879f7922779897831c7aef4f0,visa_or_mastercard,visa_or_mastercard,True,0.36220000038156286,False
1868,1461909127af2a2fa5e317bc8cbdf79a678e437649f6deb2b6e033631fd5fbc2,pending_transfer,transfer_timing,False,0.3032999957213178,False
2464,9ac33ae29c872a9723a0e7a956886cd790e8ed657e115c149c89f0d26f53e060,top_up_by_cash_or_cheque,top_up_by_cash_or_cheque,True,0.32669999927747995,False
2344,f3a83bb8e18d57c7e240dff08c91e4556a1be5a8ca54f7607e9e5564bfdd1994,transfer_into_account,transfer_into_account,True,0.3667999990284443,False
1682,75b242be5e1f996fa6231b794c9c9edadc23cf87269ae4fe72b6dc2a0a716111,request_refund,request_refund,True,0.17860000662039965,False
516,d30b15e980caf62c66cdda347f2a8a2efc511a7b7550e219156d8128f56d5682,age_limit,age_limit,True,0.35089999437332153,False
2721,616208337e5e91e5d8f02408e66d33b40d31d5aa71ddd8a5ec0b70020c0f138b,cash_withdrawal_not_recognised,cash_withdrawal_not_recognised,True,0.3529999958118424,False
1978,518d850ff425a8bd28685afbd2ed920e45279f06e261c4782fbf6fbbe38e7476,transaction_charged_twice,transaction_charged_twice,True,0.3349999969941564,False
1343,e8716f031b1561da964660d09e0097b37c7941a0157c75aabb61468966480e6b,topping_up_by_card,topping_up_by_card,True,0.30560000595869496,False
111,0deece49f6844ef1b36d319f3b10cc279e169b562a663a4c42ff85b0b14199ab,exchange_rate,exchange_rate,True,0.26539999817032367,False
1641,4c0d4a190cb4a4570592f46d378db13db6c0c24f2f8f8e3c5d066eeb52c1f6f0,lost_or_stolen_phone,lost_or_stolen_phone,True,0.3036999987671152,False
3068,d5e47c305541a3a51d15a3d3d45c34fd059bcdcba4dfbfe580879fc37b5b8cd8,country_support,country_support,True,0.32919999648584053,False
1279,841e4e7a71fc52d7b2f60fbd3d2f3223724db53d114c41ffa11de4faadb21164,get_physical_card,get_physical_card,True,0.21630000264849514,False
700,e6989472b2173cd1f4c79cb8b5f27215d2e7ff0115cb60f67e355772791d5f9d,cancel_transfer,cancel_transfer,True,0.35460000071907416,False
2843,644c21ba18b957f74bdf7c136e2fc24a06cc0a9240a2c60283cad384df539ed4,activate_my_card,activate_my_card,True,0.3265999985160306,False
2485,02e69a7a386fce78f82c72cddba2b8c3d4f3fb06d42888f462a10711199435da,order_physical_card,card_about_to_expire,False,0.24149999808287248,False
2641,cd56df7e48a00bd462a68f1bd754baaad8a2b1d3ef235f4680baafe78a2e7dc0,top_up_failed,top_up_failed,True,1.1716000008163974,False
121,df2e8bd58385f47c70136668a4ef704dbd8cb3b2aac6671727cab34f0d4e1cd6,card_payment_wrong_exchange_rate,wrong_exchange_rate_for_cash_withdrawal,False,1.0890999983530492,False
895,dcea2e2fc2603f474c2833e3a7bbb1fd826fe133580b406fcc7b9234c7e06990,supported_cards_and_currencies,supported_cards_and_currencies,True,0.5539999983739108,False
628,cc474f8fe0056bd3d85444298d3bddc50de14c69c48a63e659f2bba90f20ecc2,top_up_by_bank_transfer_charge,top_up_by_bank_transfer_charge,True,0.2989999993587844,False
1382,c415425a37e8c1ee53522254d4aebb90eae1005a056b3be3b53cba6e890c2d61,disposable_card_limits,disposable_card_limits,True,0.3808000037679449,False
213,8e4092163a8c4b68c237a0ee020378542bd5f2cbe561a843ce8a3f7928ebe491,pending_cash_withdrawal,pending_cash_withdrawal,True,0.27490000502439216,False
808,b5cff8bac2a8aceb07268a975265ed670cc8e8c22d5ec5f724ff4d24c6319213,card_payment_fee_charged,card_payment_fee_charged,True,0.9512999968137592,False
2232,83fb68b5eb4d93702c397828d8b73cda260fbfa88a9c0d7dfdca87e854077219,transfer_fee_charged,transfer_fee_charged,True,0.3065999990212731,False
2681,2031edf3eb9a76d5b174b46205f54ae2c31d30d2ad6804f800d3d4515b8ee5ad,balance_not_updated_after_bank_transfer,balance_not_updated_after_bank_transfer,True,0.3668999997898936,False
2797,b591756e8686ca3338f7faf0c255f76403c5573d3ba2721993533af6d086a487,exchange_charge,exchange_charge,True,0.23230000078910962,False
1927,fe16d5ec61f5a1d4e4c12113c32ee338f7fad3340ef9980a6d80373bbfc7f1c1,card_swallowed,declined_cash_withdrawal,False,0.25350000214530155,False
607,88b5689759ad4c61cdc952eea88191af5c28f5fae0884fb1af22f748048ebb88,top_up_by_bank_transfer_charge,top_up_by_bank_transfer_charge,True,0.33310000435449183,False
559,2aec232785da74fea028d906f63d160afe0276535944cbad5e4ed3c38ef24af8,pin_blocked,pin_blocked,True,0.25469999673077837,False
1845,ef2c3f98d07503e5fa282a928ad5d9eb524e0778989f7922fac813c9e2a4c590,pending_transfer,pending_card_payment,False,0.2423999976599589,False
1482,189a88140602bd1e1e79758c24bafc6037613396067b9397dc4deb97bd190881,direct_debit_payment_not_recognised,direct_debit_payment_not_recognised,True,0.3062999967369251,False
2419,761fdc9efe1fe9d0d6d4e0b5798f47852153e65cc778ad0d9d7882f707cf68cf,getting_spare_card,getting_spare_card,True,0.20000000222353265,False
2018,19786d0b6bf7c6cbd61ffa808595ef7dbac651d4ece27dc982782abf292c70d2,verify_source_of_funds,verify_source_of_funds,True,0.31709999893791974,False
1350,e64684ee67f7161a5ae1034a3ccbc633dd8cf85f1c89bfc87a0b5b68128d3c2c,topping_up_by_card,topping_up_by_card,True,0.2575000034994446,False
979,0e2718c4959079dcdff5762de9d9a84bafd08f2df8faacb6f756655d7b0d9949,card_acceptance,card_payment_fee_charged,False,0.3795000011450611,False
2463,11d891bc2f5d43d7b0c57b631491ea58b52d937ed08e8358f9b887ef3c1c4d8f,top_up_by_cash_or_cheque,top_up_by_cash_or_cheque,True,0.2525999952922575,False
1301,5624628c2e8c32dc0553298146b0809e0d6df12284e6f9176fc4c4a16b6766c7,visa_or_mastercard,visa_or_mastercard,True,0.20480000239331275,False
172,de980b39a897e6d99a217744207b72038a52d94d5b0afc436d0122d8eca1e1d4,extra_charge_on_statement,transfer_not_received_by_recipient,False,0.3097000007983297,False
2437,4ce22c28be02a03eff72c72b1625b1f3278ce38ba1a4e915877d5989d4b1ff05,getting_spare_card,getting_spare_card,True,0.5231000031926669,False
1354,a937edd1c70eaf015c28f7e8de9d5d3f4c6c8d2c61698284e42ed6a522bc90ba,topping_up_by_card,topping_up_by_card,True,0.2879999956348911,False
874,40abd40b3fc2cbcc3ac969402fecb0778904017b87ab70ca2058356a5cb2a5cd,transfer_not_received_by_recipient,transfer_not_received_by_recipient,True,0.6284000046434812,False
1039,d00f43625399b666471019a6a7d0c097a15ecd61629485b927d05280b5b7b5d8,top_up_reverted,top_up_reverted,True,0.3837999975075945,False
148,1cf1d572876896e0aaa03478caff3e9ae767cb1b393edc7722cc58cc26533d16,card_payment_wrong_exchange_rate,card_payment_wrong_exchange_rate,True,0.6739999953424558,False
2518,57917bdb506c14c7d02a34f32b8316698f405e262d37eed8818ee1589fc9e5b0,order_physical_card,order_physical_card,True,0.24839999969117343,False
1825,aa5af3768414ad305fd7000758c359d4d8f3eb30f60aca79b24e84ffc80c2a0d,declined_card_payment,declined_card_payment,True,0.30059999699005857,False
785,b0aaca85ad6990b1b0176f28776899991fc5895b002cb67b020dd7b7a9869976,wrong_amount_of_cash_received,wrong_amount_of_cash_received,True,0.9080999952857383,False
1685,ab7caef7c6e11d25b05d64c681e9bd6752403ffd8ac8f2f607215d0762e36f2b,request_refund,request_refund,True,0.7941999938338995,False
1524,4a9e98bc67160b6c2a6bf059fd0e0aa7bd5ae0b5f672532ecca340ba8f35e94e,passcode_forgotten,passcode_forgotten,True,0.18179999460699037,False
1616,d701e27574fc4b0c4ab5aef1352924088dafbac91660816f913377efcabe5470,pending_card_payment,pending_card_payment,True,0.19720000273082405,False
768,57f2fc96d914dc3a36e6ddf34c2814035ec67632ce5e0c0b04bc2253020a0622,wrong_amount_of_cash_received,wrong_amount_of_cash_received,True,0.36079999699722975,False
1657,d4abaa2ed2d282ed4edcf82c548654b96a113eb1ee54d1d8d0ffdd00a505c56a,lost_or_stolen_phone,lost_or_stolen_phone,True,0.44120000529801473,False
2194,fca1575881787ec55a3d9e5a8b8bccd91b6ffb61d7f66b4d0cd507b79aa7fd5d,beneficiary_not_allowed,beneficiary_not_allowed,True,0.3291000030003488,False
257,18f5dca29c8b4881527a6736dbacba7d64b84205627208e1e2e2452868023920,fiat_currency_support,fiat_currency_support,True,0.37850000080652535,False
120,47374cea3265c0fb318b57510ffda38f3f84c9f67e5d3272a18e92e6f61d8a22,card_payment_wrong_exchange_rate,card_payment_wrong_exchange_rate,True,0.4124999977648258,False
795,57ede33aeb81a09a6a08272f2d6cff194af4e1381fd878ab7b3680fcad93f362,wrong_amount_of_cash_received,wrong_amount_of_cash_received,True,0.3136000013910234,False
2676,8f36ab9ae8906751cf6477edf848bcb01b92cf20bd68c75dcfb77384170e3d10,top_up_failed,top_up_reverted,False,0.3219999998691492,False
136,f4422f62adb5bf8c5fb5b6f18d78a8deec94c4a1fe92e35228a40e11b9a51268,card_payment_wrong_exchange_rate,card_payment_wrong_exchange_rate,True,0.5895000067539513,False
494,8e2ffab4d19464d8111d1580c565b56e64e63ab989c4b8c4eb84a830d512a721,age_limit,age_limit,True,0.2983999947900884,False
791,d108bd007e7d135a1d63dca87d9dcb045dd29f1db1ed18b2a6c175775ebf5fda,wrong_amount_of_cash_received,wrong_amount_of_cash_received,True,0.9329999957117252,False
1624,4d6395a8df73c066c9a57ee461947ecabdf8d3a6510a2aed0b5c17c2957bec1d,pending_card_payment,pending_card_payment,True,0.39000000106170774,False
775,49700db8e21b4c1b9550f82bb1f1fd2e807d720edcc34cc09c8402ffa1242cec,wrong_amount_of_cash_received,declined_cash_withdrawal,False,0.3262999962316826,False
1838,afe7604f603f7396216336ba9656b683e87da305b4a6cfc3fc6badd5a4200085,declined_card_payment,declined_card_payment,True,0.2652000039233826,False
2045,3c976789c4d5a8254c3154d3b6d47c91500909a4fc4008bd4f7cc8f9b7c7ce82,transfer_timing,transfer_timing,True,0.2922999992733821,False
892,56d32c2c9a2a6569a163808584e67d0b1db84fac50e51e5bd1be3ed13e6cf768,supported_cards_and_currencies,supported_cards_and_currencies,True,0.3316000002087094,False
987,8687ad0f224faf0529a3db4f7ca8c3b060a075ca4cf3c02dbd7627728e394306,card_acceptance,card_payment_fee_charged,False,0.3488000002107583,False
1998,b309f9a925e27f70a72c9974e5e5743797d8c596830edefa861d1f5ad3f477c3,transaction_charged_twice,transaction_charged_twice,True,0.37960000190651044,False
2152,e779f50b25015dc11c15eda32cc21f9b6d4948554d8d1374ed9e1b52c5df3a1f,change_pin,change_pin,True,0.3333999993628822,False
1584,46a4317e629f46335b06757a9e2a02876d7e225f41c0b8bfa30e152ba0a44499,declined_cash_withdrawal,declined_cash_withdrawal,True,0.669299995934125,False
917,8aaf117593bce8e88090ea0b955ad5ec1584226995e09ddd5b526b36c2d012d9,supported_cards_and_currencies,supported_cards_and_currencies,True,0.23920000239741057,False
2242,d2d1c5c481a003e9e2eb1f5df92b5be03fe4b2279efc30abfb9a50366573ebf2,receiving_money,receiving_money,True,0.42949999624397606,False
123,8d25838b46108d77c5d1fef6bab100343c56b2d02e0897fd85b5a2a3c1f7961d,card_payment_wrong_exchange_rate,card_payment_wrong_exchange_rate,True,0.37370000063674524,False
2439,c3f192bd00df90f6cdf90113383228de5014cf086e811bee3ba5eae88bbfc9d7,getting_spare_card,getting_spare_card,True,0.3363999931025319,False
2305,91cb003847eef7a14c5cfd069085dfb7f52b89e7eccc08ade03cdc9e3d72c068,failed_transfer,transfer_into_account,False,0.2271999983349815,False
2126,abc4077cd205333b51121c367b653639b810313ab6321c7aef22ac10d5abf992,change_pin,change_pin,True,0.4230999984429218,False
78,3a1acf25a7caa9ffc898af022102df8fc6ec6592261034043b0b7d60e5794ec7,card_linking,card_linking,True,0.2542000001994893,False
2890,0489fa9f35f8e3a0f42e969bfc3ecfbc7c78a633bfadd07c166b7aed9b0f1684,cash_withdrawal_charge,cash_withdrawal_charge,True,0.22399999579647556,False
1449,a4703175e1ccd1d556033bf7c87a44657bb45bb763bcae9794f1111c7cd27923,atm_support,atm_support,True,0.1838000025600195,False
2668,3ad503afa712a51902cbe494fbbdfb86de092a883038b1261a9228ec88f5a859,top_up_failed,top_up_failed,True,0.5295000009937212,False
1675,63a40a81f1ace6e71e9f962476f7751b0727e6af068217f5dfafd83e3cc0f5ee,lost_or_stolen_phone,lost_or_stolen_phone,True,0.17629999638302252,False
2535,ce58bd8bf1db57845f5f76297013cfdf3d727a5ce047e2d8e5203294116e735e,virtual_card_not_working,card_not_working,False,0.2550999997765757,False
1720,45e4cdf8110a0c00b9ecaa539bc0bcbbba705b33028d03687f6c561bc3134465,declined_transfer,declined_transfer,True,0.34749999758787453,False
2060,53d02613477320a4c499e662e67c2fa132ba3019021a96a41773c2389a42d279,transfer_timing,transfer_timing,True,0.3971999976783991,False
345,f3da09e8aca54c7c0335aa2f6cda1351b8402a3c2fcf33c329232d9859c038c1,automatic_top_up,transfer_into_account,False,0.33239999902434647,False
580,39cbefdb9663c52065cde79c9f133cddcd801a8b375c0b336081f5aaf92baa7f,contactless_not_working,declined_card_payment,False,0.3045999983442016,False
1492,f10b51ff493316656ab881324b08600fd748d61e3a30691918c65ed6dddca5a8,direct_debit_payment_not_recognised,direct_debit_payment_not_recognised,True,1.2544999990495853,False
1287,e84a1bfb45261dd24cd92119f91e6d8b9a61d74adb5b93fe874b767a0fb07688,visa_or_mastercard,visa_or_mastercard,True,0.3754999997909181,False
452,c8303973a90d8082e8259fdc2c81ef245329e903c1d729ba1e328fa5c24e13e2,lost_or_stolen_card,lost_or_stolen_card,True,0.4718999989563599,False
1676,fd7b05a0a8f14de1a645d9c9a6e92728db253645d038b3161ca23a14861a98a5,lost_or_stolen_phone,top_up_failed,False,0.41259999852627516,False
2172,017cd9605738df021bf3dca2d7ae3db2206ce893e1d0ad4761530dcf0285c72a,beneficiary_not_allowed,card_payment_not_recognised,False,0.3364999938639812,False
705,110959dbc03b547750d56772674c15d310ec00d1e70bb33fba730392ec7acaba,cancel_transfer,cancel_transfer,True,0.27889999910257757,False
37,c5d1ff633e79a0397c6ec247453e1f4666ae1f70d7cb83f82d43957652abe6b5,card_arrival,card_arrival,True,0.20610000501619652,False
2053,458734c2085d623e876af21655d9ae166c51a098422c1d3a44bf47d872a0fc1c,transfer_timing,balance_not_updated_after_bank_transfer,False,0.28040000324836,False
1409,3cac8d12ca7b4afdb7ab70f34dfe08437bcfadd7d74d18013ba1efa0fa85f6df,compromised_card,compromised_card,True,0.4391000038594939,False
1905,d4e34a330506689a135f557b8dba8bdf5fdbacc5e5395224b621e551fd3ce9f0,terminate_account,terminate_account,True,0.4358000005595386,False
2239,acc3791bd5d882f906e48a2745969bb4729e8fcbe76702b5b8d84c07ccf0c7d3,transfer_fee_charged,transfer_fee_charged,True,0.2749999985098839,False
2016,341963122e3ed011db0a307b85074ffa460c6489a18ada69f9fe6b5a9b50812c,verify_source_of_funds,verify_source_of_funds,True,0.1970999946934171,False
899,40e2ac6b39bce0f206e8e05fc867405fb46ce2c24bdc02ea117690239f6cc543,supported_cards_and_currencies,supported_cards_and_currencies,True,0.35170000046491623,False
468,72e3c5872008f0cb2a3b7ca94f80c82a3343474fa26c123a840d017c3eef4b83,lost_or_stolen_card,card_linking,False,0.17579999985173345,False
1771,a3359df9e467f34e2c8a99fa554bc70f92e2d4ea8488b86ceb335e9ea513eaad,Refund_not_showing_up,Refund_not_showing_up,True,0.2586999980849214,False
1528,248943c823787edfaa77698e0738c1aeaf46ae80f6243eea160602a7fc4817cc,passcode_forgotten,passcode_forgotten,True,0.2830000012181699,False
2763,659db39e2b6fb3854001ec200c9911b0b0d1c8bbd42bea86c3bc60c91c12bf5a,exchange_charge,exchange_rate,False,0.2558999985922128,False
1220,ed03b50e3902ed6092fdbd1132b4c1e0273cf9b73156ce694b5031fb4098ab6a,unable_to_verify_identity,why_verify_identity,False,0.22390000231098384,False
1013,0b0a7e805193452b9a7718c0c1b42e4db25cb031d5233a45fa223f324c013e81,top_up_reverted,top_up_reverted,True,0.26160000561503693,False
1177,57b473bdeeb51db25eb71c3c5241ddc37d017f2596d3054deb4de7d4cfe56ecc,why_verify_identity,why_verify_identity,True,0.38109999877633527,False
1118,efdd14ad1b7db520d8ac72100956026f510ae06b409e6fbbb69ca8f638f742c0,card_payment_not_recognised,card_payment_not_recognised,True,0.7823999985703267,False
1285,c57b1f7fccc041befa6eda1c3ae97a70a5a3b0cb00704c91fdea9ebee23fe51e,visa_or_mastercard,visa_or_mastercard,True,0.34109999978682026,False
142,c6ac28e1628c0219fa4e7867303a17a548955e60dcee023c307ef10400ceb32a,card_payment_wrong_exchange_rate,card_payment_wrong_exchange_rate,True,0.38219999987632036,False
2193,00e261ee208a2400b3b128f48b741acef46352a3f174742b45cdc69247308c42,beneficiary_not_allowed,beneficiary_not_allowed,True,0.36779999936698005,False
1665,547bf8efc17e570e209265c0142bd07c2062e1ec932fa44e2c73e97fdf2acf0e,lost_or_stolen_phone,lost_or_stolen_phone,True,0.7518999991589226,False
985,a52f67072e3e070cd5902aca6619876f578fac262ee06e9dea158e68eb9c7029,card_acceptance,activate_my_card,False,0.23999999393709004,False
2022,15e80973264f379211431ba1e25e94669596ebde5d2a8f8f01d964b85202b737,verify_source_of_funds,verify_source_of_funds,True,0.4067999980179593,False
124,9f0cce9f50de80bd91d7d6d0d9a4ecfee234a042e524d429f942480f3a728615,card_payment_wrong_exchange_rate,card_payment_wrong_exchange_rate,True,0.2755999958026223,False
714,e1a5edb5f0345465a14b38adef3e43ba028bee55916df298955a1a0aa5612881,cancel_transfer,cancel_transfer,True,0.18010000349022448,False
737,9f1771c5960c5b3d7838e85cc31d1460da8e529d8930902338c9cb1c839a9dbe,top_up_limits,top_up_limits,True,0.24590000248281285,False
62,a02a9147f0b6b68a088ebf24b31f312f4515cbaa3e569f58621d1a24d548c597,card_linking,card_linking,True,0.2975000024889596,False
173,2e337b5bb6851224347092e21ca0e6517783806370e9c753c97a8b7742064329,extra_charge_on_statement,transfer_fee_charged,False,0.2319999985047616,False
2139,555c3947b21cc3f109a50e5987e1433dfd54d9f207f5bbcf537c09f809e40c78,change_pin,change_pin,True,0.2527999968151562,False
1725,1cd84d790b0d897e3e07d8c55250194d4649435e139cc4bf6a5ea60e4cd99ce9,declined_transfer,declined_transfer,True,1.0194999995292164,False
314,b8339c9d367ffaf00e31fa995ddea0c9fe0f5fa58dcd8457afa50388906a7c62,card_delivery_estimate,card_delivery_estimate,True,0.2227000004495494,False
2105,084e7d109dc3b72d98a68717a31a6416b2b1bc7232b8cf63503dfd01ce4a8587,reverted_card_payment?,reverted_card_payment?,True,0.349000001733657,False
2770,358b0a553d6627c28f09a473331bd42f4372a3f8a1386e30dda7d544b2ea909f,exchange_charge,exchange_charge,True,0.33709999843267724,False
411,80a412158ab48cddbe60e820daa4b54e3da7489c5f9f81bfacdb54863ca586a1,exchange_via_app,exchange_via_app,True,0.46460000157821923,False
2087,852345879c461e4979639fddfed8bd02bdad551bf305ebb47f67db43d70ac773,reverted_card_payment?,reverted_card_payment?,True,1.0638999956427142,False
626,5806d1aac01e783c2ec71829f8f4306ebb9a8aaee37fffce0d5825cf934c2f6e,top_up_by_bank_transfer_charge,top_up_by_bank_transfer_charge,True,0.1731000011204742,False
1544,2c66d3dd7739660af4b6cbc843a80943204fa6416a333db9702b34ca865e5067,passcode_forgotten,receiving_money,False,0.3079999951296486,False
2570,b1edc0b90074c1bb1f62b59e52dc859fba915b406cc4f2c9be1ba2113f5b5177,wrong_exchange_rate_for_cash_withdrawal,wrong_exchange_rate_for_cash_withdrawal,True,0.3752000047825277,False
2476,74f0958b5b065faa69b89e6010767884eaf299e39d9e5471361e3fe8fc86a20c,top_up_by_cash_or_cheque,top_up_by_cash_or_cheque,True,0.31409999792231247,False
1988,18383de02ef364eabcce06b7d7f9e82f0b3addce124833bb2fd4358f7ea1db8a,transaction_charged_twice,transaction_charged_twice,True,0.3300000025774352,False
2563,46478c64eaf19473fcf0400453951658e4520631cc75802e52c07a4262a0226a,wrong_exchange_rate_for_cash_withdrawal,card_payment_wrong_exchange_rate,False,0.3543999991961755,False
2054,b0108316146d33e2a656335c812d0437749ca0e349562da36e14e1860f1de6b6,transfer_timing,transfer_timing,True,0.49229999422095716,False
424,a24aa7b48aedacad3b7724449b54df6ce55917e842128c2a3b34915562aa272f,exchange_via_app,exchange_via_app,True,0.3273999973316677,False
1394,cdb081f06624a628b14ab92872b7859b27969cf55f43d9f414baad7095bf0942,disposable_card_limits,get_disposable_virtual_card,False,0.2993000016431324,False
371,e82b98c222788fc7375e98316fa2cd630c29d20885badf5799ea524542a43088,card_not_working,top_up_failed,False,0.381799996830523,False
2905,49fd64e94b2f8f4cb9db4ea204b10d92bf128c7a099792ebbba841afe286ff7c,cash_withdrawal_charge,cash_withdrawal_charge,True,0.7774000041536056,False
1596,c3eef6975981107dff54a090c270d4ba6c9aa930b513dace3f80056643443a94,declined_cash_withdrawal,declined_cash_withdrawal,True,0.23810000129742548,False
1677,019011571444a3e8de22f6a3f1c8c26b8f1fef1319233c90565fd4139ecc23ef,lost_or_stolen_phone,lost_or_stolen_phone,True,0.41760000021895394,False
713,4a100dfe61c22308cf0e246cc9235b9213fe1dfe0fdc4aa498d90a08a3415256,cancel_transfer,cancel_transfer,True,0.5410000012489036,False
2143,20368e7caf3c7e0ada71b88df2a2672308a12ead3309463056dc45c660879a10,change_pin,change_pin,True,0.2849000011337921,False
277,f07d19eca51b5f50addda90555ea50debd04e913903e7503c6a1b5c52b463ac4,fiat_currency_support,fiat_currency_support,True,0.38359999598469585,False
435,8ad6b5236c8ec4b5b42ebcb5b9ada4713216495f903856181d7a2817cd2be2eb,exchange_via_app,request_refund,False,0.33039999834727496,False
2643,d32cd58dec32ec11a5b620f1a773fd8914cbfbeb5e09a8211053fefb93fbc975,top_up_failed,top_up_failed,True,0.8840999944368377,False
1109,1f8bcadbb45b5efb3771dfd28fdb43b4c8aec9739daf6f9d039e56160f695444,card_payment_not_recognised,direct_debit_payment_not_recognised,False,0.30980000155977905,False
2405,eb5e69c09797c618c469e00588b26af09c966c63110a52c70b6f9b6ed3e2f2ae,getting_spare_card,getting_spare_card,True,0.25119999918388203,False
2384,43903826e61ec7839706fc57dcd226e57f3819b0bafbd828c37cb4ecc1e5f00e,verify_top_up,verify_top_up,True,0.7122999959392473,False
2941,2bc067aeaf2c24aeac850266040f8aac6c4168f3cab872cf2f9c3eaad7ed88ee,card_about_to_expire,card_about_to_expire,True,0.8059999963734299,False
1500,270fa6128291193575a5ccfa0b6f89c68e12d16fa9c78928232352b4e86fc01b,direct_debit_payment_not_recognised,direct_debit_payment_not_recognised,True,0.738000002456829,False
2558,bf3d9e701d5634ca03c04f2a80ef2a5250de9ffafc25a91adc2f8d6bd1be0ea0,virtual_card_not_working,activate_my_card,False,0.3133999998681247,False
82,b07edfdd4fcbe9161d92dc57e7f6a0bff8776d914a7c27e93c3db92d77efc65f,exchange_rate,exchange_rate,True,0.33239999902434647,False
2247,2d4b4b247bf6e99ec9af2f1337a5f8251b915b1afcbf2e7a84f57dc1c288132f,receiving_money,receiving_money,True,0.3980999972554855,False
805,bb35030adbf8cc3d6dea72fd25bbf3f03050449c9d4761518b54521dec168e68,card_payment_fee_charged,card_payment_fee_charged,True,0.3538999953889288,False
2072,96d9fc5cbd3fd10a356291f5aa1c230175f9d601759e5d468ce194271c194208,transfer_timing,transfer_timing,True,0.3832000002148561,False
1417,54c8c4bb76af464af747d64f3cf5ebaa95dd65b2b231ee353d7d4263d7ec9e28,compromised_card,cash_withdrawal_not_recognised,False,0.6510999955935404,False
2390,0dfb5c9c9b921339d5342ff0f11fb3fe12620a710210752bcd86f64f510429e0,verify_top_up,verify_top_up,True,0.40750000334810466,False
945,a5ada98fe2f97b2ac313385e215eb2c94f96f2fd87f4ad32b172320b18ed7421,getting_virtual_card,country_support,False,0.32479999936185777,False
981,d6a0900b3aeaad04cfd98060f5a651efa4bad7ac15b24157e22a618b11a3095a,card_acceptance,card_payment_fee_charged,False,0.30390000029001385,False
2202,1d43c7ed062fd438ff5fe8c8e3230f2d5c85c3ea0b35f397634a792aabd94998,transfer_fee_charged,transfer_fee_charged,True,0.3260000012232922,False
563,1343c4106362079de09f15285bed76eed3c257c69fa455ac0d2b31fda49b98f0,contactless_not_working,card_not_working,False,0.7231999989016913,False
524,f2071a0877a178534fdf3e7c5757f79a0a32a5452ef2c491c95ebe25e6ff9e43,pin_blocked,pin_blocked,True,0.4453000001376495,False
939,874c07169214f9b7235d8b1f18086cec983447df2ed738f4f2cb357ac09459e6,getting_virtual_card,getting_virtual_card,True,0.2518999972380698,False
1284,8055dd6660e514ca3715dbea450fb4885c2915b874541f8df6cd8b2e19cd8aac,visa_or_mastercard,visa_or_mastercard,True,0.2386999985901639,False
2257,b65262bef5a53cc0121923a525bffa4e266c408a64e4518852900639707b2162,receiving_money,receiving_money,True,0.49920000310521573,False
367,a59d689655cf9dcfe91c8bccd12a56a6f7c69ec2a125e6954c4628ffd968458c,card_not_working,top_up_failed,False,0.334399999701418,False
2383,0fc201ab151f2312c2b2e5c6a78ce81f6011e398c655319092146f1ebd0a60d2,verify_top_up,verify_top_up,True,0.31260000105248764,False
849,fc4db7383f6e69ef26768d73f570d6cbab727b989158a8721690e9156d62f187,transfer_not_received_by_recipient,transfer_timing,False,0.23040000087348744,False
431,e125a854671d09b69d2bb9cf76cb5ccee1c746482f7b08791929aea640addf35,exchange_via_app,exchange_via_app,True,0.254700004006736,False
169,d1cfb5ca454bf0462230e490bc9d73287b5778983a47b6188b0c246fe1127306,extra_charge_on_statement,extra_charge_on_statement,True,0.629400004982017,False
2014,ae63416833b4311674bade9e7f429377c0eb20735fb958d2f1749f5d5a78b7da,verify_source_of_funds,verify_source_of_funds,True,0.35900000511901453,False
1996,2af8308c78f486a930b393865b886896d9765884598e6b635ad3aea3133fa636,transaction_charged_twice,transaction_charged_twice,True,0.3800999984377995,False
2973,bf7985becb4ab597213f10b64ee317afe1e533b5aa8fe4f3af7300beec766755,apple_pay_or_google_pay,apple_pay_or_google_pay,True,0.2638000005390495,False
2979,fecc02c6afb60c7b994c1d47524edb602c971fee11eb8af3cbc3824a8a88f43b,apple_pay_or_google_pay,apple_pay_or_google_pay,True,0.3077000001212582,False
3033,e6f46e560e68ab4705a5e338940d5161b3f7804d850dd5d257ad5fb1ea9a63d0,verify_my_identity,verify_my_identity,True,0.36080000427318737,False
1926,5071bcef4efa9852a8a3c059f1f5552a8745c6c943c293600dd29a07ca4dfe9a,card_swallowed,declined_cash_withdrawal,False,0.4247999968356453,False
740,0da645755c39817d6e76134362a3283b58173555d167411083063164613c1279,top_up_limits,top_up_limits,True,0.3010000000358559,False
2312,ff3d2fa7fb30898bf62d93ed33217d3c9fb3eb9f5d806d79df27b103c381428a,failed_transfer,failed_transfer,True,0.6867000047350302,False
712,1986f0cce77a2a086c43b1705073ccf7a3bbea2ec200b6bd1d2f1a9896302478,cancel_transfer,cancel_transfer,True,0.3028999999514781,False
35,967a309537c44c6f87a7c7d8c1d74e87899b44782997c6bc660da34394057b62,card_arrival,card_arrival,True,0.5099999980302528,False
2694,4f7a655c89f4514545f474e1d79d2eba6426dd34deaeeaf560b4c03ea239cdc8,balance_not_updated_after_bank_transfer,transfer_not_received_by_recipient,False,0.4380999962450005,False
1515,e72f1f6b8ea8a33199e386571dd25749ae5615538a0535d6c75cd82116ded1ac,direct_debit_payment_not_recognised,direct_debit_payment_not_recognised,True,0.4062000007252209,False
2314,b1988df305aa7ff81f9825f7a46f13f37e61f0a4fe926e8c502082f8994f1b08,failed_transfer,transfer_not_received_by_recipient,False,0.25349999486934394,False
1229,89d23a560c2a3c3455ea801382df0e9a93404c37beb0c50cd1cee70f078a90f3,unable_to_verify_identity,unable_to_verify_identity,True,0.2593000026536174,False
2189,98100e5f4cd8956d82096489f90694cfb27c42fdd5fe91df776836a5c687915f,beneficiary_not_allowed,beneficiary_not_allowed,True,0.47730000369483605,False
2531,7d6efa4e296774ff2a9825609367fcfcbce9d49e304764165e76bde6db134b90,virtual_card_not_working,disposable_card_limits,False,0.338400001055561,False
1159,663d7f1bf0b5348bf10b7781ba783e25d7b8467f3b3db30a35c9a2a6bea4cf51,edit_personal_details,edit_personal_details,True,0.37739999970654026,False
2131,1924c2d5d89e56c70c8a6d8d9907aa08281b849821c4d672f0db4baf96af16a7,change_pin,change_pin,True,0.46149999980116263,False
618,5d31a6a0de764320a1d8989475981bef211fc0e9654d501eba2794850a177fae,top_up_by_bank_transfer_charge,top_up_by_card_charge,False,0.31660000240663067,False
2468,9913c3456a16685eeb47c99d09b8e000d2f91f2cacbd261414449d2720aa93af,top_up_by_cash_or_cheque,top_up_by_cash_or_cheque,True,0.560200001928024,False
1989,cc5adb20381ced4d631fb555aed1db7cbef0efd15862f34d6805b162f83ba885,transaction_charged_twice,transaction_charged_twice,True,0.5806999979540706,False
2276,55b0a5ae8ef552736abd09c7110c88b056ea9cd8720b09496802f97361d0f018,receiving_money,receiving_money,True,0.37760000122943893,False
749,23e3cc2642cfd1331e244a81d06f012f8274c22d13e36e5d3e98fe137502e161,top_up_limits,pending_top_up,False,0.6379000042215921,False
495,42ea792247ff088e04f2042de19398f8fd9ebf4b02ea2a11586ec29358e978ba,age_limit,age_limit,True,0.3581000055419281,False
233,40ed1d34a69966e653d8bb263627f7f3dc540b5d45248a7ef5477c75fb0832fa,pending_cash_withdrawal,pending_cash_withdrawal,True,0.349000001733657,False
2465,358ec8975e9689e70264d2f400104a0904434ac0c1a7e06ba765a75f3f17a3c8,top_up_by_cash_or_cheque,top_up_by_cash_or_cheque,True,0.30420000257436186,False
2259,3ca8a0d4d2e08a9e1ee57e6e87b624e76c5fcb908e50b47db712645038986eda,receiving_money,receiving_money,True,0.2534000013838522,False
2901,5d0a2100a51169c423f77949a24e5971029f6c4b61fed4d53e4ce5f06bb61d17,cash_withdrawal_charge,cash_withdrawal_charge,True,0.3801000057137571,False
187,ad43b0d370e7b125e2cb854e3fdace9029a0ab42a17db7e05bfbd746fd1443f3,extra_charge_on_statement,extra_charge_on_statement,True,0.4104999970877543,False
2625,29a2410603b2fdba11ce8b7eb13d69484410cdb7bec518c3471f9aac46b55f64,get_disposable_virtual_card,get_disposable_virtual_card,True,0.28469999961089343,False
1324,e0d8ae1ddcc2724339a3a9788b875e0c3e9950f3f8b7b67ea1b78c96d7719fd9,topping_up_by_card,card_linking,False,0.4274000020814128,False
1505,d233624e3607705e98b4333ef7db5d85806c700e8be93f3f7a8ff8b3d666a1a9,direct_debit_payment_not_recognised,direct_debit_payment_not_recognised,True,0.5557999975280836,False
2315,852b69607f5fb00d2207f7a85a0775417b6523e03c1f7f75d19ea8ff1c04a3dd,failed_transfer,failed_transfer,True,0.27549999504117295,False
862,0382e29ab4319bef67933c32d05e8ec6979e22009b7e49fbed5116d14bc85e2a,transfer_not_received_by_recipient,transfer_not_received_by_recipient,True,1.0058000043500215,False
97,d98ecab3a282bc4a693deeec785b66a8c529ee6581467c9bd834318ff1533ce6,exchange_rate,wrong_exchange_rate_for_cash_withdrawal,False,0.26529999740887433,False
2517,b02bb89ea72b5fac201fc9d1b02bedb2b02038c2ddf9a65484eb6cc9566f467b,order_physical_card,order_physical_card,True,0.27520000003278255,False
541,ea61a4c431842297f600089e8a075fb21e4ce192bd54c6ce92af7a86e3963d46,pin_blocked,pin_blocked,True,0.4063000014866702,False
1252,a4cb9528a28c504fe9ae74e7237f37231a4df7422643b3f1de0b060c14ad3305,get_physical_card,change_pin,False,0.19069999689236283,False
2227,76edee84a4dddf8aee2f63678ee43a394d05a16074ae402f9a106c23792b8af4,transfer_fee_charged,transfer_fee_charged,True,0.30720000358996913,False
3011,3083332bd826197a610f6d6a8a9cf3e82fa0bd4a7041009e0a23ef1881313320,verify_my_identity,verify_my_identity,True,0.2708999963942915,False
2326,721377ce6539806273d4f697b46f4a1dc8ba62b33bae08cf250e7742b2b25e1b,transfer_into_account,transfer_into_account,True,0.31370000215247273,False
3004,7dfe467f3e6b6a4dff63c8358a5dab4a5653461e861722ebb2b7703d4b8bcdd3,verify_my_identity,verify_my_identity,True,0.2510999984224327,False
919,04723f21b62b953716f4b3184e8848290acfa641e1cbabc00542e070b5b8097e,supported_cards_and_currencies,supported_cards_and_currencies,True,0.25459999596932903,False
1459,10efb71a9563abb0974629203fe91789ec751c0048621b24f09bd5ade786bcc8,atm_support,atm_support,True,0.27469999622553587,False
2591,c25b2baadfd64d11938c503bf6c4dad007c9ac77000711c43a99d4d3579e8310,wrong_exchange_rate_for_cash_withdrawal,wrong_exchange_rate_for_cash_withdrawal,True,0.4585999995470047,False
2206,e216c1f4ffb23fb874ca49d51e63b5ef5ece0591372fd72e86e3087b6b9798f0,transfer_fee_charged,transfer_fee_charged,True,0.28790000214939937,False
1297,ee79edbd9e3cbea3e23244b8712262145e3a6984f89622ec684943bd384876f8,visa_or_mastercard,country_support,False,0.19749999773921445,False
1790,6853e272ed93838a185254150ab1ab82221e8d38704078289d304f9c01c504d9,Refund_not_showing_up,Refund_not_showing_up,True,0.9267000059480779,False
1067,ce29599238c7c5133951a2b7b6d8706ba4ce86847ea10833f9ef5ec959a7f8fa,balance_not_updated_after_cheque_or_cash_deposit,balance_not_updated_after_cheque_or_cash_deposit,True,0.28220000240253285,False
1828,1e0ee484a19852cdccd30d52a2320a6b464080d418d9bdfa0bf6f894851f001d,declined_card_payment,declined_card_payment,True,0.5946000019321218,False
2055,06e0988fac97ccfece67efab34940527264f1d90f087de6d374259209fe8af31,transfer_timing,balance_not_updated_after_bank_transfer,False,0.29779999749735,False
2497,540e5afad54fe3fd0d35586da927d1e0a06be6c68d9a79497bc6d497c7365f37,order_physical_card,order_physical_card,True,0.2897000013035722,False
67,e57f3ccdc6930bade01b7c1dcd2073827a208826d494e0f1cdc91b5c1bd90d9b,card_linking,card_linking,True,0.26959999377140775,False
1236,82874c999eebd760b614239807b8e216e3e88a75b85d3e0e7a03eb1dd1966ffc,unable_to_verify_identity,unable_to_verify_identity,True,0.3293999980087392,False
2510,ded80b79442384e1644c5450663cce3caa9c326c3493d77c2fa260a6a9fa20fc,order_physical_card,card_arrival,False,0.221800000872463,False
1696,2c59c942c6b6a71683fb711579b8d21815a88358a9d1f664ed364e6c507a0883,request_refund,request_refund,True,0.26359999901615083,False
328,84ea23d54420683f300d31dce2874d78f3e63debc166b9876e42cdec105e76c3,automatic_top_up,automatic_top_up,True,0.37760000122943893,False
2125,905f0066cfff8a4afd1d801c119b690dbad97fc36afc83bc7c7fd467c03814e8,change_pin,change_pin,True,0.22589999571209773,False
2163,8f0c6189b14580adcb1216f39012908647999772eaf9f933b84b44fbe4e505a3,beneficiary_not_allowed,beneficiary_not_allowed,True,0.30419999529840425,False
2691,b52ce8a908dd005bd588558a6134dfa9cfeb8f9baa35ee38e69055a53b120bee,balance_not_updated_after_bank_transfer,balance_not_updated_after_bank_transfer,True,0.2610000010463409,False
722,3f857ea709770a225d0a55ccef5b2b19e749a2196900fbc01f6ebd7d040e241c,top_up_limits,top_up_limits,True,0.4602999979397282,False
170,16c7e2ad13df43eb57888d169c2bc8ae0a7ead2e9c0f5fbc21cf36f0e4c8e260,extra_charge_on_statement,extra_charge_on_statement,True,0.879399995028507,False
1367,65854df6a6ee4fa557b4a98ba7602d409aa757309d89fa3472fef756b414fbca,disposable_card_limits,disposable_card_limits,True,0.7228999966173433,False
2778,61f73bdf68077fe3657a073609ea50781ba3b925b8220be0f3bd84132a02fefc,exchange_charge,exchange_charge,True,0.7200999971246347,False
1149,052f5d36147097cb57cfc238ae4ae6a95379acf707b744d72a5f21a71b905e9f,edit_personal_details,edit_personal_details,True,0.4231000057188794,False
1757,4b426d6a139148cb19a7e468c61478d436f3a088f018c56dd8a8bfe1e6f65c50,declined_transfer,declined_transfer,True,0.36049999471288174,False
276,a8988763391c1830e15555d502812af5273f51c872e3d5010b78e70fb3d1c33b,fiat_currency_support,supported_cards_and_currencies,False,0.2539999986765906,False
1872,f5a2aed73bae9d3d187fdaf3e073b90572cf5b4e5e36ad4b148f085723701c8e,pending_transfer,pending_transfer,True,0.2865999995265156,False
2412,2099bdf746006b425b1648f8b3371f74123f58dbda77a38832ac10ea96e2adb5,getting_spare_card,getting_spare_card,True,0.3629000057117082,False
2266,7b40f76d64bcacdc4f7fb4b8de222a2cc729899b81b4ad3b40c122ca2630f1af,receiving_money,transfer_into_account,False,0.29709999944316223,False
26,d89c3ba8ae5fbf8848224a4417b5e2de4f559470dbad8debcef33bd413a19c34,card_arrival,reverted_card_payment?,False,0.4661000057240017,False
2396,8bf5afa7bbeefc907cd82eb0b3676f2454217b2a8ddb6f3c0955d08f671d24ee,verify_top_up,verify_top_up,True,0.3119000029982999,False
943,f4208aabf8f35799c1556f2e8c33ce808d9a3b106e0f69121dba0aff78b3717a,getting_virtual_card,disposable_card_limits,False,0.23209999926621094,False
2823,3b04e5207f14e778f493b9323eec3418b1cec87b4d64e3d3cf88a6b53b72373d,top_up_by_card_charge,top_up_by_card_charge,True,0.261799999861978,False
2888,ae6531c7cc04e8f52a477fce557af14c6382046d10a015f6c0c84d27fa5c012c,cash_withdrawal_charge,cash_withdrawal_charge,True,0.4902000000583939,False
1222,076bb01d208c35e67af2ec00cc05bf33fdcabfc98cabd1435f3043f236b49923,unable_to_verify_identity,unable_to_verify_identity,True,0.4712000009021722,False
2028,6f0a0259f8d7fdef24b5e9b2584c12f37ecb254c48bb643c2e47865f1a0f157c,verify_source_of_funds,verify_source_of_funds,True,0.42160000157309696,False
1467,5cb74e00c26b2d5e843ed393870fab16d2d72796c2bb2c2a502b38a33ed86405,atm_support,change_pin,False,0.33039999834727496,False
2387,00f5e25580e87f7f7007ef1732f8e1894d27cfb67e10a1bb3a534eed42e00533,verify_top_up,verify_top_up,True,0.335000004270114,False
2540,301a21bc4d10be4d0c58c957070b055079a82c228162dcd8d02fb32697bd0741,virtual_card_not_working,card_not_working,False,0.30509999487549067,False
1861,157ac8d7d7ee053649ceccba6b4397369983977dc487358f7182baefa0d11e1b,pending_transfer,pending_transfer,True,0.7283000013558194,False
2989,df4b7c474ad1bf5c97ce3800b8bcb0b40450ae05450a02b031e7d7107566d787,apple_pay_or_google_pay,apple_pay_or_google_pay,True,0.3301999968243763,False
2009,48b84cb6a92fba45691567b79d5804d06412e4d14f69758318dfe547b9bd9868,verify_source_of_funds,verify_source_of_funds,True,0.27579999732552096,False
2026,e71fa9fc67ef55e8c425f4367c354a054533caf7185b76b242167763dbc09222,verify_source_of_funds,verify_source_of_funds,True,0.3051000021514483,False
2003,6b54aef2af4a83243798fd24e1eaba6fc637fa6b8f7f098c067e334d6a40816c,verify_source_of_funds,verify_source_of_funds,True,0.3189000053680502,False
94,5aacc255e09d9587cd35e5ce14d260dc058c3fdfdee51657e12a294d36852921,exchange_rate,card_payment_wrong_exchange_rate,False,0.2955999952973798,False
2268,9ecf2ee1b2b703460af7513ee1fc6005daea3a09fac540b2b7430976daf9c1d6,receiving_money,receiving_money,True,0.27009999757865444,False
2814,0fc4c84b724a8f5a342c427c5b11e0feeb013d9cab3d993d7f9b17c6b8ca8d51,top_up_by_card_charge,top_up_by_card_charge,True,0.3195000026607886,False
1772,f24fb0a4841fe7143c221ae6b58d6b2724c163bb02349d8feff241fdb18e5e3f,Refund_not_showing_up,Refund_not_showing_up,True,0.20249999943189323,False
1552,a0c4d8a5d9fb0a3ba839b47ffea5e87251004419384c3135a666a57f70c75976,passcode_forgotten,passcode_forgotten,True,0.261799999861978,False
1047,24805018a187fe7c4112e67dd45a8021196b9a0609c9df63837e8a1ef7b1ea5c,balance_not_updated_after_cheque_or_cash_deposit,balance_not_updated_after_cheque_or_cash_deposit,True,0.36420000105863437,False
1914,85abbeeec01fca0e3c170d6b7e1b02123c01ed03f6a3dab6231c161e9e083940,terminate_account,Refund_not_showing_up,False,0.2897000013035722,False
634,aaab7b2867308130666f1aca4b9b90fad568dd00a5908cd6380dbb64adb21589,top_up_by_bank_transfer_charge,top_up_by_bank_transfer_charge,True,0.3288999942014925,False
1668,2e1e6146fe23ddfb2dba57c633c500d0274026ec08dfa739423585aef8bcdcfe,lost_or_stolen_phone,lost_or_stolen_phone,True,0.3771999981836416,False
997,9611142b5847fbb005a0d01536743be8cff6fcc47dccc26ccf67a9e45a4c5a6c,card_acceptance,card_linking,False,0.26480000087758526,False
2652,75827967487fe28cdedfe38ace91e142bb1b922f220d5d57021212252f9b1072,top_up_failed,top_up_failed,True,0.1776000062818639,False
1908,dceeffd97bff0d72de1394b9838da6606d62248e2233072738fc7d03c0497614,terminate_account,terminate_account,True,0.2525999952922575,False
1217,5245e18ed77c0b3a71db4761a0c15f704a4f4c75f7ab4a18bd395ba80e3979e3,unable_to_verify_identity,unable_to_verify_identity,True,0.2412999965599738,False
1369,b8976df06e0635434b80a4adb7fe5c861cb84e419299501611b1988a709350d9,disposable_card_limits,disposable_card_limits,True,0.3767000016523525,False
797,4bd27ea270b9575d7c37f6b3997b0b0a1b8c653e522801eecb7924d306ef3db0,wrong_amount_of_cash_received,wrong_amount_of_cash_received,True,0.3006000042660162,False
2753,0ac491e1e0781fe2a841e22df53d7d646cd6b502b553cdbad784eabc274f3500,cash_withdrawal_not_recognised,cash_withdrawal_not_recognised,True,0.5629000006592833,False
488,dec3277a79b3b37434e831d6aece38ea6926f14b7e08a3bfa3fbc584d615604e,age_limit,age_limit,True,0.23669999791309237,False
1538,3838a7cf1cce92a62e22c8a5edf4c69ed845cdc430fe4d4ec549f33c27446a5d,passcode_forgotten,passcode_forgotten,True,0.4824999996344559,False
1501,3f47e21ce0667fa0ecf0d5041ca344cd26647702a8bf467754b4895b4dccf47b,direct_debit_payment_not_recognised,direct_debit_payment_not_recognised,True,0.5786999972769991,False
1250,6da05c14b50f2adc55944dcf681ec86a90cfbbd2c9b621381f53e0509242cb86,get_physical_card,get_physical_card,True,0.3712999969138764,False
2153,df0c17d00b17470584cc92b44827460bc7b86ea964fc2e81233f251ab2ffc7ed,change_pin,pin_blocked,False,0.33960000291699544,False
1871,502219116c10b40f226f35f36e627b35085d755d97056baadd819c96bde3768b,pending_transfer,transfer_timing,False,0.7133999970392324,False
1082,dac1924181061c6f4dc1c9b4b59594e3ccfdd4c53991b1fdc603b581e01cee3a,card_payment_not_recognised,direct_debit_payment_not_recognised,False,0.3243000028305687,False
1074,9b43e04827a2aa50ed9c88193333395d1ef44b86133e32b7b32953fa6678f744,balance_not_updated_after_cheque_or_cash_deposit,transfer_timing,False,0.5529000045498833,False
975,801c852210dc0b6d1d958bac1309d2101e0eb29ef2573aa605b6b306092947e1,card_acceptance,declined_card_payment,False,0.2936000018962659,False
465,a3b50b6a40af971c29a265bf8f0bfe66f0aaf42098bab60041a140ebcf6a261a,lost_or_stolen_card,lost_or_stolen_card,True,0.41290000081062317,False
1967,6a36f6b079c1a6bee896e5a0d03e215cd12d937266ac7db27e5029a3a8ce3f5d,transaction_charged_twice,transaction_charged_twice,True,0.5794999960926361,False
839,abe11b0188431fadca4190f2b44962aefaa34588c9c2a3b6d58cbaf41d929e10,card_payment_fee_charged,card_payment_fee_charged,True,0.28059999749530107,False
1226,e9fbe98d4c1a9b23baf2ca24dc8f7001d9a6cf405e4355dee6ccbb6034bba4aa,unable_to_verify_identity,declined_cash_withdrawal,False,0.39140000444604084,False
2234,c8c520779c8cd729e57f05df6fe563f481055e6e8219dd31bf51369ce5222268,transfer_fee_charged,transfer_fee_charged,True,1.1371000000508502,False
42,50a53b832278ac0c691fd285fa89dadf6b6ac0c84357c4698260fb61f18bafdf,card_linking,card_linking,True,0.25659999664640054,False
734,7c6e0e9904553d2ca5dc13fb4dc4ae13d770e8d58f171aaf8f49810c31d2f2ae,top_up_limits,automatic_top_up,False,0.3786000015679747,False
2240,0421de6138028ac314d67810a43d66cc7decf8d9cd72581581723d5b962749c3,receiving_money,receiving_money,True,0.2362000013818033,False
1722,05da502f7636622ba4a709cee4384ef86796fb57730bdfa4f426579121dc8409,declined_transfer,declined_transfer,True,0.5539000048884191,False
2716,2782ae70d3e9a71c6e6e3dd4136de3449ea5487a7a669660b56c9058889b96ae,balance_not_updated_after_bank_transfer,balance_not_updated_after_bank_transfer,True,0.7651999985682778,False
1108,596ca371e1c58778d4134186719f53f542ef18d6d9eda176801a75763be36ae1,card_payment_not_recognised,card_payment_not_recognised,True,0.32020000071497634,False
964,2e19a4a6c41426c3b8479ffaa8b50e66b0eab963a696b20f8ce64cb6df4bdc14,card_acceptance,card_payment_fee_charged,False,0.22339999850373715,False
284,aebd259c946b47c119d300400ec5a10924526b28e891d48c32ad91f3e1295381,card_delivery_estimate,card_arrival,False,0.3263000035076402,False
547,a70e2e799c72c2a3155180b07afc2ab03ca77d8975c76f3d2c3d38403c52e3ac,pin_blocked,pin_blocked,True,0.36049999471288174,False
2376,4b87b09702eec8bca5e9a487fb494f3d5bab65d19830042349ad3c63f0ff266a,verify_top_up,verify_top_up,True,0.2830000012181699,False
2082,ab5fc2e02a54f72714598a9be05fdf75f345b6cc139f8ea4d2f6911df0a7d155,reverted_card_payment?,reverted_card_payment?,True,0.2010000025620684,False
175,3364676fbf24cebe31a47fa41c5014820e2d4711e02b3d683398abb03d0d95f6,extra_charge_on_statement,extra_charge_on_statement,True,0.23520000104326755,False
2138,ff63a784f0cce34f23dd142ba41aee248a0174d3e4d4d79f7c4ab9abe31cfbc0,change_pin,change_pin,True,0.2564000023994595,False
2666,6810c04cb9e9b1fcd8a14d1028ea207b18f3e27e68dc0dbcd403edc5e88515a7,top_up_failed,top_up_failed,True,0.20229999790899456,False
2689,963ff25918871a3e7a392172f3594976e024ad4c9476911a9857c6f9716f6278,balance_not_updated_after_bank_transfer,balance_not_updated_after_bank_transfer,True,0.37730000622104853,False
76,2499a12810d72ced6c35983a0f58931ec4989330f06f4296f4f027182997aa28,card_linking,card_linking,True,0.5454999991343357,False
2382,ae9712cfded8859855496a39df96f2082653a000da656e17beb930e54effd404,verify_top_up,verify_top_up,True,0.3036999987671152,False
1075,142676c99725eca58f8625210a26f510d7ec85d44357edacff409e3e5f6ad8f8,balance_not_updated_after_cheque_or_cash_deposit,balance_not_updated_after_cheque_or_cash_deposit,True,0.851400000101421,False
2544,d7ac55c980b32f74467b4641e78957eb5d2e3016c4ed6cd4d4aec8abb1a049af,virtual_card_not_working,declined_card_payment,False,0.29459999495884404,False
2936,a617e294cfeceaf28f975b0e904e9744ad51b0b8df0431be059a936f79e28df3,card_about_to_expire,card_about_to_expire,True,0.4036999962409027,False
2302,cf3b05d78895e299d59570ab72c872d9c8eac63249af0cab3d9599e91517a9a9,failed_transfer,failed_transfer,True,0.30190000688889995,False
1038,15a938e2d580c61b7f01e3298510766dfff030adff2154c8d26b2f01e8cdef9e,top_up_reverted,top_up_failed,False,0.3786999950534664,False
1527,f7474a81772e4eb2984ab9d09a96e8b8a7d84093482aa19f9649091cf510d34f,passcode_forgotten,card_payment_wrong_exchange_rate,False,0.2234999992651865,False
2599,dd16c632c75feecaceb7dd4c5fcb672e238163ace1e5873a2ecbf88567e9720c,wrong_exchange_rate_for_cash_withdrawal,cash_withdrawal_charge,False,0.8350999996764585,False
2739,4de6f94edbbb7b38065aa0cf48a2fcd8b211bfa65bae57620dac6b4509696395,cash_withdrawal_not_recognised,cash_withdrawal_not_recognised,True,0.40689999877940863,False
249,9da2be044c7621a037fae7be81a7e0d4b4ea68507a58f5c03a359db9d0fb8c21,fiat_currency_support,fiat_currency_support,True,0.283499997749459,False
430,4a58ae6087c726f29a2c0dcdd1edd95210146c98c2edd2a4dd85c9143954fdec,exchange_via_app,exchange_via_app,True,0.5326000027707778,False
2895,8fd341b22eaa1d7a3c98168d8f4bc54a8c77cd863e0b9b934f3438ebaf36e6a7,cash_withdrawal_charge,cash_withdrawal_charge,True,0.2872000040952116,False
2649,208c9d4d955492215d30400a8a801160b7e6e857266da2f7f8f4d94219591cca,top_up_failed,top_up_failed,True,0.4700999998021871,False
914,0593aa888da1d70804ff8fa5536698767e344ec3a9bb0f502922c699d3577e82,supported_cards_and_currencies,supported_cards_and_currencies,True,0.35490000300342217,False
478,2f864d9f67c5f24ef02dba3ccd77b016eaa03641d129ec25f4bf7e865d45fc6b,lost_or_stolen_card,lost_or_stolen_card,True,0.18930000078398734,False
154,cc5bfda9a7aaa9bc9d11aad63edf311624baf9c0bbe277820736995f2a897075,card_payment_wrong_exchange_rate,card_payment_wrong_exchange_rate,True,0.8729999972274527,False
2444,c45dcf0dcd344c32dd28979c0800943921278d1bf899d06b7eccff8adfc4d03d,top_up_by_cash_or_cheque,top_up_by_cash_or_cheque,True,0.577299993892666,False
2924,097591055e6ddcf2db4e4050ab0cc8851fde0f3f941ca31f2e1b544764c46762,card_about_to_expire,card_about_to_expire,True,0.3895999980159104,False
368,7c06898600e1cde9e1c63b383f2d88eceab6af88a5e8fecf9b0c2dc4a5bc836f,card_not_working,card_linking,False,0.3051000021514483,False
2738,2e18269c9a5514b62198eb1b86fbed98b2cd09150549b9960573f18598742550,cash_withdrawal_not_recognised,Refund_not_showing_up,False,0.30669999978272244,False
2969,6a43839a67cb88168a94bfe609f766486ab421fde24aedc53101cb209da3f5f3,apple_pay_or_google_pay,apple_pay_or_google_pay,True,0.3488000002107583,True
1265,af7c5f20ae575f2f90389dec3b60b9aa071a915b5ce614fb9a53e28b7370af51,get_physical_card,get_physical_card,True,0.2452000044286251,False
2859,7514161591019a6b12603246000c83063973c836683834d9ba6a64eba928129b,activate_my_card,activate_my_card,True,0.4045000023324974,False
467,cae9eb05002ea67023f8fad514dbd5b804c2b93d32d9eb85186f1c1e1f145c01,lost_or_stolen_card,reverted_card_payment?,False,0.23920000239741057,False
3066,55d18c6b2c6d0dcaa817f4deea7c04703b2d6a28b241109623692c7e5e64745c,country_support,country_support,True,0.36550000368151814,False
1735,92ceec3baae8f684a11b2a09b16a2ffe2c23732cd70cd677bd5eec44c0294bef,declined_transfer,declined_transfer,True,0.9304999985033646,False
2794,ca74d81901e235e183fab64ce519c7596d3483327131266095e60d85880e2a7b,exchange_charge,exchange_charge,True,0.2817000058712438,False
1362,b49ec934bbad0a55afe59e60ef4488e5adbb196da4a82102c01492e3b34bcd3d,disposable_card_limits,disposable_card_limits,True,0.44239999988349155,False
2130,7f0281ce11a0903c09aae94ee114a8a2b2bb4b8b72aadf49fde593675e00f843,change_pin,change_pin,True,0.3240000005462207,False
2169,fd53d724b714783d8bb5148af297570207652f1dc630bbef07c210199bd48039,beneficiary_not_allowed,beneficiary_not_allowed,True,0.6207999977050349,False
2746,9d1e5435469f67af6d4955c6f13be90f82c62043ba80950f50f241dbfd6d87e7,cash_withdrawal_not_recognised,card_payment_not_recognised,False,0.48439999955007806,False
1694,f408e2f12a3412e94d6fb68f571ccc5081808de37c6a2209a5f6d89360ad5ab8,request_refund,request_refund,True,0.22729999909643084,False
2555,c3d4168ccb32275a9d53075320b7dd1c65a8f872fae3b653b7d03b9ccf9c717e,virtual_card_not_working,virtual_card_not_working,True,0.338400001055561,False
732,9434f0bde37543c93d0f976881a6ce84415c1611e857c9a0476261a2822b8005,top_up_limits,top_up_limits,True,0.24720000510569662,False
75,dcc7fc10492e6903e626f108fa585e4b65538c174dc619968d449e590c13917f,card_linking,card_linking,True,0.5866000064997934,False
2287,0822666fa50b33432920d1eca8e06711e813265dde10578024b6a43672134a21,failed_transfer,failed_transfer,True,0.7436000014422461,False
2971,0510e4ac2305d96480153cc49880d878bc4322a306f38151e6fa4f34644ef16d,apple_pay_or_google_pay,apple_pay_or_google_pay,True,0.320099999953527,False
2174,d44adc8c4f88dee5f7b4d97a52d1b058376c8db0ac8fb7fc72039f7920ddf045,beneficiary_not_allowed,beneficiary_not_allowed,True,0.302100001135841,False
923,dcee77bf4b8eecd00c82d577a8a9e53674238058e9d13045c221e847ccf6d615,getting_virtual_card,getting_virtual_card,True,0.2975000024889596,False
1322,e85382bf5fc44077263646eba0d5427bd5295618e53d81d2b7fd31ae67cfd5b6,topping_up_by_card,topping_up_by_card,True,0.24720000510569662,False
1105,86f52335d0df525f52eeaaeb07201f5bca97622a7b181e3a2aa365dfb4b84bfa,card_payment_not_recognised,card_payment_not_recognised,True,0.6369000038830563,False
2159,e52081d455440ab2b659da88917b396db46a20c01c9db009400025891ba20ca3,change_pin,change_pin,True,0.400400000216905,False
392,2902e2d8374e575ea95a02e966457fac01945d5ec4fd194e7363b4683f664b12,card_not_working,card_not_working,True,0.18009999621426687,False
2880,8d53abc8496054d33d2b4ced09de3d485b86f01050072484ce92fa6a3ee2008d,cash_withdrawal_charge,cash_withdrawal_charge,True,0.2601999949547462,False
2653,a9daff198185169e1f44c1e8ace8d40e48d4480bfc61281bfe258314e4ade1d5,top_up_failed,top_up_reverted,False,0.2587999988463707,False
1969,e9053257be5d09d3d136a35c635f1768e105dd70435cd62a44a7ce9d2ecc539d,transaction_charged_twice,transaction_charged_twice,True,0.8115000018733554,False
244,2441dd539d9a8e88e3594a8e0a8ec323264e21974a48dc78af909b3d39b075a3,fiat_currency_support,fiat_currency_support,True,0.2505000011296943,False
433,707c6b3a9db66ad580bf86fcf7f56a2bb3be049176ed4aecd0f1780eb52a2508,exchange_via_app,exchange_via_app,True,0.2593000026536174,False
11,c7e069b7c94f447f0fca4f394792d62ec7dc6a342de8134ab3aad77ead113c5d,card_arrival,card_delivery_estimate,False,0.2556999970693141,False
1398,f04992b216c1e5455c8f43f36612753e4ea93da4ed62f89ad7e09ad79e7e7886,disposable_card_limits,disposable_card_limits,True,0.3259999939473346,False
1752,a8f4fe14fc22b7a26b9154b5336a2fb2b67dfed9e4c739de439003f9666a19e8,declined_transfer,balance_not_updated_after_bank_transfer,False,0.27039999986300245,False
1168,3bb676acb10774530c569f69557d48aef14ac822945382ae6dc584b0237d7d04,why_verify_identity,why_verify_identity,True,0.43870000081369653,False
221,d28b97cff055694473ef40af4ace7270b3588ffad5187d1515ac8394e0ab51ba,pending_cash_withdrawal,pending_cash_withdrawal,True,0.2314000012120232,False
369,a07a8cb2f894c5d3652cde9839061b1daed1afcdc75d5d992e5c3645b5e1d5c9,card_not_working,declined_card_payment,False,0.20389999554026872,False
200,6e01055da166d24a3fc0340f4d9a8dc222a48c8b42f049b11fc868cef49e5f20,pending_cash_withdrawal,pending_cash_withdrawal,True,0.2918999962275848,False
2279,dd35f6e548200534314e156eb13966e93749aa2733897e394e17dd7a2354252b,receiving_money,top_up_failed,False,0.3264999977545813,False
1749,99a053d4a88c2d4006976daf45219bbc3969d0e94e5bdad0da1584c03759abe6,declined_transfer,declined_transfer,True,0.29790000553475693,False
443,a2a9ebce2acae72f3f7bc4b324c4505cec948fbd30123bd06ac4811aaded335e,lost_or_stolen_card,pending_card_payment,False,0.610499999311287,False
1227,8c286987c5dfd5027c3f33e20f86b4f8e51ac58819e41c1a7f89d04010d1e336,unable_to_verify_identity,card_linking,False,0.5894999994779937,False
1100,095a8ba037a5991cd33d9d85c111fa36daa0b2af28506e07c38f683c29621981,card_payment_not_recognised,card_payment_not_recognised,True,1.1621000012382865,False
720,ec67c1598062ab5a1b49039aa5facb283098566998c9de11efb2a13f1830ac73,top_up_limits,top_up_limits,True,0.24339999799849465,False
2205,0ea64c726b8b890286b977129df70d9f6739b6f932a1c860606dac8198c15c11,transfer_fee_charged,transfer_fee_charged,True,0.23530000180471689,False
517,fc05da2f959a88c1f632c14e59fac6810f2bc6ef10135a3951747ebe3569b616,age_limit,age_limit,True,0.4219999973429367,False
2048,55cb16f311f6ea8868d6ab72afee38ce8e066a589e11acb5bb767584109ce90b,transfer_timing,balance_not_updated_after_bank_transfer,False,0.3789000038523227,False
458,4e16e18220719e0bc52453f46f8492dd88cf299c12c7802c305958b14793fded,lost_or_stolen_card,lost_or_stolen_phone,False,0.2767999976640567,False
2911,a0f589959357780807dfe364839c90c70c7afcae5aaa981b8b6091b2572908f4,cash_withdrawal_charge,cash_withdrawal_charge,True,0.46740000107092783,False
321,70c319d68271307e7eabee9dd27cf8edb3108b07f84e4249540e3a2c97fb2736,automatic_top_up,automatic_top_up,True,0.3062999967369251,False
761,5963d34d8069c2b60a6bce45c7cd24e1070d597a8b476f07ba13270939938c5c,wrong_amount_of_cash_received,wrong_amount_of_cash_received,True,0.35679999564308673,False
2813,bfbab4c624dea5ab29e5592b593941d58065c18db92edf8ffd247ef53e71c813,top_up_by_card_charge,top_up_by_card_charge,True,0.23320000036619604,False
1308,fac239c9099133f1f9fa5ff42e8f2c89eb1fe6a5b9c4c9f34a78b71afb7a71a4,visa_or_mastercard,visa_or_mastercard,True,0.19869999960064888,False
989,7e9fef3fafa75f655720276bc21fe0a1000a70a4b056f5accc29a8115afb153d,card_acceptance,card_about_to_expire,False,0.14820000069448724,False
2752,2adc998a8e478a7ee302d8f4d061c22d187ae46dfb141602da86e9d7211f3959,cash_withdrawal_not_recognised,cash_withdrawal_not_recognised,True,0.3482999964035116,False
625,b37c7da57e2711d0e312a9156d4482e09159ea72575e2ba58e5f26c47d49685e,top_up_by_bank_transfer_charge,top_up_by_bank_transfer_charge,True,0.2997999981744215,False
2490,3d49719328b9311c463420b9173c7e4f5d63a89bed473b30fd9a7ac4e5d91692,order_physical_card,order_physical_card,True,0.22570000146515667,False
2246,474e5569cd89a382d382002c9805fddb0fbdd0afb9af6652b73f7788f92f7f64,receiving_money,receiving_money,True,0.35339999885763973,False
2375,78df6c20acb033c481c629f6c0e918068e6e37e87944f3506a59af0f63452a61,verify_top_up,verify_top_up,True,0.23710000095888972,False
519,713d26faabb2c0598da3e5766df0c6e67e5460a9ab6eca0163bb91d4b57ede00,age_limit,age_limit,True,0.3739000021596439,False
2671,96c2edec925bc180a21948c2430fde04ae7bb61b8de8bf6b6ebaf3cfefcb9805,top_up_failed,top_up_failed,True,0.35269999352749437,False
2883,33bbf1208f224839b1bff19e7220bd8e98a9a0b88c4b86a0528688afd23d53fe,cash_withdrawal_charge,cash_withdrawal_charge,True,0.34929999674204737,False
2348,5c43713f36fc7d745c27ea5f692faf6037c74ae30d92c60533a050b6a0c3ec3c,transfer_into_account,balance_not_updated_after_bank_transfer,False,0.22429999808082357,False
2424,41109ec3153386249ca2acf166e2b286a196e01e19b22b05b39544be24a3473e,getting_spare_card,getting_spare_card,True,0.25550000282237306,False
1282,10ab388b00431d115e9eaa678cc9b7f94758bf80b7f9281c950f74edc1dc4da4,visa_or_mastercard,visa_or_mastercard,True,0.2426999999443069,False
1787,ebd00fa185eb0df2ed922dfcef0c483c019cfc024bfc5a6383c8a12fae2b889f,Refund_not_showing_up,Refund_not_showing_up,True,0.34109999978682026,False
1536,d7d57c54493d99b2181364d423f56ae3d0b5db04b5b8456bc4b655db54d4bf50,passcode_forgotten,passcode_forgotten,True,0.29660000291187316,False
2214,be7feb25b40451796ad26253a170b82477fb25932e8d6b1693170d9005421a47,transfer_fee_charged,transfer_fee_charged,True,1.2791999979526736,False
2207,0e41007a157978ee69d9642045219c628df6ded6ca056ab88337c78fc7396e5b,transfer_fee_charged,transfer_fee_charged,True,0.24169999960577115,False
408,c2b740ac016e54ba06f8904995152a9e10b67cfb769072e8554577b9b84fa2d9,exchange_via_app,exchange_via_app,True,0.3576000017346814,False
1952,e5260517a4695e96d52c3969cb236d8821b4583dab284c96e466034daa5dcf5e,card_swallowed,card_swallowed,True,0.28040000324836,False
2718,a97f715d0295b1fc424d1e54e9761965e198d7c1a97905b5c58aa74764435c14,balance_not_updated_after_bank_transfer,balance_not_updated_after_bank_transfer,True,0.46130000555422157,False
1780,c1ceff4ff3a9a5b117f9d075ce3e3876e0cc13d460795186248f820e13bb0668,Refund_not_showing_up,Refund_not_showing_up,True,0.4772000029333867,False
2729,0822f1ed8a4c9bc1e03f7f3ff148b1a8489299456918c2a5146c9a175d18925a,cash_withdrawal_not_recognised,cash_withdrawal_not_recognised,True,0.43480000022100285,False
2955,218bce11a4ba419cea8302de888de7b1ab4e507b168babb0a74e21d4ea15fcc1,card_about_to_expire,card_about_to_expire,True,0.5439000015030615,False
610,f40995317aa387aebccfac47bed21350b4fb0248bbafb1d847385e7b73c26bdc,top_up_by_bank_transfer_charge,transfer_fee_charged,False,0.35770000249613076,False
1106,6b8264058805a9bbead69b352071f4d18016aff995f625a6ef4d3ede7f0eb906,card_payment_not_recognised,card_payment_not_recognised,True,0.27150000096298754,False
2715,c519d390772ac00805e94fc760ea738a3e918c7587514d12968f6c0506b90c9a,balance_not_updated_after_bank_transfer,balance_not_updated_after_cheque_or_cash_deposit,False,0.6362999993143603,False
1981,53897ff65dcd8576a6d193519f0db86cb36e34dff175728354ec0681c30ced7f,transaction_charged_twice,transaction_charged_twice,True,0.24249999842140824,False
1732,094c2d85afc26b10a1f60c748be2ba9d2623e6e1283cc1d658dc5dedd0b84905,declined_transfer,declined_transfer,True,0.2595999976620078,False
1564,93398bea3f1cec0537202722b2c8273fa2ee2732025fe82b5500249a9ac03791,declined_cash_withdrawal,declined_cash_withdrawal,True,0.4661999992094934,False
1169,a99d930ecf95cb6ee31d8281034a84aa64393f7d4d7a8ad40da94a8e6fbfb1e6,why_verify_identity,why_verify_identity,True,0.6207999977050349,False
280,9ecdeb8e1feffc7fdee028c77c663d617cdb3f08a409e06ba64ebf711a03d9a9,card_delivery_estimate,activate_my_card,False,0.3495999990263954,False
3035,b1c689444f596fe23d45029f2f1f203f9d53684e2ba1daaabfcaaf75733036b8,verify_my_identity,unable_to_verify_identity,False,0.7694000014453195,False
561,979339a95359c8f9ea604425fcecd1e016ec808f7ab830792d887b23a2064bc9,contactless_not_working,top_up_reverted,False,0.33689999690977857,False
1306,4a1c88eb5cd42fa8411b5fbea023f87b1514ceea9d5b7261ee316eaade89cf5d,visa_or_mastercard,visa_or_mastercard,True,0.3842000005533919,False
2362,f7aa4b17adf92f26cbbee867d4a876ca3a247730cf0ddfd5c4a1a46612d7f08e,verify_top_up,verify_top_up,True,0.3298999945400283,True
2680,be6154657e0cf65db63dac6fd5b0bd1d6d177b5fd2e6eea543b7f0402db21b74,balance_not_updated_after_bank_transfer,balance_not_updated_after_bank_transfer,True,0.6670000002486631,False
1944,8f119efe034bfd3de32affea4e20674efdbdab1e95d29e1c6dbc123277b263a8,card_swallowed,declined_cash_withdrawal,False,0.27150000096298754,False
511,a664f682df619c55d19e592a572bd87ad46af5545870b6c9afa5661795515915,age_limit,age_limit,True,0.32469999860040843,False
1619,078308c5356f172e3e9f63e31caacbfef739c23900ebef1f6d4a355c40afee27,pending_card_payment,pending_card_payment,True,0.20139999833190814,False
3069,b591325d4db93eb40dffbc977eeb142cef1a377124ca86ef7401fbb4b1f7530a,country_support,country_support,True,0.2330999996047467,False
2768,135155012aa5a946c2249e2eb97d62c44d4843f2ee251dc875e5aa5e70cd7b87,exchange_charge,exchange_charge,True,0.28979999478906393,False
1566,9858ac3e01aa6476eaf14702ba26fc8c794aabe12da947b2c3edc8e2c021d6cf,declined_cash_withdrawal,declined_cash_withdrawal,True,0.38779999886173755,False
629,65450ee0b4601e31eb51f53b7bf6ff044d502265efb666786ce1dec8065e3488,top_up_by_bank_transfer_charge,top_up_by_bank_transfer_charge,True,0.39110000216169283,False
2459,cdd7398aff027e2217e16e8629dee1598d789efc593eb9c3af0f6e59807e0a4d,top_up_by_cash_or_cheque,top_up_by_cash_or_cheque,True,0.3499999947962351,False
362,9a5aedc123b6e7e2bb209967fb8cf68481a3c7189ed687cbd186d89d3ffe7a5d,card_not_working,activate_my_card,False,0.34410000080242753,False
2092,bd9d83bc89603c7acd6859fd90ef6ba20c0660d4aacc70cca92610c741157649,reverted_card_payment?,transaction_charged_twice,False,0.5730999982915819,False
2744,c67858d6a962d2bfe2e1fc9d237554709219dfcb10b8b12a1c8beaae4137a8bc,cash_withdrawal_not_recognised,cash_withdrawal_not_recognised,True,0.26619999698596075,False
600,bf04c51c2fff4dba01ec23ea174925eda0d978ccff3bc47452ea741e04943bc4,top_up_by_bank_transfer_charge,top_up_by_bank_transfer_charge,True,0.27860000409418717,False
1799,ecf9299fbc7eab2021954b1e90df2124f247debbfed68d2c7c64478a3bb698f8,Refund_not_showing_up,Refund_not_showing_up,True,0.4241999995429069,False
437,8df4e1f80c1ec8c5e2615787f4cd9851e4e1df7e69ed0ac03aecd97e48e333ed,exchange_via_app,exchange_via_app,True,0.33059999987017363,False
1351,751940e5c7d2ef50e390f8f70d21c71a748320664f73b17847a397c243158847,topping_up_by_card,top_up_reverted,False,0.37819999852217734,False
1402,5c44fd58ea5e2cb7e3296b248946efe6ad821bd697d31c7e5da12c38ac1e20d4,compromised_card,compromised_card,True,0.3591999993659556,False
2446,50a51f6e24c2b55f0b86be9d587f9f83bc47c7eab8befb6703d99cc7665963f7,top_up_by_cash_or_cheque,balance_not_updated_after_cheque_or_cash_deposit,False,0.2749999985098839,False
2853,fd3cb48ba9b9961f60135ab5810ae4b8e573834c3e23f55dc8f3a56c0a652dd1,activate_my_card,activate_my_card,True,0.34499999310355633,False
1711,ae77b3519e064dfd1b21ab2604abfad18a0162d4f38ec78639e0a4156eaf02c5,request_refund,request_refund,True,0.30449999758275226,False
908,7bb4f7d3ad4355b937085b48f720b355cfd3e09e23c9425a14e4470ba7ab00a5,supported_cards_and_currencies,card_payment_not_recognised,False,0.29459999495884404,False
1963,8db3a43252d213224aa31982be67b305f493ee641a49573544e5e098a1de73fb,transaction_charged_twice,transaction_charged_twice,True,0.36869999894406646,False
1850,cd0f4e2c8e54104aa609dee4adeddb5abceec033855d1f5acdd1e6a62c9d603a,pending_transfer,pending_transfer,True,0.3235000040149316,False
332,d785a994eef21cc4b75a08e2c38d2533e61d3d61e3147e2a1114ef911a900428,automatic_top_up,automatic_top_up,True,0.2537000036682002,True
2909,ffa0ce0a8c473d9bad8323e6f2933dbc5e26ccb129abc83a6b44d62755ac5e22,cash_withdrawal_charge,cash_withdrawal_charge,True,0.5139999993843958,False
2546,061b97b681c17ae0a8b9f263c4c8fcf1ebbdba2330b21ebd3921d21e627aad8b,virtual_card_not_working,declined_card_payment,False,0.28270000620977953,False
3078,4c8309d412edd4d89f27d3bd1bea4a983b7e3c5316a6b2f9f9d50e0ab8ba5426,country_support,country_support,True,0.24610000400571153,False
1962,bd72861bf5edbc349243f48a8b420036e38bc15cd4d5b529113325ab14819452,transaction_charged_twice,transaction_charged_twice,True,0.28049999673385173,False
2271,a80eeb6e27e48a1707ed1a5a586b2c14427f11d8910ab46582b671fab12eed54,receiving_money,receiving_money,True,0.345199994626455,False
73,7164004de4d8338dac4436af0f2b98de5ef20b07fde36f14585e234584aed22c,card_linking,card_linking,True,0.21489999926416203,False
2442,446a72856e4d676ed00a9cbe5be819939e8e94b588e7f6df8f3256e5b304c8c1,top_up_by_cash_or_cheque,top_up_by_cash_or_cheque,True,0.24459999985992908,False
2820,c71d97435efa21031e99e701b6ccc2caeb21ea6e1dbb2ee5c4d99ebd9d2ce1f7,top_up_by_card_charge,top_up_by_card_charge,True,0.41289999353466555,False
2670,9695649d86f2cca632f8274843f3f6f06f5ba11d580d089df8eda192e7605e8f,top_up_failed,top_up_failed,True,0.3259999939473346,False
2943,4f073d3800d6f32521f3c2d63092c6568c23694274a9081a18b470bebc6a82cc,card_about_to_expire,card_about_to_expire,True,0.38219999987632036,False
1046,810d482fecefa3d0e7ffa7796f76c20884cf715108877992bf4e94b8e4588793,balance_not_updated_after_cheque_or_cash_deposit,balance_not_updated_after_cheque_or_cash_deposit,True,0.3950000027543865,False
2982,04cb66d92eaf38ec724459e8968ed5d4ea1e0059e2d43f1edccc91c11bfc9a45,apple_pay_or_google_pay,apple_pay_or_google_pay,True,0.28050000400980935,False
744,163169452c57f1090419639efc5c2f08724a664f19a3c8c8bd82d7fbdaa7690e,top_up_limits,top_up_limits,True,0.2311000062036328,False
866,1c2f1b8056c2de3af84735ebeeb35d9acecfe6d459b33d34de8f27f1974e7dc0,transfer_not_received_by_recipient,pending_top_up,False,0.29689999792026356,False
1493,099fde05f4fee5895e68956d4f9ae3b50cb4cade2bb45c92ad4c6f0f345c6865,direct_debit_payment_not_recognised,direct_debit_payment_not_recognised,True,0.9331000037491322,False
2836,950c20a7d51f5a25e96a83a46f557f1386e4814e078c08bca201cd443d756dfd,top_up_by_card_charge,top_up_by_card_charge,True,0.8924000067054294,False
2575,d4ef91105ea602fa44b1660762868ebba1b1a28324773ea4ca6606ef422808fb,wrong_exchange_rate_for_cash_withdrawal,wrong_exchange_rate_for_cash_withdrawal,True,0.807399999757763,False
1472,071e9591268553a50b1588b3c8be587c987cf4627bb7b1c9eb7b059ee5e98012,atm_support,atm_support,True,0.30169999809004366,False
2559,411a05ce9f64f8bafa64e691b788abbd9efbd3c0bad79f033adfe7bb08e5ee5a,virtual_card_not_working,card_not_working,False,0.2587999988463707,False
1846,ed84339f8fc7d11e718d575b3f28c30f85cb5b4f38538289bc4f121ec0843e38,pending_transfer,pending_transfer,True,0.5297000025166199,False
619,7b483f4dec1f431f8222dcb623c5b7ed766fddd5f1beab06e046df4f6b960ae4,top_up_by_bank_transfer_charge,top_up_by_bank_transfer_charge,True,0.35990000469610095,False
1916,8d3b147aed0b6745e69746500de9469ec459a0733c06e53cdc4571473cf541e3,terminate_account,terminate_account,True,0.3482000029180199,False
28,d2a83a94c6f30b861cb8f619f8b582ba23f29ba8b450134eef63efb79227b9d5,card_arrival,card_arrival,True,0.4268000047886744,False
77,fa6ddebfce7a9965d7b48c74ff02bb2de1fbc7064ea1b043ada993689d442f99,card_linking,card_linking,True,0.35489999572746456,False
1240,858abe09eb5e0be4b538e0637549d5921a2148ccb8cd967605e812980c3516d3,get_physical_card,activate_my_card,False,0.24200000189011917,False
2418,5e75deb55e93d2adc73989716b827e5674143604db75fe168af785b5a636796e,getting_spare_card,getting_spare_card,True,0.2961999998660758,False
1497,0a180505a601b1aecf79da551c203e9b434f99d5234167c65334f14ae5807065,direct_debit_payment_not_recognised,direct_debit_payment_not_recognised,True,0.2592000018921681,False
2089,85c119a367a2710126539b50d141d970a6e416f69e55a0cc04e8400b53a13ee3,reverted_card_payment?,reverted_card_payment?,True,0.2536000029067509,False
481,c0deb4e56903d4287e0facf9b8476219a91cc591e4a6aff00e1b9d7ed3a474c0,age_limit,age_limit,True,0.32159999682335183,False
240,be8599dfdbdf0ddc429fb54aeb6239203e848d5b70a104d5c0dff238934a5bb9,fiat_currency_support,supported_cards_and_currencies,False,0.3947000004700385,False
984,b679b37e54bb16da3acf151a0cb0bd0af8c7f6ff700d4a8cb20e1c96c29a28d1,card_acceptance,card_not_working,False,0.2708999963942915,False
1218,2cd154a054ad790fd982f1f06384e1e2106591ea4ca6aca6d70d3f95d1be7336,unable_to_verify_identity,unable_to_verify_identity,True,0.22990000434219837,False
2826,a4ce956128ec1c087a38e55bac929276695881a9615672c00874424b535367eb,top_up_by_card_charge,top_up_by_card_charge,True,0.3357999958097935,False
2423,8dd46481df92f191c89a5e91fcb92237746f856f80b6f8c051904b5166527665,getting_spare_card,declined_card_payment,False,0.2842999965650961,False
1648,df3e28985ef8323823bcc82e8d7e718310502bb21934bd0a24969efef702c9a6,lost_or_stolen_phone,lost_or_stolen_phone,True,0.35319999733474106,False
2702,b5d23582c4a7c9c389f4587b35e77b7c96a903c964145bb793eb8ca16d3fb85d,balance_not_updated_after_bank_transfer,balance_not_updated_after_bank_transfer,True,0.32309999369317666,False
1124,faab28b1d501578e0035786a2179c532c85a900bc5f30a6cc6e03a8d85290c14,edit_personal_details,edit_personal_details,True,0.25630000163801014,False
2999,2342f289aa24a8bfcc8a026236e7047146198ef6e7624f427d82959005c0c426,apple_pay_or_google_pay,apple_pay_or_google_pay,True,0.32169999758480117,False
1249,5f34e3446c1757b9c745ec64211b35cb629b085c8650a4f195a8db3169751d0e,get_physical_card,get_physical_card,True,0.3713999976753257,False
1899,4a4fe6623e718a09624eb525b6d3f7dd94a9dac8ce3ce4af9597eb93099bca50,terminate_account,terminate_account,True,0.2906000008806586,False
727,92e59db969375fee47a24398dd2878af802a14da1c6cda2bf12b3eb043f8781a,top_up_limits,top_up_limits,True,0.22080000053392723,True
1561,18b52a6cbbdc3d7a82bc85734fe89c516879a52540cb8fa8f122900869f05594,declined_cash_withdrawal,declined_cash_withdrawal,True,0.1740000006975606,False
34,8dde1c0f9547483cf79715bf04cc5441abd056884a458cbfa5eb59e972e29a99,card_arrival,card_arrival,True,0.3688999931910075,False
1560,1450b1fff1e57d1e58207bbcb5e98c19c976c4cf18d3069c1355c346e06252c1,declined_cash_withdrawal,declined_cash_withdrawal,True,0.5949999977019615,False
479,ba4c264b7c8694910fed8d56f777f1c0fc65395822e410bf9ec6c2b512120d5a,lost_or_stolen_card,lost_or_stolen_card,True,0.24539999867556617,False
1767,9584251524940582e6201ddb2f700919f22f07cb8b92d9611ae0dc88852febed,Refund_not_showing_up,transfer_timing,False,0.27709999994840473,False
2313,856e6b67b82a5acabd125a2824fce9949f0394476fc3f680c4008707ca1dba64,failed_transfer,failed_transfer,True,0.19150000298395753,False
1592,00392a8caee9e4edf7369f7e3ec90254b8d790fb00047872015dcb86c432cd66,declined_cash_withdrawal,declined_cash_withdrawal,True,0.22700000408804044,False
1638,96de2f4c0226e56f42fd8a36486a969d6a10dc352b4898c87c52fbdb89acfb09,pending_card_payment,pending_card_payment,True,0.699100004567299,False
2115,0c0fd81f053ff80513bf49b9989437ef4d74e99728a698212c11dc14cffbf685,reverted_card_payment?,card_payment_fee_charged,False,0.26950000028591603,False
2665,204e7768eda9d08b12407e7a73d83cc6e2a399971a45803797fb5ef21aa98eb5,top_up_failed,top_up_failed,True,0.2249000026495196,False
2569,0d561f063654c347be8226b5081501eac6ad5f61d2ea094316d093b35687e6b9,wrong_exchange_rate_for_cash_withdrawal,card_payment_wrong_exchange_rate,False,0.34240000240970403,False
2868,71bdbbab1b9929091b51188475ecc61a9425415ce0f88dbb54337efa886edebf,activate_my_card,activate_my_card,True,0.29889999859733507,False
3020,76616328a4fb1fbf55a65aea94d264e9e1d6a90d88fe96295bfa3860a0b30cae,verify_my_identity,unable_to_verify_identity,False,0.22370000078808516,False
1715,77cf12615a863cb6936f138af08c722e0012ea1e4842e7f986ad138447b25ba4,request_refund,request_refund,True,0.19579999934649095,False
1968,604f0c901beb53546952413858805723843c4c9f867a1d5c124d16118092754d,transaction_charged_twice,transaction_charged_twice,True,0.37650000012945384,False
581,bc57499846ab794e760deeece6b8dcda29d69c2aebebf940f52ccf92df11035a,contactless_not_working,card_payment_fee_charged,False,0.3063000040128827,False
47,07688064539965997310bb0b0bd13c2d56b13d0261f83b16fb188e5f781d5c4a,card_linking,card_linking,True,0.283499997749459,False
2285,8f50e6788b303c940fd3e5e0d1fed0ae0b315e3499d21faf143b1d6810354dc6,failed_transfer,failed_transfer,True,0.2308999974047765,False
1212,0699e00379b6d84526fd8a5961dc0ba5f81b128204e061908ddf3c62c171cf31,unable_to_verify_identity,unable_to_verify_identity,True,0.22039999748812988,False
1266,96c3b5c685a11e29f3e62a1705300df871e4da3111aa2cc136efff3f96091351,get_physical_card,get_physical_card,True,0.24539999867556617,False
259,6a809dc23bc67b9bc599523b2543d5e04f1b5e43e14a3d14a7f9f70f2d3c7ce1,fiat_currency_support,fiat_currency_support,True,0.25939999613910913,False
1522,ee26c7779db61afe6417a64a9b38d561fe2951f7944b873868887728e63e1646,passcode_forgotten,passcode_forgotten,True,0.4262999937054701,False
1768,3565e1dd378a9aea0ca023d0c5a99040c80da3ad2705766689c0e47ab747be89,Refund_not_showing_up,Refund_not_showing_up,True,1.4965999944251962,False
2025,81e56616b3fc8611af1cfdedafc225527d930a84d75725fcaa11343159f69147,verify_source_of_funds,declined_cash_withdrawal,False,0.26200000138487667,False
489,0aa82b3ecd55fe2143357a31654fa7d570ad17cdc4de21a0fd16741eb9a0b4f5,age_limit,age_limit,True,0.24230000417446718,False
2452,72d59a5c6dcb8687fd39b22aea8e4c3b54d6ac1ad726d04a3b9104991524da71,top_up_by_cash_or_cheque,balance_not_updated_after_cheque_or_cash_deposit,False,0.3369999976712279,False
1631,205a3200bdaefdeb068f3364b5f24de252622c51fab155bd7f3d8c1d3c95aaa2,pending_card_payment,pending_card_payment,True,0.3801000057137571,False
833,90e255a8ec35efa1fdc788e9fdf5b9b8abf4201fc4efdd059eaeda3ace29bcbc,card_payment_fee_charged,card_payment_fee_charged,True,0.45739999768557027,False
915,c18b6ec3d65c35c69f2448ac7f941fbd863f084c45ea6eee7afb9757bf38f45d,supported_cards_and_currencies,supported_cards_and_currencies,True,0.2440999960526824,False
79,48647b63233dab3e88ffa539688d6f7e3b902d044ed0dafa8f5100e1c9f81880,card_linking,card_linking,True,0.27689999842550606,False
1630,e38d49462b674d427fe4bf4b8a113c2bb74882c88442d8fac45e98d52641550c,pending_card_payment,pending_card_payment,True,0.23230000078910962,False
80,07aeb9fab22f9a330e311ba8fb83128a89b921b69b4e32cbefe21c9afcf540d5,exchange_rate,exchange_rate,True,0.26050000451505184,False
1059,b4f64043655cd520ed3b03f34040a0acfefd22e939d86232c48422f0c5354b71,balance_not_updated_after_cheque_or_cash_deposit,balance_not_updated_after_cheque_or_cash_deposit,True,0.669100001687184,False
1782,1f46fef45ceacbe60be5a2dd555138ab1983584067bc781fc705db9b36ac8b43,Refund_not_showing_up,Refund_not_showing_up,True,0.33319999783998355,False
2294,06f112111e8e0ea6b2f6cf966c3bb05c0625f64fc37a9dbf784cd244878e5ba1,failed_transfer,failed_transfer,True,0.21130000095581636,False
824,fe52bf9a42de258d4b44951df1ff43af409371152b37bb11b9ecfe1824b65a9e,card_payment_fee_charged,card_payment_fee_charged,True,0.2897000013035722,False
5,bac3a30aec6ad4d8d91ab1d9e17fc8fe2c103560f9ffffc699d51f3f4a734587,card_arrival,card_about_to_expire,False,0.22080000053392723,False
926,ec40b280c662b21a61684d2585498acee636fafffc451a2b125246c27c3b4876,getting_virtual_card,get_disposable_virtual_card,False,0.32270000519929454,False
869,a09e7d08aac82ecb00b3e6b01cbf37c39db522e744e5a907698e06de015d4c0d,transfer_not_received_by_recipient,pending_transfer,False,0.3482000029180199,False
1044,adcdf63d2a6aca37c9af7b68406bb7d0689fa5df7ec2bf76ba9270b83f2234e7,balance_not_updated_after_cheque_or_cash_deposit,balance_not_updated_after_cheque_or_cash_deposit,True,0.643299994408153,False
1083,1a06e70f6b8b038022417cc89002d6020d457491c75eca472aaf7da84d6416cf,card_payment_not_recognised,card_payment_not_recognised,True,0.37880000309087336,False
3007,52e83404f06159c6c1c5a23a59a7c12cfb8a3cfe1d86d52712dde0e8669d080e,verify_my_identity,why_verify_identity,False,0.33090000215452164,False
1437,2deff9176522bf9a5dd7d4855d7edd4918dbcbc2790c0b3e9b2b1f2ea9f41167,compromised_card,compromised_card,True,0.3453999961493537,False
1521,23d4f62d7aca5576a5f7f283152ddbda309dca93b4f4caf2c672260ff5a0cd11,passcode_forgotten,passcode_forgotten,True,0.2206999997724779,False
758,6474d7e374171597c4c966dfe23f8e018aec3a2a57b80ee511a8880fd9ae9510,top_up_limits,top_up_limits,True,0.23400000645779073,False
3060,e81557fc26d873a229fe4a299047be2ee6f1ea25e3e538eef07e97d90ab149bd,country_support,Refund_not_showing_up,False,0.27709999994840473,False
2990,fe9f7075ecd2acbe9d2d2795135e0735f0f5f40c2b75808b70f9ea83b45b7263,apple_pay_or_google_pay,apple_pay_or_google_pay,True,0.3839999990304932,False
1375,fa5901bc5408978a1b7831ac2346488199f722c8077cfdac7fb3ce6465c13d9f,disposable_card_limits,disposable_card_limits,True,0.400400000216905,False
2367,754c35990652eb1dea8e992280a9650deb8f0bbb3c9c62932e546076dfb4cbd0,verify_top_up,verify_top_up,True,0.2227000004495494,False
653,bb83ba46dac9ce67e7c38350f15d01d6ce385b79ff8333b0cfed6696f98684f3,pending_top_up,pending_top_up,True,0.5956999957561493,False
397,94f07e2f399a859df97a5f1df61396a453a07f624818ab55c916ff0579044287,card_not_working,pending_card_payment,False,0.2330999996047467,False
2319,01f3912388846b5c710f341e740af5177efb15aa1469f3c6e863abd93542f48b,failed_transfer,failed_transfer,True,0.3221000006305985,False
2262,bb54cd9bb28bd4000d4bd1c7134a9401859e711b567f2a5d95c7ddfd2d80d3cc,receiving_money,balance_not_updated_after_cheque_or_cash_deposit,False,0.2775999964796938,False
647,2f051f7c1cbcac58a77d4d6d1be4c5819539cf753f2418602bd77a48ca74b49e,pending_top_up,balance_not_updated_after_cheque_or_cash_deposit,False,0.440099996922072,False
409,eb2a68ff11bdbed0dc687690759878dd303b7b9862262ca3e1a940a961c7d4f5,exchange_via_app,exchange_via_app,True,0.25550000282237306,False
2417,8f11d4fc6bb31c64d91841389f25f1388ab38c38da6429beb96a679602a847c3,getting_spare_card,getting_spare_card,True,0.425300000642892,False
1393,6979574a2382629fb143593a34e92c5fb2df300ddb47594fb602ec705b063b26,disposable_card_limits,disposable_card_limits,True,0.3037999995285645,False
650,3f6bca41eab5a2716bf8d71796b7267b4b7f878d5cb5a385e3a117a40fda698d,pending_top_up,pending_top_up,True,0.28360000578686595,False
2301,0d7b0053f515dcd2c91004877b6f6dc5686ec4e57436f2ab1e60ab1955da5844,failed_transfer,failed_transfer,True,0.4566999996313825,False
188,86696efc7a6e3b3cedb679c0f4b9dff797979ac75fe9cb9b37efba26afe3afcf,extra_charge_on_statement,extra_charge_on_statement,True,0.2834000042639673,False
1865,4c042eb0d59c4a5b72404084495420d3156d0a09602c5ce7a9b9bd76272c2fcf,pending_transfer,pending_transfer,True,0.12679999781539664,False
2178,65820034b54646d4bd12461cd1a5583138aaff919395c88b626c6b545afda737,beneficiary_not_allowed,beneficiary_not_allowed,True,0.305499997921288,False
2380,346fbee906af004e45c043de0c94fb95ddf97e40e9526a09ed12284115513248,verify_top_up,verify_top_up,True,0.3221000006305985,False
3054,7acd3a404f1f1ae42242d0faa10366a9473f934e6ba0799161ddc8f7e36bc52b,country_support,country_support,True,0.3981000045314431,False
2679,a26a62aa22e8ba11642c409fea4132fc52ffa71c4180ac307c277550ce7be496,top_up_failed,top_up_failed,True,0.42409999878145754,False
549,c232e20bfec6f546d6f18bb25929894af905fb468e89cfe42d422d5f7a2288eb,pin_blocked,pin_blocked,True,0.7040999989840202,False
1139,cde031c7b4b9bec4b9b8526cf081ff4400edf6efc7582cb3ee006ef06f611815,edit_personal_details,edit_personal_details,True,0.49849999777507037,False
3009,a7e720da604187be0f9fa681e19a97dc1db94769ef4301b9fab258f4cbc088c4,verify_my_identity,verify_my_identity,True,0.5583999954978935,False
2196,2c0d1e70e4b3badb94cbcb6d3a99d8c4970a96ba46f010524486db7ddc16678c,beneficiary_not_allowed,balance_not_updated_after_bank_transfer,False,0.2519999979995191,False
850,c1e580d222bbcb23d77296bca5c9f1d1725241a3318a24f767539146b4de0776,transfer_not_received_by_recipient,transfer_not_received_by_recipient,True,0.27150000096298754,False
2186,331d354552aa357f413d1809b9b816432cc7132c193b178670a0f4e2933c4acc,beneficiary_not_allowed,beneficiary_not_allowed,True,0.7583999977214262,False
2067,52da57c98065a6855961f32a23cfd250e0501fe5a475b22cb3c22b67ec69e451,transfer_timing,transfer_timing,True,0.3934999986086041,False
372,7e247e6fa01b3c223e9bafcc25b4924639e8efbce808a7475ba5cfb514e0c207,card_not_working,card_not_working,True,0.26249999791616574,False
432,65535656c76aa872ff65a02a4bb07b4ec7bfc6d7c67567291c798897c8c26592,exchange_via_app,exchange_via_app,True,0.3316999936942011,False
2751,6aa8bb05ce26d530d2eef6b117321fc3447030e205361a3c75a56fcdba4b6256,cash_withdrawal_not_recognised,cash_withdrawal_not_recognised,True,0.49620000208960846,False
2773,06bbcfda8f6b91d93593f6d8422cce84f1ea44b9520f416bcd91fdcee09ba672,exchange_charge,exchange_charge,True,0.262400004430674,False
1514,538d439d93749596400596d83a254c0092f1b02cdc1454a5e1eb5b1a470a0300,direct_debit_payment_not_recognised,direct_debit_payment_not_recognised,True,0.37259999953676015,False
1456,59f068e682611e89282a2e42a7ef3f7ad2bde21335f13bc817c9086ce5bae153,atm_support,atm_support,True,0.19669999892357737,False
2290,7171078011704dbb7c3159c4d350991f639925dd99787dc2829b624225c17f02,failed_transfer,beneficiary_not_allowed,False,0.40389999776380137,False
2104,47847dd138394fac9bb5c421a65e7333938c23d387b66ef36fd0380f4cc4d566,reverted_card_payment?,reverted_card_payment?,True,0.2587999988463707,False
2673,4c92e051b1fe9b909759989db7ce2423c24789085e3c967cbbcf8775c0b24718,top_up_failed,top_up_failed,True,0.20570000197039917,True
258,dc809ca7e9777f056696558acd937827e009c7fcb791cec63761ff386d92e807,fiat_currency_support,fiat_currency_support,True,0.1790000023902394,False
3006,13b712eb09f2264799e6d345e8d954b559e0511bf5b5129e2bc27eab7241e953,verify_my_identity,verify_my_identity,True,0.225499999942258,False
527,a32630c6ae899d3eb2b665a97f3b61d0ccf838af0c0f8b61154066b6166cd8d0,pin_blocked,card_not_working,False,0.3749999959836714,False
2545,dada2295f33579c393e83ef24abb3a0b3a8c53b0047461d6d06dd20eff6b8913,virtual_card_not_working,card_not_working,False,0.40010000520851463,False
692,8c7740addae66a321ef554d20509daf7d410391eef2829e3dedac186bcf8ef4a,cancel_transfer,cancel_transfer,True,0.35349999961908907,False
1326,16d89444c5419754bdcfb175672ddbd2b08ee278bce5616feaa23d8ff864d445,topping_up_by_card,apple_pay_or_google_pay,False,0.27150000096298754,False
1481,cacd93434c334e74968810f591b3137e1aae0b4c28ff04d29dd8d8a656f6bb47,direct_debit_payment_not_recognised,direct_debit_payment_not_recognised,True,0.2961999998660758,False
370,d1b670d3f985b9bc9f038b0677dde0689f60368043437e702c84c22a3037d550,card_not_working,card_linking,False,0.2885000067180954,False
2610,9b45ec78d226803ca6be0fe007fd2bcd3b8c96405a04b936b4772dc9041583c1,get_disposable_virtual_card,get_disposable_virtual_card,True,0.27260000206297264,False
2961,f755b2f6fd563a72014ce80eef7b0e25d327427d42a66efd14cf25d16ed058fd,apple_pay_or_google_pay,apple_pay_or_google_pay,True,0.3297000002930872,False
66,848da931b4897493d7efb08f9d87a7fcaa691dbb38666e45a16944f615e974ef,card_linking,card_linking,True,0.2742000069702044,False
1758,1d8f63350c70205c509d5175a071b675692d5b741d64acdddec5812e76cf0d6a,declined_transfer,declined_card_payment,False,0.717100003384985,False
1728,689b97230053e244c2f50155b8fcc8cd87a2fa995566d99d841da984d4de8612,declined_transfer,declined_transfer,True,0.6043000030331314,False
2323,9f805beaf67be8a4192506091ede9828d6c9dcbd345956e2eab0f6cba7388a1e,transfer_into_account,top_up_failed,False,0.45339999633142725,False
2975,6d16c805112ce3cc3e46368988ff0ad1d07cca634a4eca3da4e41293c7399afa,apple_pay_or_google_pay,apple_pay_or_google_pay,True,0.30279999919002876,False
2893,4a71f1c514cb13c7cb73bda0fa2c52250e0f98a5a11ab91b88e55edd52e8e1f3,cash_withdrawal_charge,cash_withdrawal_charge,True,1.1094000001321547,False
2977,3be489f1c63e04ba745169a046af7295a837676a75310b9e691079a70e88f95d,apple_pay_or_google_pay,apple_pay_or_google_pay,True,0.25100000493694097,False
1957,49019e5ca383f47587e2ac4d4d52906d3f290ff66a63fd8a0068df8b689f9cce,card_swallowed,declined_cash_withdrawal,False,0.3158000035909936,False
2479,d5595ef206a488145af888c3b1f6af1aa6730712303940e0c81500f651174033,top_up_by_cash_or_cheque,supported_cards_and_currencies,False,0.17269999807467684,False
2,f3b7b46e7249c36b65cc5734dfcdf78d1446ee55aaf68600d8fd8b77a114565e,card_arrival,cash_withdrawal_not_recognised,False,0.3446000046096742,False
995,effaad0cfa99e83fa18dac0719a91e008328911f76e07f2ad15a24609d4dd881,card_acceptance,card_acceptance,True,0.22509999689646065,False
2318,e52f45e79542760a31995235ea1bdb0b3b987e309e7e1d740aa42f2318b5467a,failed_transfer,failed_transfer,True,0.39229999674716964,False
955,68764e75ffaa6de7b638810694f98d351b1d3d827fb557fcf855165148e57f00,getting_virtual_card,getting_virtual_card,True,0.2479999966453761,False
192,c825600f6eaf415fe6bcde550feef8f1a2caec490cf6861e1b709c3677a91675,extra_charge_on_statement,extra_charge_on_statement,True,1.1318999968352728,False
2766,2405b1c5735c318afbe22771adaa31f67061a509e286b13ae37e24c3ccfb1cab,exchange_charge,exchange_charge,True,0.5537999968510121,False
2420,2c0b33e3adc3821cbd6308234171b62d7f308b9519f6b150deae5e3846f52aa6,getting_spare_card,getting_spare_card,True,0.7034000009298325,False
2075,04597c80df8988de6c2c90684e0ca1f26a2dabdceec17ccd58e89a23524bf30e,transfer_timing,transfer_timing,True,0.5160000000614673,False
1425,6e8d9b0b74ad67e997513fc999fc7edcd88845f3a2fcd085bfded0a31e3e9c73,compromised_card,transfer_into_account,False,0.23829999554436654,False
2735,83c4fea0a54596e05dfc740dc756e1a03925580103ab178190eacb34a0427dcc,cash_withdrawal_not_recognised,cash_withdrawal_not_recognised,True,0.555599996005185,False
2719,288a6e8fec7114262960eeb74e039d98073c440ce863da0cbeafef3120179f00,balance_not_updated_after_bank_transfer,balance_not_updated_after_bank_transfer,True,0.3837000040221028,False
39,2bbb0ef295e27b831ff540a4267d32a6ea5927fad0ea109714b6957df4fc60df,card_arrival,card_arrival,True,0.39060000563040376,False
6,3e5d4eed58d44b562141c31549e224d69146f61dc73e16e8fa5a8a948557f308,card_arrival,card_arrival,True,0.44799999886890873,False
1741,6fd91f94ddef072f00614c7852f910c1be94dbfcf5a97314838307f89e79f0e1,declined_transfer,declined_transfer,True,0.4700999998021871,False
1030,618ba9164548ca7e79837ad68eb204e6b781c684b859368e8e3d33f18d26b81d,top_up_reverted,top_up_reverted,True,0.3264999977545813,False
1457,46bd8a4c80da6d32cdb06de5d97a0cc79e65c0bf487ca1cc6997dc8d28fb4161,atm_support,atm_support,True,0.2592000018921681,False
2980,67f473e6deef6db891250074ea9e70c90840cfc62cc01c8031cb7416b1ac4471,apple_pay_or_google_pay,apple_pay_or_google_pay,True,0.290899995889049,False
684,69fa75da40c0f395df5f7415cecfd1fa5bc6dfa4b4cde958b6918b8b42749f6c,cancel_transfer,cancel_transfer,True,0.25179999647662044,False
986,eab327243a2d763b5922be8ed856006a3c17dbcc461fa3d821049d539126d5bc,card_acceptance,card_acceptance,True,0.19890000112354755,False
412,bc731dd2149e290a7e58785518176115864b487bb7e59e8b95535eb76d4557f2,exchange_via_app,exchange_via_app,True,0.4349999944679439,False
900,45a803616fdb80c5c8f26dd025895a6a81cfd5715b4876f1b7d0531508680464,supported_cards_and_currencies,supported_cards_and_currencies,True,0.3037999995285645,False
735,41a0cc1b8562e3ad274a1bb19d5b3e6b5d531ed80cf1394c000cacb31d055be6,top_up_limits,top_up_limits,True,0.26869999419432133,False
852,886a31ee3f7e1c66cca198f3238abc9b6eae433ec80de6704073a68ed7f8e353,transfer_not_received_by_recipient,failed_transfer,False,0.12960000458406284,False
2553,0c523b33d1eb8fefd95caff3d9e8f77f98ecc7f0c0f53a0f065dc76d96bf7d1b,virtual_card_not_working,declined_card_payment,False,0.36440000258153304,False
708,cdce2e8b98a8f68e841d0bda057f77a3f9595a8d068ac58783a10df3f8c8ef66,cancel_transfer,cancel_transfer,True,0.20400000357767567,False
3067,94c8984735b84c157c1c872b2df6a4565803340b7313e168de1438d0e0b1a9f1,country_support,country_support,True,0.2747999969869852,False
1181,735780cf1b6f98d7339123ea059171df4f9e7bc116f728807bbe987c17cccd10,why_verify_identity,why_verify_identity,True,0.33320000511594117,False
2409,8efc470016d7eebe0a1a6ecf2a3ffb45e9afee6505da2b1d80bf426e6db34f0e,getting_spare_card,getting_spare_card,True,0.24470000062137842,False
2578,3d4a46f1e9717ff419b4f2d55f32da273d80361de3a687620e4203a465870e36,wrong_exchange_rate_for_cash_withdrawal,wrong_exchange_rate_for_cash_withdrawal,True,0.3875999973388389,False
1970,20ba9116c4e14f0f5db07b0e50aa726b984df961312227a559ad524dfcb97cb4,transaction_charged_twice,transaction_charged_twice,True,0.29770000401185825,False
972,5219f949e4d3cf94b0b7e2afae0c916da9d7fc36a92fa1d13a0a5236677b3c1b,card_acceptance,card_not_working,False,0.2412999965599738,False
102,d0e1dd32a4f6f93340200aa3645810604d85574dcb4853073c599475b774fada,exchange_rate,exchange_rate,True,0.18169999384554103,False
2265,82b1ac68cfaa6b3e5ffd5d126b14febf3a49f5da8f11bede9f3c7ae6d085cc4f,receiving_money,receiving_money,True,0.22680000256514177,False
1107,4698668cdff2c9045a308af8bfbd155b9a73f24be6c08639abc27ba5766d9641,card_payment_not_recognised,extra_charge_on_statement,False,0.27709999994840473,False
771,add2e0f3cce7061ed3d00b40515971803d75451b9500631f13763692165a12ab,wrong_amount_of_cash_received,wrong_amount_of_cash_received,True,0.35940000088885427,False
236,492531c81ad915f0b87bcb4a380e773acef52f5cfe596cbdcf8c405524391deb,pending_cash_withdrawal,cash_withdrawal_charge,False,0.40380000427830964,False
400,c3c2dd774ae317152b81f7752a06ff012e80064b0dd228144e0b193811364d98,exchange_via_app,exchange_via_app,True,0.22799999715061858,False
2160,d1a609ac1be35b281535a35246258781aedf7ae16292aeced314eafd355c4189,beneficiary_not_allowed,failed_transfer,False,0.5192000025999732,False
2782,6dbd37d678e87f053907a31d0b96ad740622e9fcbdcde5b21eb4410073692485,exchange_charge,exchange_charge,True,0.2542000001994893,False
2359,83ac991a2d7881ae335522892c9f6a930eff3a6d77e4c28079c445c5db9e170f,transfer_into_account,transfer_into_account,True,0.3225999971618876,False
2664,df4d4a0dd9ee883ec31e71dc821b586d53d255eea80789d397bca0a190ca87e3,top_up_failed,top_up_failed,True,0.34980000054929405,False
1647,7e270d9e3564b19d7f44d516ab56dea523b1c06ad52ee88e3b22b2ddbed9cc51,lost_or_stolen_phone,lost_or_stolen_phone,True,0.45590000081574544,False
2816,8653b08449573214cbdb86676ef7daab8a2d5d48ae591c32170a7ae7e2f7e70e,top_up_by_card_charge,top_up_by_card_charge,True,0.301499996567145,False
2743,21a40f872a0966cfcda14870e15c3b087ddfa60d3c2ff4ba2287448f6ad3fd84,cash_withdrawal_not_recognised,cash_withdrawal_not_recognised,True,0.38720000156899914,False
1064,a30cf947bb5e5caa788336928b2fe3f79b8640af3a36db3496ec406196619c0c,balance_not_updated_after_cheque_or_cash_deposit,balance_not_updated_after_cheque_or_cash_deposit,True,0.3502000035950914,False
119,a53e422dd89b1c69b55407dbfbdc9ec8c5f031224ef2047a56ffdd36fc543cb5,exchange_rate,exchange_rate,True,0.2775999964796938,False
1895,4ee06f8db813bea1e5a45fa72354e77a6f80381a70f02a355efa6eb28e951a8c,terminate_account,terminate_account,True,0.33010000333888456,False
3075,4a498961788ac346ee6c7589414b50959745d358bf6c26ed1d1972bc3ba47153,country_support,country_support,True,0.4489999992074445,False
2095,bef4c20c382fd89a0284e75ece65326ee3a17805b3f58e86d39c9b3b34a0aa4d,reverted_card_payment?,reverted_card_payment?,True,0.3175000019837171,False
1374,801a2e61c857d7dfc883fac56c364e7be26935eaacf37b15fd9d30bdbefc8e95,disposable_card_limits,disposable_card_limits,True,0.3423000016482547,False
2900,ce0cfaee587d713150be4c9c8249da9a9cbce5dbaade0018d8fa2436ada765ac,cash_withdrawal_charge,cash_withdrawal_charge,True,0.30479999986710027,False
801,4274bc367d25f686fe78566db0b714bdf0ead6d89a0988784fa2eeba06923c7d,card_payment_fee_charged,card_payment_fee_charged,True,0.4321000014897436,False
2550,2e8d718a81e4d5bdc9d8c33d11634ea2d8854289fad4b93bbbada09e12f4d23a,virtual_card_not_working,get_disposable_virtual_card,False,0.32300000020768493,False
1441,6b8d513943525bb33e16c70ced916c74bbc98177bd19d0fa4e1549df6d0d42c8,atm_support,atm_support,True,0.2206999997724779,False
1820,28e77227a6f28d8bf86febc97b5a2798391c0668ba153c593d7e3e6994411b03,declined_card_payment,declined_card_payment,True,0.32610000198474154,False
387,05a9251436204ee9e2e07f912b6aeb5d1ba89dc887f461c1d3e4b97ada4078cf,card_not_working,card_not_working,True,0.29550000181188807,False
876,5a5c2b37eefbac427d2a4fda2d9de6d1ed4eec558656e567ee6504c01b35ec21,transfer_not_received_by_recipient,transfer_not_received_by_recipient,True,0.5526000022655353,False
130,68053e1946c3a8f5bcfcae6bb51b115559c94dd0192b3927fb870294e423ef60,card_payment_wrong_exchange_rate,card_payment_wrong_exchange_rate,True,0.5042999982833862,False
2821,cb81127f65e334901482cfb8b7017f7de6cfa23b73c7c0006b81efa0ceb322c8,top_up_by_card_charge,top_up_by_card_charge,True,0.3223000021534972,False
1147,b439ceb56d2becac8b80a9eb03f709dedbc061a24023b14933e14f08c1c2fff0,edit_personal_details,edit_personal_details,True,0.2029999959631823,False
2250,3f9b03875cf2436da674471188a4ce525baf01ef533a1b53a8923cdd09a7c76b,receiving_money,receiving_money,True,0.5924000070081092,False
2815,797455267676478a235a142a8b4f5d98b4f3b975a820e5492d91be029d3926e8,top_up_by_card_charge,top_up_by_card_charge,True,0.3891000014846213,False
